NAME,ORGAN_NAME,ADDRESS,ADDRESS2,CITY,STATE,COUNTY,ZIPCODE,PHONE,XCOORD,YCOORD,IS_CHAIN
AIDS HEALTHCARE FOUNDATION DBA AHF PHARMACY,,"1701 K STREET, NW",SUITE 400,Washington,DC,,None,202-293-8695,396635.880000000004657,137217.279999999998836,0
APEX CARE PHARMACY,,3839 MINNESOTA AVE NE, ,Washington,DC,,None,202-388-1900,404304.669999999983702,136115.850000000005821,0
APEX CARE SPECIALTY PHARMACY,,210 MICHIGAN AVE NE, ,Washington,DC,,None,202-265-2200,399613.919999999983702,140209.209999999991851,0
ALPHA PEOPLES DRUGS,,"1638 R STREET, NW",SUITE 1,Washington,DC,,None,202-265-7979,396697.320000000006985,138280.779999999998836,0
AMERICAN ICT CORP DBA STERLING PHARMACY,,1647 BENNING ROAD NE,SUITE 101,Washington,DC,,None,202-399-7877,401741.090000000025611,136819.580000000016298,0
BRIDGEPOINT CONTINUING CARE - NATIONAL HARBORSIDE HOSPITAL,,4601 MARTIN LUTHER KING JR AVE SW, ,Washington,DC,,None,703-772-9272,398851.559999999997672,128563.290000000008149,0
BRIDGEPOINT CONTINUING CARE HOSPITAL - CAPITOL HILL,,"223 7TH STREET, NE", ,Washington,DC,,None,202-546-5700,400362.049999999988358,136135.720000000001164,0
BRIDGEPOINT CONTINUING CARE - NATIONAL HARBORSIDE HOSPITAL,,4601 MARTIN LUTHER KING JR. AVENUE SW, ,Washington,DC,,None,20257457005711,398851.559999999997672,128563.290000000008149,0
BRIDGEPOINT CONTINUING CARE HOSPITAL - CAPITOL HILL,,223 SEVENTH STREET NE, ,Washington,DC,,None,20254657002161,400362.049999999988358,136135.720000000001164,0
CAPSULE PHARMACY,,1705 DESALES STREET NW, ,Washington,DC,,None,888-685-9515,396621.729999999981374,137458.220000000001164,0
CENTRAL PHARMACY LLC,,2202 MARTIN LUTHER KING JR AVE SE, ,Washington,DC,,None,202-678-6010,400900.390000000013970,132985.160000000003492,0
CHILDREN'S NATIONAL MEDICAL CENTER PHARMACY,,111 MICHIGAN AVE NW, ,Washington,DC,,None,202-476-4244,398807.600000000034925,139978.019999999989523,0
CVS PHARMACY #10685,,675 K  STREET NW, ,Washington,DC,,None,401-765-1500,398151.850000000034925,137214.339999999996508,1
CVS PHARMACY #1354,,2601 CONNECTICUT AVE NW, ,Washington,DC,,None,401-765-1500,395549.489999999990687,139550.369999999995343,1
CVS PHARMACY #2733,,1601 17TH ST NW, ,Washington,DC,,None,401-770-8836,396682.559999999997672,138165.260000000009313,1
CVS/ PHARMACY #10287,,645 HST NE, ,Washington,DC,,None,401-765-1500,400295.919999999983702,136895.809999999997672,1
CVS/ PHARMACY #7102,,1100 NEW JERSEY AVENUE SE, ,Washington,DC,,None,401-765-1500,399657.929999999993015,134346.720000000001164,1
CVS/PHARMACY #10415,,804 MAINE AVE SW, ,Washington,DC,,None,401-765-1500,397870.179999999993015,134652.640000000013970,1
CVS/PHARMACY #1333,,3601 12TH STREET NE, ,Washington,DC,,None,401-765-1500,400794.919999999983702,140658.860000000015134,1
CVS/PHARMACY #1337,,1403 WISCONSIN AVE NW, ,Washington,DC,,None,401-765-1500,394481.250000000000000,137864.450000000011642,1
CVS/PHARMACY #1338,,661 PENNSYLVANIA AVE SE, ,Washington,DC,,None,401-765-1500,400305.520000000018626,135181.299999999988358,1
CVS/PHARMACY #1341,,1199 VERMONT AVE NW, ,Washington,DC,,None,401-765-1500,397199.520000000018626,137395.160000000003492,1
CVS/PHARMACY #1344,,500 12TH ST SE, ,Washington,DC,,None,401-765-1500,400875.470000000030268,134967.049999999988358,1
CVS/PHARMACY #1346,,5550 CONNECTICUT AVE NW, ,Washington,DC,,None,401-765-1500,393423.729999999981374,144091.339999999996508,1
CVS/PHARMACY #1347,,6 DUPONT CIRCLE NW, ,Washington,DC,,None,401-765-1500,396141.720000000030268,137954.160000000003492,1
CVS/PHARMACY #1351,,1755 COLUMBIA RD NW, ,Washington,DC,,None,401-765-1500,396406.229999999981374,139555.839999999996508,1
CVS/PHARMACY #1353,,3327 CONNECTICUT AVE NW, ,Washington,DC,,None,401-765-1500,395029.940000000002328,140720.010000000009313,1
CVS/PHARMACY #1362,,4309 CONNECTICUT AVE NW, ,Washington,DC,,None,401-765-1500,394493.140000000013970,141894.200000000011642,1
CVS/PHARMACY #1364,,6514 GEORGIA AVE NW, ,Washington,DC,,None,401-765-1500,397598.390000000013970,144618.750000000000000,1
CVS/PHARMACY #1365,,1637 P STREET NW, ,Washington,DC,,None,401-765-1500,396685.280000000027940,137997.779999999998836,1
CVS/PHARMACY #1842,,1275 PENNSYLVANIA AVE NW, ,Washington,DC,,None,401-765-1500,397462.380000000004657,136423.630000000004657,1
CVS/PHARMACY #2104,,5013 CONNECTICUT AVE NW, ,Washington,DC,,None,401-765-1500,393974.820000000006985,143053.300000000017462,1
CVS/PHARMACY #2174,,4555 WISCONSIN AVE NW, ,Washington,DC,,None,401-765-1500,393059.109999999986030,142390.910000000003492,1
CVS/PHARMACY #22,,320 40TH STREET NE, ,Washington,DC,,None,401-765-1500,404555.570000000006985,136132.760000000009313,1
CVS/PHARMACY #2330,,110 CARROLL STREET NW, ,Washington,DC,,None,401-765-1500,398735.590000000025611,145174.769999999989523,1
CVS/PHARMACY #2378,,2226 WISCONSIN AVE NW, ,Washington,DC,,None,401-765-1500,393793.350000000034925,139108.899999999994179,1
CVS/PHARMACY #2817,,1418 P ST NW, ,Washington,DC,,None,401-765-1500,397150.799999999988358,137942.899999999994179,1
CVS/PHARMACY #2847,,2000 PENNSYLVANIA AVE NW, ,Washington,DC,,None,401-765-1500,396029.250000000000000,136945.709999999991851,1
CVS/PHARMACY #4546,,2129 14TH ST NW, ,Washington,DC,,None,401-765-1500,397257.410000000032596,139004.320000000006985,1
CVS/PHARMACY #5674,,3700 NEWARK ST NW, ,Washington,DC,,None,401-765-1500,393641.239999999990687,140744.570000000006985,1
CVS/PHARMACY #7074,,2240 M ST NW, ,Washington,DC,,None,401-765-1500,395711.500000000000000,137467.839999999996508,1
CVS/PHARMACY #7174,,1200 1ST ST NE, ,Washington,DC,,None,401-765-1500,399453.619999999995343,137580.510000000009313,1
CVS/PHRMACY #2787,,3642 GEORGIA AVE NW, ,Washington,DC,,None,401-765-1500,397878.910000000032596,140854.660000000003492,1
CAPITAL CARE PHARMACY,,3845 PENNSYLVANIA AVE SE, ,Washington,DC,,None,202-885-9474,404244.799999999988358,133019.679999999993015,0
CEDAR HILL REGIONAL MEDICAL CENTER,,1200 PECAN ST SE, ,Washington,DC,,None,202-715-5037,400492.989999999990687,131447.160000000003492,0
COMMUNITY OF HOPE PHARMACY,,2120 BLADENSBURG ROAD NE, ,Washington,DC,,None,806-324-5400,402491.130000000004657,139057.630000000004657,0
COSTCO PHARMACY #1120,,2441 MARKET STREET NE, ,Washington,DC,,None,425-313-2860,404303.720000000030268,139167.799999999988358,0
"DISTRICT OF COLUMBIA CVS PHARMACY, LLC",,1101 NEW YORK AVE NW, ,Washington,DC,,None,401-765-1500,397606.720000000030268,137093.549999999988358,0
"DISTRICT OF COLUMBIA CVS PHARMACY, LLC DBA CVS PHARMACY #1360",,2724 MARION BARRY AVENUE SE, ,Washington,DC,,None,401-765-1500,402804.650000000023283,132509.790000000008149,0
"DISTRICT OF COLUMBIA CVS PHARMACY, LLC DBA CVS PHARMACY #11231",,15 I ST. SE, ,Washington,DC,,None,401-765-1500,399293.140000000013970,134584.160000000003492,0
"DISTRICT OF COLUMBIA CVS PHARMACY, LLC DBA CVS/ PHARMACY #17333",,3100 14TH STREET NW, ,Washington,DC,,None,401-765-1500,397140.040000000037253,140158.410000000003492,0
DUPONT CIRCLE PHARMACY,,1506 21ST STREET NW,STE 100,Washington,DC,,None,202-818-8070,395935.900000000023283,138011.630000000004657,0
DISTRICT OF COLUMBIA CVS PHARMACY DBA CVS/PHARMACY #1355,,"2009- EIGHTH STREET, NW", ,Washington,DC,,None,401-765-1500,398033.109999999986030,138815.589999999996508,0
EXCEL PHARMACY,,3923 SOUTH CAPITOL STREET SW,UNIT # A,Washington,DC,,None,202-652-1776,399255.380000000004657,129356.220000000001164,0
"FORT LINCOLN PHARMACY & MEDICAL EQUIPMENT, LLC",,3180 BLADENSBURG RD NE, ,Washington,DC,,None,202-269-0000,403464.640000000013970,140209.300000000017462,0
G W MEDICAL FACULTY ASSOCIATES PHARMACY,,2150 PENNSYLVANIA AVE NW,G201,Washington,DC,,None,202-741-2218,395788.200000000011642,137086.959999999991851,0
GENOA HEALTHCARE LLC,,801 PENNSYLVANIA AVE SE,SUITE 120,Washington,DC,,None,763-330-5827,400473.970000000030268,135089.140000000013970,0
GEORGE WASHINGTON UNIVERSITY HOSPITAL PHARMACY,,900 23RD ST NW,RM B1018,Washington,DC,,None,202-715-5037,395601.000000000000000,137051.730000000010477,0
GIANT #2376,,1400 7TH STREET NW, ,Washington,DC,,None,717-240-7541,398072.440000000002328,137896.339999999996508,1
GIANT PHARMACY #2381,,300 H STREET NE, ,Washington,DC,,None,717-240-7541,399857.330000000016298,136953.040000000008149,1
GIANT PHARMACY #375,,1050 BRENTWOOD RD NE, ,Washington,DC,,None,717-240-7541,400658.910000000032596,139038.200000000011642,1
GIANT PHARMACY #378,,1345 PARK RD NW, ,Washington,DC,,None,717-240-7541,397256.100000000034925,140354.730000000010477,1
GIANT PHARMACY #384,,1535 ALABAMA AVE SE, ,Washington,DC,,None,717-240-7541,401647.460000000020955,130789.949999999997090,1
GRUBB'S PHARMACY SE INC,,1800 MLK JR AVE SE, ,Washington,DC,,None,202-503-3610,401036.419999999983702,133305.380000000004657,0
GEORGE WASHINGTON UNIVERSITY INVESTIGATIONAL DRUG SERVICE PHARMACY,,2150 PENNSYLVANIA AVENUE NW,SUITE 6A-404,Washington,DC,,None,202-741-3624,395788.200000000011642,137086.959999999991851,0
HARRIS TEETER #352,,1201 1ST ST NE, ,Washington,DC,,None,513-782-1090,399513.609999999986030,137563.899999999994179,0
HARRIS TEETER PHARMACY #231,,1631 KALORAMA RD NW STE 100,STE 100,Washington,DC,,None,513-782-1090,396664.710000000020955,139344.489999999990687,0
HARRIS TEETER PHARMACY #383,,401 M STREET SE, ,Washington,DC,,None,513-762-1090,399991.820000000006985,134265.149999999994179,0
HSC PEDIATRIC CENTER PHARMACY,,1731 BUNKER HILL RD NE, ,Washington,DC,,None,202-635-6164,401643.809999999997672,141497.679999999993015,0
HEALING TOUCH PHARMACY #3,,"3415 23RD STREET, SE", ,Washington,DC,,None,202-506-1948,402493.070000000006985,131081.369999999995343,0
HOWARD UNIVERSITY HOSPITAL CORP.,,2041 GEORGIA AVE NW, ,Washington,DC,,None,202-865-4479,398185.739999999990687,138881.730000000010477,0
HOWARD UNIVERSITY INVESTIGATIONAL DRUG SERVICES,,SEELY  G. MUDD BUILDING/ 520 W STREET NW,ROOM 3031/32 AND 3033/34,Washington,DC,,None,202-865-7229,398259.630000000004657,138998.250000000000000,0
KAISER PERMANENTE CAPITOL HILL PHARMACY,,700 2ND ST NE,STE L18,Washington,DC,,None,443-280-7365,399657.880000000004657,136821.809999999997672,0
KAISER PERMANENTE NORTHWEST DC PHARMACY,,2301 M STREET NW,STE 200,Washington,DC,,None,443-280-7365,395632.619999999995343,137514.239999999990687,0
KALORAMA CARE PHARMACY,,1841 COLUMBIA RD NW, ,Washington,DC,,None,202-795-9711,396198.820000000006985,139291.540000000008149,0
"LA CLINICA DEL PUEBLO, INC. DBA LA FARMACIA DEL PUEBLO",,2831 15TH STREET NW, ,Washington,DC,,None,806-324-5400,396950.799999999988358,139781.250000000000000,0
MEDSTAR GEORGETOWN UNIVERSITY HOSPITAL PHARMACY,,3800 RESERVOIR RD NW, ,Washington,DC,,None,202-444-1522,393468.940000000002328,138241.619999999995343,1
MEDSTAR NATIONAL REHABILITATION HOSPITAL,,102 IRVING STREET NW, ,Washington,DC,,None,202-877-1731,398843.030000000027940,140295.860000000015134,1
MEDSTAR PHARMACY #5,,106 IRVING ST NW,STE 1200,Washington,DC,,None,410-540-4492,398751.950000000011642,140165.350000000005821,1
MEDSTAR PHARMACY #10,,3800 RESERVOIR RD NW, ,Washington,DC,,None,410-540-4492,393468.940000000002328,138241.619999999995343,1
MEDSTAR WASHINGTON HOSPITAL CENTER,,110 IRVING ST NW,110 IRVING ST NW,Washington,DC,,None,202-877-6747,398583.140000000013970,140184.869999999995343,1
METRO CARE PHARMACY,,6323 GEORGIA AVE NW,SUITE 5,Washington,DC,,None,202-722-0171,397650.130000000004657,144332.450000000011642,0
MORTON 8TH ST. PHARMACY,,724 EAST CAPITOL ST NE, ,Washington,DC,,None,443-928-6513,400418.429999999993015,135800.769999999989523,0
MT. PLEASANT CARE PHARMACY,,3169 MOUNT PLEASANT ST NW, ,Washington,DC,,None,202-387-3100,396713.160000000032596,140329.690000000002328,0
MEDITEC PHARMACY LLC,,1037 BLADENSBURG RD. NE UNIT C-2, ,Washington,DC,,None,202-990-8430,401654.919999999983702,137296.350000000005821,0
MT. PLEASANT CARE PHARMACY,,"3169 MT. PLEASANT STREET, NW", ,Washington,DC,,None,202-387-3100,396713.160000000032596,140329.690000000002328,0
NAI SATURN EASTERN LLC DBA SAFEWAY PHARMACY # 3217,,415 14TH STREET SE, ,Washington,DC,,None,208-395-4303,401231.559999999997672,135117.920000000012806,0
NAI SATURN EASTERN LLC DBA SAFEWAY PHARMACY #1276,,6500 PINEY BRANCH RD NW, ,Washington,DC,,None,208-395-4303,397698.600000000034925,144627.040000000008149,0
NAI SATURN EASTERN LLC DBA SAFEWAY PHARMACY #1445,,2845 ALABAMA AVE SE, ,Washington,DC,,None,208-395-4303,402915.040000000037253,132359.059999999997672,0
NAI SATURN EASTERN LLC DBA SAFEWAY PHARMACY #2737,,490 L ST NW, ,Washington,DC,,None,208-395-4303,398408.100000000034925,137292.769999999989523,0
NAI SATURN EASTERN LLC DBA SAFEWAY PHARMACY #2892,,1100 4TH ST SW,STE 150,Washington,DC,,None,208-395-4303,398511.049999999988358,134420.390000000013970,0
NAI SATURN EASTERN LLC DBA SAFEWAY PHARMACY #2912,,1855 WISCONSIN AVE NW, ,Washington,DC,,None,208-395-4303,394165.739999999990687,138703.580000000016298,0
NAI SATURN EASTERN LLC DBA SAFEWAY PHARMACY #4202,,1747 COLUMBIA RD NW, ,Washington,DC,,None,208-395-4303,396443.130000000004657,139595.559999999997672,0
NAI SATURN EASTERN LLC DBA SAFEWAY PHARMACY #4832,,5545 CONNECTICUT AVE NW, ,Washington,DC,,None,208-395-4303,393508.820000000006985,144079.920000000012806,0
NORTH CAPITOL PHARMACY,,1516 NORTH CAPITOL ST NW, ,Washington,DC,,None,571-309-2816,399188.580000000016298,138031.630000000004657,0
"PHARM-PRO, INC. T/A MORGAN PHARMACY",,3001 P ST NW, ,Washington,DC,,None,202-337-4100,394850.210000000020955,137957.809999999997672,0
PSYCHIATRIC INSTITUTE OF WASHINGTON,,4228 WISCONSIN AVENUE NW,4TH FLOOR,Washington,DC,,None,202-885-5657,393241.820000000006985,141783.360000000015134,0
RAMDASS PHARMACY,,475 INGRAHAM STREET NE, ,Washington,DC,,None,240-464-8218,400083.270000000018626,142874.820000000006985,0
RELIANCE PHARMACY,,4047 MINNESOTA AVE NE, ,Washington,DC,,None,202-398-2800,404539.450000000011642,136466.250000000000000,0
RODMAN'S DISCOUNT DRUGS,,5100 WISCONSIN AVE NW, ,Washington,DC,,None,301-942-9210,392731.380000000004657,143156.399999999994179,0
SEAT PLEASANT DRUGS,,354 EASTERN AVE NE, ,Washington,DC,,None,202-396-3400,407698.630000000004657,136243.830000000016298,0
ST ELIZABETH HOSPITAL PHARMACY,,1100 ALABAMA AVE SE,ROOM 113,Washington,DC,,None,202-299-5160,401006.510000000009313,131162.450000000011642,0
STATE PHARMACY INC,,2041 MARTIN LUTHER KING JR AVE SE,SUITE 100,Washington,DC,,None,301-437-6905,400882.919999999983702,133122.470000000001164,0
SUPER PHARMACY LLC,,1019 H ST NE, ,Washington,DC,,None,202-388-0050,400700.239999999990687,136903.110000000015134,0
TRIPLE ALLIANCE PHARMACY,,1219 BRENTWOOD RD NE, ,Washington,DC,,None,202-704-3350,400928.040000000037253,139142.049999999988358,0
TSCHIFFELY PHARMACY,,2021 K ST NW, ,Washington,DC,,None,703-339-1992,396029.369999999995343,137227.380000000004657,0
UNITY HEALTH CARE INC DBA UNITY HEALTH PHARMACY,,3020 14 STREET NW, ,Washington,DC,,None,806-324-5400,397135.960000000020955,140032.890000000013970,0
UNITY HEALTH CARE PHARMACY CENTRAL DETENTION,,1901 D ST SE, ,Washington,DC,,None,202-425-5043,402049.460000000020955,135066.230000000010477,0
"UNITY HEALTH CARE, INC DBA UNITY HEALTH PHARMACY",,765 KENILWORTH TERRACE NE, ,Washington,DC,,None,806-324-5400,404557.270000000018626,136953.279999999998836,0
"UNITY HEALTH CARE, INC. DBA UNITY HEALTH PHARMACY",,"3020 14TH STREET, NW", ,Washington,DC,,None,806-324-5400,397135.960000000020955,140032.890000000013970,0
VAN NESS PHARMACY LLC DBA: PILL PLUS PHARMACY,,4215 CONNECTICUT AVE NW,STE 1,Washington,DC,,None,202-244-7979,394552.160000000032596,141751.320000000006985,0
"VELIMA PHARMACY, INC.",,"4514 BENNING ROAD, SE","4514 BENNING ROAD, SE",Washington,DC,,None,202-800-6500,405492.790000000037253,135725.450000000011642,0
WAL-MART 10-5968,,5929 GEORGIA AVE NW, ,Washington,DC,,None,870-350-2408,397632.700000000011642,143781.750000000000000,0
WALMART PHARMACY 10-3035,,310 RIGGS RD N.E., ,Washington,DC,,None,870-350-2408,399820.570000000006985,143354.209999999991851,0
WHITMAN-WALKER CLINIC PHARMACY,,1525 14TH STREET NW, ,Washington,DC,,None,806-324-5400,397256.540000000037253,138068.589999999996508,0
"WHITMAN-WALKER CLINIC, INC. DBA WHITMAN-WALKER PHARMACY",,1201 SYCAMORE DRIVE SE, ,Washington,DC,,None,866-724-1805,400858.510000000009313,130768.540000000008149,0
"KINGDOM PHARMACY, LLC",,2910 MARTIN LUTHER KING JR. AVENUE SE, ,Washington,DC,,None,240-246-6671,400298.080000000016298,130877.199999999997090,0
EMERGING LIFE LLC DBA/ HEALING TOUCH PHARMACY #4,,2916 MARTIN LUTHER KING JR. AVENUE SE, ,Washington,DC,,None,202-758-0955,400280.109999999986030,130854.400000000008731,0
GRUBB'S CARE PHARMACY,,326 EAST CAPITOL ST NE, ,Washington,DC,,None,202-503-3262,399932.790000000037253,135805.420000000012806,0
COLUMBIA HEIGHTS PHARMACY,,3316 14TH ST NW, ,Washington,DC,,None,202-548-0008,397141.979999999981374,140320.429999999993015,0
CVS/PHARMACY #2787,,3701 NEW HAMPSHIRE AVENUE NW, ,Washington,DC,,None,202-722-2735,397947.280000000027940,140975.800000000017462,0
NAI SATURN EASTERN LLC DBA SAFEWAY PHARMACY #2808,,3830 GEORGIA AVE NW, ,Washington,DC,,None,208-395-4303,397845.010000000009313,141173.709999999991851,0
"MARY'S CENTER FOR MATERNAL AND CHILD CARE, INC DBA",,3912 GEORGIA AVENUE NW, ,Washington,DC,,None,806-324-5400,397823.059999999997672,141262.619999999995343,0
BELLEVUE PHARMACY,,3939 SOUTH CAPITOL ST SW, ,Washington,DC,,None,301-404-6067,399281.729999999981374,129319.669999999998254,0
"UNITY HEALTH CARE, INC. DBA UNITY HEALTH PHARMACY",,"4414 BENNING ROAD, NE",SUITE 100,Washington,DC,,None,806-324-5400,405336.169999999983702,135949.709999999991851,0
CVS/PHARMACY #1343,,4851 MASSACHUSETTS AVE NW, ,Washington,DC,,None,401-765-1500,391685.210000000020955,142013.380000000004657,0
CVS/PHARMACY #2204,,4859 MACARTHUR BLVD NW, ,Washington,DC,,None,401-765-1500,391721.820000000006985,138770.049999999988358,0
SIBLEY MEMORIAL HOSPITAL PHARMACY,,5255 LOUGHBORO RD NW, ,Washington,DC,,None,202-537-4171,390564.570000000006985,140924.899999999994179,0
"AIDS HEALTHCARE FOUNDATION, DBA AHF PHARMACY",,650 PENNSYLVANIA AVE SE,SUITE 380,Washington,DC,,None,202-350-5005,400262.130000000004657,135282.049999999988358,0
KAISER PERMANENTE CAPITOL HILL INFUSION PHARMACY,,700 2ND ST NE STE 603,STE 603,Washington,DC,,None,443-280-7365,399657.880000000004657,136821.809999999997672,0
SMOKE TEST SPECIALTY RX,,899 NORTH CAPITAL STREET NE, ,Washington,DC,,None,222-222-2222,399268.320000000006985,137017.589999999996508,0
PUBLIX - 00598,PUBLIX SUPER MARKETS INC,8000 MADISON BOULEVARD,SUITE A,MADISON,AL,MADISON,35758,256-461-6467,-86.718345999999997,34.691744900000003,0
CVS - 4815,"ALABAMA CVS PHARMACY, L.L.C.",215 UNITED STATES HIGHWAY 31 SOUTH, ,ATHENS,AL,LIMESTONE,35611,256-233-0514,-86.953233999999995,34.797272800000002,1
LIMESTONE DRUG COMPANY,TENNESSEE VALLEY HEALTHCARE LLC,200 WEST MARKET STREET, ,ATHENS,AL,LIMESTONE,35611,256-232-3811,-86.971312999999995,34.803574200000000,0
KMART,K MART CORP,300 UNITED STATES HIGHWAY 78 EAST, ,JASPER,AL,WALKER,35501,205-387-1463,-87.272756000000001,33.851987999999999,0
WALGREENS - 10966,WALGREEN CO,201 UNITED STATES HIGHWAY 31 NORTHWEST, ,HARTSELLE,AL,MORGAN,35640,256-773-4377,-86.943083999999999,34.442995799999998,1
WALGREENS - 9976,WALGREEN CO,1127 6TH AVENUE SOUTHEAST, ,DECATUR,AL,MORGAN,35601,256-355-4495,-86.980920999999995,34.589943800000000,1
CVS - 4844,"ALABAMA CVS PHARMACY, L.L.C.",812 BELTLINE ROAD SOUTHWEST, ,DECATUR,AL,MORGAN,35601,256-355-8465,-86.999532000000002,34.560767900000002,1
FOWLER DRUG COMPANY,DUNLAP DRUG CO INC,302 PINE STREET NORTHWEST, ,HARTSELLE,AL,MORGAN,35640,256-773-5421,-86.937168000000000,34.445295299999998,0
RITE AID - 7045,HARCO INC,2202 DANVILLE ROAD SOUTHWEST, ,DECATUR,AL,MORGAN,35601,256-353-7131,-87.011257000000001,34.572866099999999,0
PAY LESS EXPRESS 2 HEALTH MART PHARMACY,"PAYLESS PHARMACY EXPRESS #2, INC",1517 WEST MOULTON STREET, ,DECATUR,AL,MORGAN,35601,256-355-1815,-87.008447000000004,34.603868800000001,0
MED SURG HEALTH MART PHARMACY,MED-SURG PHARMACY INC,2828 6TH AVENUE SOUTHEAST, ,DECATUR,AL,MORGAN,35603,256-355-2828,-86.972352000000001,34.552985800000002,0
PUBLIX - 01074,PUBLIX SUPER MARKETS INC,4730 HIGHWAY 17, ,HELENA,AL,SHELBY,35080,205-620-0292,-86.854112999999998,33.279993699999999,0
WALGREENS - 5861,WALGREEN CO,3107 LURLEEN B WALLACE BOULEVARD, ,NORTHPORT,AL,TUSCALOOSA,35476,205-333-9343,-87.576098000000002,33.237980600000000,1
WALGREENS - 11180,WALGREEN CO,1700 2ND AVENUE SOUTHWEST, ,CULLMAN,AL,CULLMAN,35055,256-734-7188,-86.834180000000003,34.158745600000003,1
WELLS TURNER FAMILY PHARMACY,HOLLAND DRUG CO INC,1704 CHEROKEE AVENUE SOUTHWEST, ,CULLMAN,AL,CULLMAN,35055,256-734-1935,-86.836145000000002,34.157575899999998,0
RITE AID - 7026,HARCO INC,4501 VALLEYDALE ROAD, ,BIRMINGHAM,AL,SHELBY,35242,205-995-0403,-86.738017999999997,33.384074699999999,0
FRED'S - 1675,FREDS STORES OF TENNESSEE INC,4150 FLORENCE BOULEVARD, ,FLORENCE,AL,LAUDERDALE,35634,256-757-3855,-87.580219000000000,34.844706199999997,0
FRED'S - 1875,FREDS STORES OF TENNESSEE INC,3056 ALLISON BONNETT MEMORIAL DRIVE, ,BESSEMER,AL,JEFFERSON,35023,205-491-4464,-86.982718000000006,33.450817800000003,0
FRED'S - 2350,FREDS STORES OF TENNESSEE INC,165 BESSEMER SUPER HIGHWAY, ,MIDFIELD,AL,JEFFERSON,35228,205-923-4522,-86.914249999999996,33.463242899999997,0
FRED'S - 2758,FREDS STORES OF TENNESSEE INC,16100 UNITED STATES HIGHWAY 72, ,ROGERSVILLE,AL,LAUDERDALE,35652,256-247-6830,-87.296373000000003,34.823988000000000,0
FRED'S - 3175,FREDS STORES OF TENNESSEE INC,9574 STATE HIGHWAY 18, ,VERNON,AL,LAMAR,35592,205-695-1195,-88.114373000000001,33.753466400000001,0
ADVANCED INSULIN MANAGEMENT,"JES ENETERPRISES,LLS",1400 URBAN CENTER DRIVE,SUITE 100,VESTAVIA HILLS,AL,JEFFERSON,35242,205-380-5497,-86.704836000000000,33.481416699999997,0
WAL-MART SUPERCENTER - 394,WAL-MART STORES EAST LP,15445 STATE HIGHWAY 24, ,MOULTON,AL,LAWRENCE,35650,256-974-1597,-87.276968999999994,34.495583400000001,1
WAL-MART SUPERCENTER - 2306,WAL-MART STORES EAST LP,5710 MCFARLAND BOULEVARD, ,NORTHPORT,AL,TUSCALOOSA,35476,205-333-7873,-87.615212999999997,33.236247300000002,1
RITE AID - 7003,HARCO INC,220 FOREST ROAD, ,HUEYTOWN,AL,JEFFERSON,35023,205-491-1894,-86.985856999999996,33.450010599999999,0
CVS - 4951,"ALABAMA CVS PHARMACY, L.L.C.",3303 CLAIRMONT AVENUE SOUTH, ,BIRMINGHAM,AL,JEFFERSON,35222,205-322-3055,-86.780917000000002,33.513119600000003,1
ADAMSVILLE PHARMACY,BROOKLERE INVESTMENT COMPANY,3633 GRAY AVENUE, ,ADAMSVILLE,AL,JEFFERSON,35005,205-674-1400,-86.937183000000005,33.589196600000001,0
CHILDRENS HEALTH SYSTEM PHARMACY,THE CHILDREN'S HOSPITAL OF ALABAMA,1600 7TH AVENUE SOUTH, ,BIRMINGHAM,AL,JEFFERSON,35233,205-939-9641,-86.805203000000006,33.503985900000004,0
GREEN VALLEY DRUG COMPANY,"GREEN VALLEY DRUGS CO., INC.",1915 HOOVER COURT, ,HOOVER,AL,JEFFERSON,35226,205-822-1151,-86.808336999999995,33.402018900000002,0
TARGET,TARGET CORPORATION AND SUBSIDIARIES,3489 LOWERY PARKWAY, ,FULTONDALE,AL,JEFFERSON,35068,205-453-6033,-86.805608000000007,33.606007400000003,1
TRI COUNTY TREATMENT CENTER,"METRO TREATMENT OF ALABAMA, LP",1101 EAST PARK DRIVE, ,BIRMINGHAM,AL,JEFFERSON,35235,205-836-3345,-86.680732000000006,33.587861400000001,0
RITE AID - 7010,HARCO INC,4689 CENTER POINT ROAD, ,PINSON,AL,JEFFERSON,35126,205-680-2751,-86.681008000000006,33.694796099999998,0
MEDTOWN PHARMACY,MEDTOWN INC,221 20TH STREET NORTH, ,BIRMINGHAM,AL,JEFFERSON,35203,205-320-3296,-86.806427999999997,33.516221100000003,0
PROFESSIONAL HEALTH MART PHARMACY,"PROFESSIONAL DISCOUNT PHARMACY OF JASPER, AL., INC.",2001 NORTH AIRPORT ROAD, ,JASPER,AL,WALKER,35504,205-221-4564,-87.266621000000001,33.870151300000003,0
SAM'S CLUB - 8247,SAMS EAST INC,201 LAKESHORE PARKWAY, ,HOMEWOOD,AL,JEFFERSON,35209,205-941-0376,-86.819717999999995,33.447531300000001,0
U-SAVE PHARMACY,U SAVE PHARMACIES LLC,1680 MONTGOMERY HIGHWAY, ,HOOVER,AL,JEFFERSON,35216,205-979-1427,-86.807010000000005,33.390968100000002,0
FRED'S - 2790,FREDS STORES OF TENNESSEE INC,13150 UNITED STATES HIGHWAY 43, ,RUSSELLVILLE,AL,FRANKLIN,35653,256-331-5031,-87.731666000000004,34.486592299999998,0
CVS - 4834,"ALABAMA CVS PHARMACY, L.L.C.",101 AIRPORT ROAD NORTH, ,JASPER,AL,WALKER,35504,205-387-0572,-87.266999999999996,33.848877999999999,1
GLOVER DRUG,GLOVER DRUG URGENT CARE NW,2708 STATE HIGHWAY 78 EAST, ,JASPER,AL,WALKER,35501,205-387-1800,-87.243894999999995,33.843662600000002,0
PAY LESS HEALTH MART PHARMACY,SAND DRUG INC,1207 MEDICAL DRIVE SOUTHEAST, ,DECATUR,AL,MORGAN,35601,256-353-5011,-86.971694999999997,34.587013200000001,0
WINN-DIXIE - 550,WINN DIXIE STORES INC,104 RIVER SQUARE PLAZA, ,HUEYTOWN,AL,JEFFERSON,35023,205-491-3889,-86.985608999999997,33.452391800000001,1
WINN-DIXIE - 595,WINN DIXIE STORES INC,2910 MORGAN ROAD,MORGAN ROAD SQUARE SUITE 128,BESSEMER,AL,JEFFERSON,35022,205-425-2828,-86.919236999999995,33.335474400000003,1
WINN-DIXIE - 405,WINN DIXIE STORES INC,2220 BESSEMER ROAD,FIVE POINTS WEST SHOPPING CENTER,BIRMINGHAM,AL,JEFFERSON,35208,205-788-1942,-86.878598999999994,33.496229900000003,1
WAL-MART SUPERCENTER - 423,WAL-MART STORES EAST LP,630 COLONIAL PROMENADE PARKWAY, ,ALABASTER,AL,SHELBY,35007,205-663-3411,-86.801156000000006,33.235529100000001,1
WAL-MART SUPERCENTER - 403,WAL-MART STORES EAST LP,13675 UNITED STATES HIGHWAY 43, ,RUSSELLVILLE,AL,FRANKLIN,35653,256-332-7394,-87.728876000000000,34.495350999999999,1
WAL-MART SUPERCENTER - 2723,WAL-MART STORES EAST LP,690 UNITED STATES HIGHWAY 78, ,SUMITON,AL,WALKER,35148,205-648-1968,-87.041836000000004,33.745447599999999,1
ATHENS PHARMACY,EMM DEE DRUG CO INC,705 WEST MARKET STREET, ,ATHENS,AL,LIMESTONE,35611,256-232-2242,-86.978385000000003,34.803189600000003,0
WALGREENS - 9951,WALGREEN CO,9301 STATE HIGHWAY 119 SOUTH, ,ALABASTER,AL,SHELBY,35007,205-664-4584,-86.827793000000000,33.214642099999999,1
WALGREENS - 4846,WALGREEN CO,2301 CENTER POINT PARKWAY, ,BIRMINGHAM,AL,JEFFERSON,35215,205-853-8360,-86.683424000000002,33.646494799999999,1
CVS - 78,"ALABAMA CVS PHARMACY, L.L.C.",14695 UNITED STATES HIGHWAY 43, ,RUSSELLVILLE,AL,FRANKLIN,35653,256-332-2869,-87.717702000000003,34.504789600000002,1
RITE AID - 7025,HARCO INC,2101 PELHAM PARKWAY, ,PELHAM,AL,SHELBY,35124,205-985-4995,-86.795203999999998,33.345684700000000,0
LEMOX CLOVERDALE HEALTH MART PHARMACY,LEMOX-CLOVERDALE DRUGS INC,130 9TH STREET SOUTH, ,BESSEMER,AL,JEFFERSON,35020,205-428-4146,-86.958344999999994,33.389156399999997,0
SOUTHERN FAMILY PHARMACY,"SOUTHERN FAMILY MARKETS, LLC",800 LAKESHORE PARKWAY, ,BIRMINGHAM,AL,JEFFERSON,35211,205-912-4934,-86.854230999999999,33.438141500000000,0
CVS - 4904,"ALABAMA CVS PHARMACY, L.L.C.",3030 MONTGOMERY HIGHWAY, ,HOMEWOOD,AL,JEFFERSON,35209,205-871-9672,-86.787805000000006,33.477544500000000,1
ELKMONT PHARMACY,ELKMONT PHARMACY,25462 AL HIGHWAY 127, ,ELKMONT,AL,LIMESTONE,35620,256-732-4565,-86.987236999999993,34.925407499999999,0
FRED'S PHARMACY,"FRED C. SANDLIN, JR.",797 MILITARY STREET SOUTH, ,HAMILTON,AL,MARION,35570,205-921-3193,-87.989683999999997,34.132662199999999,0
CAREPLUS CVS PHARMACY,"PROCARE PHARMACY, LLC.",1521 4TH AVENUE SOUTH,ARLINGTON BUSINESS CENTER,BIRMINGHAM,AL,JEFFERSON,35233,205-290-9577,-86.808149000000000,33.505774299999999,0
THE PHARMACY ON 15TH STREET,"OMS PHARMACY, INC.",607A 15TH STREET EAST, ,TUSCALOOSA,AL,TUSCALOOSA,35401,205-752-0627,-87.528034000000005,33.196705700000003,0
INFUSION PARTNERS,INFUSION PARTNERS LLC,2151 HIGHLAND AVENUE SOUTH,SUITE 360,BIRMINGHAM,AL,JEFFERSON,35205,800-830-2768,-86.791876999999999,33.499826100000000,0
GRIFFIN PHARMACY TRINITY,GRIFFIN INC,860 MONTCLAIR ROAD,SUITE 463,BIRMINGHAM,AL,JEFFERSON,35213,205-595-7820,-86.747217000000006,33.516819200000000,0
WELLNESS PHARMACY,WELLNESS HEALTH AND PHARMACEUTICALS,3401 INDEPENDENCE DRIVE,SUITE 231,BIRMINGHAM,AL,JEFFERSON,35209,205-879-6551,-86.785230999999996,33.473244700000002,0
BRADFORD HEALTH SERVICES,ADDICTION & MENTAL HEALTH SVCS INC,1189 ALLBRITTON ROAD, ,WARRIOR,AL,JEFFERSON,35180,205-647-1945,-86.873911000000007,33.825609200000002,0
VESTAVIA HILLS APOTHECARY,VESTAVIA HILLS APOTHECARY,1062 MONTGOMERY HIGHWAY, ,BIRMINGHAM,AL,JEFFERSON,35216,205-979-4444,-86.789698999999999,33.437565300000003,0
CRITICAL CARE SYSTEMS,"CRITICAL CARE SYSTEMS, INC",4100 COLONNADE PARKWAY,SUITE 175,BIRMINGHAM,AL,JEFFERSON,35243,205-969-1006,-86.735028999999997,33.435869300000000,0
BIRMINGHAM METRO TREATMENT CENTER,"METRO TREATMENT OF ALABAMA, LP",151 INDUSTRIAL DRIVE, ,BIRMINGHAM,AL,JEFFERSON,35211,205-941-1799,-86.850407000000004,33.448748899999998,0
RITE AID - 7014,HARCO INC,1713 UNITED STATES HIGHWAY 31 NORTH,QUAIL RUN SHOPPING CENTER,FULTONDALE,AL,JEFFERSON,35068,205-841-3815,-86.796216999999999,33.611618600000000,0
PLEASANT GROVE DRUGS,PLEASANT GROVE DRUGS INC.,611 PLEASANT GROVE ROAD, ,PLEASANT GROVE,AL,JEFFERSON,35127,205-744-9400,-86.958445999999995,33.493069300000002,0
TARGET,TARGET CORPORATION AND SUBSIDIARIES,4889 PROMENADE PARKWAY, ,BESSEMER,AL,JEFFERSON,35022,205-565-3761,-86.989887999999993,33.334716000000000,1
RITE AID - 7013,HARCO INC,9174 ROEBUCK PARKWAY EAST,ROEBUCK SHOPPING CENTER,BIRMINGHAM,AL,JEFFERSON,35206,205-836-9949,-86.702453000000006,33.588194399999999,0
BARNETT DRUG HEALTH MART PHARMACY,BARNETT DRUGS INC,1661 LEE STREET, ,ROGERSVILLE,AL,LAUDERDALE,35652,256-247-5451,-87.292939000000004,34.825903799999999,0
RITE AID - 7369,HARCO INC,3209 ENSLEY 5 POINTS WEST AVENUE, ,BIRMINGHAM,AL,JEFFERSON,35208,205-786-3455,-86.876002000000000,33.498147400000001,0
FRED'S - 3930,FREDS STORES OF TENNESSEE INC,1386 WALNUT STREET, ,SULLIGENT,AL,LAMAR,35586,205-698-9180,-88.135147000000003,33.900650900000002,0
NORTH MISSISSIPPI MEDICAL CENTER,"MARION REGIONAL MEDICAL CENTER, INC",1256 MILITARY STREET SOUTH, ,HAMILTON,AL,MARION,35570,205-921-6200,-87.990540999999993,34.125966300000002,0
RESPI-CARE INCORPORATED,RESPI-CARE INC.,976 RONNIE MCDOWELL AVENUE, ,RUSSELLVILLE,AL,FRANKLIN,35654,256-332-3222,-87.725736999999995,34.491763599999999,0
FAYETTE PHARMACY,FAYETTE PHARMACY INC,1128 2ND AVENUE NORTHEAST, ,FAYETTE,AL,FAYETTE,35555,205-932-5400,-87.826744000000005,33.699097799999997,0
ARLEY COUNTRY PHARMACY,ARLEY COUNTRY PHARMACY LLC,6168 COUNTY ROAD 41, ,ARLEY,AL,WINSTON,35541,205-295-9290,-87.214984000000001,34.070836499999999,0
CARROLLTON DRUGS,CARROLLTON DRUGS INC,25700 HIGHWAY 17, ,CARROLLTON,AL,PICKENS,35447,205-367-2476,-88.093034000000003,33.275471000000003,0
HOSPITAL DISCOUNT PHARMACY CURRY,BEATY DRUG CO INC,5558 CURRY HIGHWAY,SUITE 9,JASPER,AL,WALKER,35503,205-221-6330,-87.215998999999996,33.944271499999999,0
W D PARTLOW DEVELOPMENTAL CENTER,PARLOW DEVELOPMENTAL CENTER,1700 UNIVERSITY BOULEVARD EAST,HEALTH SERVICES BUILDING,TUSCALOOSA,AL,TUSCALOOSA,35404,205-554-4196,-87.515902999999994,33.210241600000003,0
HOMETOWN PHARMACY,SHOALS FAMILY PHARMACY GROUP INC,609 GANDY STREET NORTHEAST, ,RUSSELLVILLE,AL,FRANKLIN,35653,256-332-7400,-87.720467999999997,34.509663699999997,0
JACKS DISCOUNT HEALTH MART PHARMACY,"JACK'S DISCOUNT PHARMACY, INC.",23010 STATE HIGHWAY 5, ,WEST BLOCTON,AL,BIBB,35184,205-938-9588,-87.143833999999998,33.133971400000000,0
KMART,K MART CORP,7845 CRESTWOOD BOULEVARD, ,IRONDALE,AL,JEFFERSON,35210,205-956-8750,-86.716369000000000,33.529167899999997,0
WELDON HEALTH MART PHARMACY,WELDON PHARMACY INC,1280 HUEYTOWN ROAD, ,HUEYTOWN,AL,JEFFERSON,35023,205-491-2805,-86.994393000000002,33.439515800000002,0
PUBLIX - 01202,"PUBLIX ALABAMA, LLC",365 HUNTLEY PARKWAY, ,PELHAM,AL,SHELBY,35124,205-620-0691,-86.792199999999994,33.274735399999997,0
FRED'S - 1840,FREDS STORES OF TENNESSEE INC,3317 LORNA ROAD, ,HOOVER,AL,JEFFERSON,35216,205-823-4092,-86.796262999999996,33.393640599999998,0
CVS - 4828,"ALABAMA CVS PHARMACY, L.L.C.",3018 ALLISON BONNETT MEMORIAL DRIVE, ,HUEYTOWN,AL,JEFFERSON,35023,205-744-0071,-86.978988000000001,33.451901499999998,1
CAMPBELLS PHARMACY,CAMPBELL PHARMACY,3925 VETERANS MEMORIAL DRIVE, ,ADAMSVILLE,AL,JEFFERSON,35005,205-674-3566,-86.941303000000005,33.593827300000001,0
THE MEDICINE SHOPPE PHARMACY,COBURN INC,2801 LURLEEN B WALLACE BOULEVARD, ,NORTHPORT,AL,TUSCALOOSA,35476,205-339-3993,-87.576288000000005,33.235754900000003,0
PHARMACY AT THE PIG,"PHARMACY AT THE PIG, INC.",4750 EASTERN VALLEY ROAD, ,MC CALLA,AL,JEFFERSON,35111,205-477-1007,-86.999200000000002,33.328365900000001,0
HOMETOWN PHARMACY SERVICES,"HOMETOWN PHARMACY SERVICES, LLC",519 WEST TOWN PLAZA, ,BESSEMER,AL,JEFFERSON,35020,205-426-1922,-86.975937000000002,33.391117800000004,0
ADDISON DISCOUNT HEALTH MART PHARMACY,DEG PHARMACY INC,30910 STATE HIGHWAY 278, ,ADDISON,AL,WINSTON,35540,256-747-6342,-87.175837000000001,34.200122999999998,0
WAL-MART SUPERCENTER - 425,WAL-MART STORES EAST LP,10675 STATE HIGHWAY 5, ,BRENT,AL,BIBB,35034,205-926-6553,-87.171938999999995,32.964024500000001,1
PUBLIX - 01203,"PUBIX SUPER MARKETS, INC.",22031 UNITED STATES HIGHWAY 72, ,ATHENS,AL,LIMESTONE,35613,256-230-2324,-86.929775000000006,34.783839899999997,0
BESSEMER HEALTH CENTER,JEFFERSON HEALTH SYSTEM PHARMACY #3,2201 ARLINGTON AVENUE, ,BESSEMER,AL,JEFFERSON,35020,205-497-3894,-86.945518000000007,33.403268599999997,0
PAYLESS DRUGS,PAYLESS DRUGS,4901 GARY AVENUE, ,FAIRFIELD,AL,JEFFERSON,35064,205-785-4343,-86.915277000000003,33.489125999999999,0
JEFFERSON HEALTH SYSTEM PHARMACY,JEFFERSON HEALTH SYSTEM PHARMACY,1700 AVENUE E,WESTERN HEALTH CENTER - ENSLEY,BIRMINGHAM,AL,JEFFERSON,35218,205-241-5240,-86.895962999999995,33.514885399999997,0
TARA PHARMACY,TARA PHARMACY SE LLC,211 SUMMIT PARKWAY,SUITE 112,HOMEWOOD,AL,JEFFERSON,35209,205-916-0226,-86.830252000000002,33.465946600000002,0
LINCARE,LINCARE INC.,283A CAHABA VALLEY PARKWAY NORTH, ,PELHAM,AL,SHELBY,35124,205-402-7300,-86.784234999999995,33.343550000000000,0
PLAZA DISCOUNT APOTHECARY,"PLAZA DISCOUNT APOTHECARY, INC",1461 SOUTH MAIN STREET, ,GRAYSVILLE,AL,JEFFERSON,35073,205-674-0680,-86.964160000000007,33.612842299999997,0
WINFIELD DRUGS,"WINFIELD HOLDINGS, LLC",186 MEDICAL DRIVE, ,WINFIELD,AL,MARION,35594,205-487-3079,-87.823507000000006,33.930375900000001,0
DAVID'S DISCOUNT PHARMACY AND GIFT SHOP,DAVID'S DISCOUNT PHARMACY & GIFT SHOP INC,385 BRYAN ROAD,SUITE 200,SUMITON,AL,WALKER,35148,205-648-6059,-87.043598000000003,33.745296900000000,0
NORTHGATE PHARMACY,ROBERT L. EDWARD,3522 CLOVERDALE ROAD, ,FLORENCE,AL,LAUDERDALE,35633,256-766-1224,-87.691069999999996,34.854141100000000,0
FOODLAND PHARMACY,KILLEN PHARMACY,1161 HIGHWAY 72, ,KILLEN,AL,LAUDERDALE,35645,256-757-1161,-87.551660999999996,34.857719299999999,0
THE PRESCRIPTION SHOP HEALTH MART PHARMACY,CARROLLTON PRESCRIPTION SHOP INC,194 WILLIAM E HILL DRIVE, ,CARROLLTON,AL,PICKENS,35447,205-367-8942,-88.089850999999996,33.273870600000002,0
HOME TOWN HEALTH MART PHARMACY,HOME TOWN PHARMACY INC,16114 HIGHWAY 216,SUITE A,BROOKWOOD,AL,TUSCALOOSA,35444,205-556-1600,-87.315315999999996,33.261598399999997,0
TOWN AND COUNTRY HEALTH MART PHARMACY,TOWN AND COUNTRY PHARMACY,22747 ALABAMA HIGHWAY 24, ,MOULTON,AL,LAWRENCE,35650,256-905-0030,-87.159743000000006,34.538937400000002,0
MASH MEDICAL,MASH INC,1130 1ST STREET NORTH, ,ALABASTER,AL,SHELBY,35007,205-664-2059,-86.812590999999998,33.256836999999997,0
CENTRAL HEIGHTS PHARMACY INCORPORATED,CENTRAL HEIGHTS PHARMACY INC,11350 HIGHWAY 20, ,FLORENCE,AL,LAUDERDALE,35633,256-766-4200,-87.804608000000002,34.893370300000001,0
FRANKS CARE HEALTH MART PHARMACY,FRANK'S CARE PHARMACY,1207 STATE STREET, ,GREENSBORO,AL,HALE,36744,334-624-7979,-87.592850999999996,32.698251900000002,0
STRICKLAND DRUG HEALTH MART PHARMACY,J AND K DRUG INC,31930 NORTHWEST 1ST AVENUE, ,CARBON HILL,AL,WALKER,35549,205-924-9611,-87.529709999999994,33.889083800000002,0
DISPENSARY EXPRESS PHARMACY,"PHARMACY EXPRESS, INC.",7583 WALL TRIANA HIGHWAY,SUITE B,MADISON,AL,MADISON,35757,256-722-9644,-86.748566999999994,34.807406399999998,0
FRED'S - 1943,FREDS STORES OF TENNESSEE INC,7271 WALL TRIANA HIGHWAY, ,MADISON,AL,MADISON,35757,256-837-5522,-86.748154999999997,34.797373299999997,0
UNIVERSITY OF ALABAMA AT BIRMINGHAM HIGHLAND APOTHECARY,"HEALTHCARE AUTHORITY FOR SOUTHSIDE, AN AFFILIATE OF UAB HEALTH SYSTEM",1201 11TH AVENUE SOUTH, ,BIRMINGHAM,AL,JEFFERSON,35205,205-930-7585,-86.806308999999999,33.494510400000003,0
NORTH ALABAMA RADIOPHARMACY INCORPORATED,NORTH ALABAMA RADIOPHARMACY,2711 EAST 2ND STREET, ,MUSCLE SHOALS,AL,COLBERT,35661,256-383-6309,-87.630911999999995,34.759077599999998,0
NORTH ALABAMA INFUSION AND COMPOUNDING PHARMACY,NORTH ALABAMA INFUSION AND COMPOUNDING PHARMACY,2709 EAST 2ND STREET, ,MUSCLE SHOALS,AL,COLBERT,35661,256-389-9297,-87.631347000000005,34.759052300000000,0
CORAM SPECIALTY INFUSION SERVICES,CORAM HEALTHCARE CORPORATION OF ALABAMA,400 RIVERHILLS BUSINESS PARK,SUITE 435,BIRMINGHAM,AL,SHELBY,35242,205-995-8117,-86.701712999999998,33.427305500000003,0
LINCARE,LINCARE INC.,4910 UNIVERSITY SQUARE NORTHWEST,SUITE 3,HUNTSVILLE,AL,MADISON,35816,256-837-2464,-86.657642999999993,34.743684199999997,0
ACCREDO HEALTH GROUP,ACCREDO HEALTH GROUP INC,2100 RIVERCHASE CENTER,SUITE 405,HOOVER,AL,SHELBY,35244,205-987-0778,-86.786758000000006,33.366311899999999,0
PROFESSIONAL CUSTOMIZED MEDICATIONS,PROFESSIONAL CUSTOMIZED MEDICATIONS,1621 HIGHWAY 72, ,KILLEN,AL,LAUDERDALE,35645,256-757-1956,-87.541736999999998,34.857932400000003,0
BIRMINGHAM VETERANS AFFAIRS MEDICAL CENTER,BIRMINGHAM VAMC,700 19TH STREET SOUTH, ,BIRMINGHAM,AL,JEFFERSON,35233,205-933-8101,-86.801479000000000,33.504235799999996,0
MID-SOUTH,"MID-SOUTH HOME CARE SERVICES, INC.",2200 RIVERCHASE CENTER,BUILDING 700 SUITE 700,BIRMINGHAM,AL,SHELBY,35244,205-739-7800,-86.783806999999996,33.364730999999999,0
WAL-MART SUPERCENTER - 660,WAL-MART STORES EAST LP,517 AVALON AVENUE, ,MUSCLE SHOALS,AL,COLBERT,35661,256-381-0987,-87.673530999999997,34.747632500000002,1
RITE AID - 7051,HARCO INC,805 SOUTH MONTGOMERY AVENUE, ,SHEFFIELD,AL,COLBERT,35660,256-383-1970,-87.698130000000006,34.749889600000003,0
RITE AID - 7005,HARCO INC,1606 2ND AVENUE SOUTHWEST,SOUTH CULLMAN CENTER,CULLMAN,AL,CULLMAN,35055,256-739-1993,-86.835229999999996,34.162102300000001,0
BLUE AND GREY HEALTH MART PHARMACY,B&G DRUG CO. INC,804 MAIN STREET NORTHEAST, ,HANCEVILLE,AL,CULLMAN,35077,256-352-4371,-86.779345000000006,34.074594800000000,0
CVS - 4917,"ALABAMA CVS PHARMACY, L.L.C.",675 TUSCALOOSA STREET, ,GREENSBORO,AL,HALE,36744,334-624-8873,-87.594690999999997,32.700780700000003,1
CVS - 4964,"ALABAMA CVS PHARMACY, L.L.C.",2901 MORGAN ROAD, ,BESSEMER,AL,JEFFERSON,35022,205-425-1837,-86.916607999999997,33.336484200000001,1
WALGREENS - 6033,WALGREEN CO,1815 9TH AVENUE NORTH, ,BESSEMER,AL,JEFFERSON,35020,205-425-1757,-86.960830000000001,33.405582299999999,1
CVS - 4873,"ALABAMA CVS PHARMACY, L.L.C.",1431 11TH AVENUE SOUTH, ,BIRMINGHAM,AL,JEFFERSON,35205,205-933-8374,-86.803779000000006,33.496622500000001,1
CHRIST HEALTH CENTER,CHRIST HEALTH CENTER INC,5720 1ST AVENUE SOUTH, ,BIRMINGHAM,AL,JEFFERSON,35212,205-380-9455,-86.749135999999993,33.541738400000000,0
CVS - 4851,"ALABAMA CVS PHARMACY, L.L.C.",4197 CROSSHAVEN DRIVE, ,CAHABA HEIGHTS,AL,JEFFERSON,35243,205-967-4951,-86.730281000000005,33.454527200000001,1
LAKESHORE PHARMACY INCORPORATED,"LAKESHORE PHARMACY, INC.",1 WEST LAKESHORE DRIVE,SUITE 102,BIRMINGHAM,AL,JEFFERSON,35209,205-945-8081,-86.811971999999997,33.451010099999998,0
WAL-MART SUPERCENTER - 764,WAL-MART STORES EAST LP,750 ACADEMY DRIVE, ,BESSEMER,AL,JEFFERSON,35022,205-424-5895,-87.001901000000004,33.361660299999997,1
BRUNOS - 51,"BRUNO'S SUPERMARKETS, LLC.",3780 RIVERCHASE VILLAGE, ,HOOVER,AL,JEFFERSON,35244,205-985-2294,-86.800769000000003,33.377150299999997,0
CVS - 4912,"ALABAMA CVS PHARMACY, L.L.C.",2000 CENTER POINT PARKWAY, ,CENTER POINT,AL,JEFFERSON,35215,205-853-8001,-86.684490999999994,33.638724199999999,1
RITCHS PHARMACY,"RITCH'S VITAL CARE OF BIRMINGHAM, INCL",2714 CAHABA ROAD SOUTH, ,BIRMINGHAM,AL,JEFFERSON,35223,205-871-1141,-86.774052999999995,33.484181999999997,0
DURHAM PHARMACY,COOKS PHARMACY INC,44801 STATE HIGHWAY 17, ,VERNON,AL,LAMAR,35592,205-695-9611,-88.109235999999996,33.759161400000004,0
WAL-MART - 4497,WAL-MART STORES EAST LP,1007 RED FARMER DRIVE, ,HUEYTOWN,AL,JEFFERSON,35023,205-744-9882,-86.968045000000004,33.460018099999999,1
FAMILY HEALTH PHARMACY,FAMILY HEALTH PHARMACY INC,55298 STATE HIGHWAY 17, ,SULLIGENT,AL,LAMAR,35586,205-698-9770,-88.133844999999994,33.901310799999997,0
CVS - 7215,ALABAMA CVS PHARMACY LLC,4736 EASTERN VALLEY ROAD, ,MC CALLA,AL,JEFFERSON,35111,205-477-8049,-86.999004999999997,33.330343399999997,1
CVS - 4817,"ALABAMA CVS PHARMACY, L.L.C.",1501 FLORENCE BOULEVARD, ,FLORENCE,AL,LAUDERDALE,35630,256-767-0520,-87.655720000000002,34.820664299999997,1
CVS - 4916,"ALABAMA CVS PHARMACY, L.L.C.",108 PARK ROAD, ,PLEASANT GROVE,AL,JEFFERSON,35127,205-744-1021,-86.958898000000005,33.491287900000003,1
RITE AID - 7048,HARCO INC,1313 NORTH WOOD AVENUE, ,FLORENCE,AL,LAUDERDALE,35630,256-766-2144,-87.681794999999994,34.819501799999998,0
PUBLIX - 01069,PUBLIX SUPER MARKETS INC,5150 OLD SPRINGVILLE ROAD,COLONIAL SHOPPES CLAY,PINSON,AL,JEFFERSON,35126,205-815-5373,-86.647006000000005,33.655837800000000,0
WALGREENS - 11469,WALGREEN CO,9325 PARKWAY EAST, ,BIRMINGHAM,AL,JEFFERSON,35215,205-833-6882,-86.696498000000005,33.589977300000001,1
TARGET,TARGET CORPORATION AND SUBSIDIARIES,372 COX CREEK PARKWAY, ,FLORENCE,AL,LAUDERDALE,35630,256-766-9839,-87.634012999999996,34.842198699999997,1
KMART,K MART CORP,105 COX CREEK PARKWAY SOUTH, ,FLORENCE,AL,LAUDERDALE,35630,256-764-2399,-87.625859000000005,34.829021099999999,0
STEVES DISCOUNT DRUGS HEALTH MART PHARMACY,STEVES DISCOUNT DRUGS INC,11809 STATE HIGHWAY 157,SUITE A,MOULTON,AL,LAWRENCE,35650,256-974-7663,-87.276331999999996,34.486294999999998,0
WAL-MART - 332,WAL-MART STORES EAST LP,6140A UNIVERSITY DRIVE NORTHWEST, ,HUNTSVILLE,AL,MADISON,35806,256-837-1656,-86.675852000000006,34.747038300000000,1
CVS - 1774,ALABAMA CVS PHARMACY LLC,100 PROVIDENCE MAIN STREET NORTHWEST,SUITE G,HUNTSVILLE,AL,MADISON,35806,256-837-2057,-86.694076999999993,34.749888100000000,1
RITE AID - 7053,HARCO INC,298 HUGHES ROAD, ,MADISON,AL,MADISON,35758,256-464-3962,-86.742847999999995,34.706311200000002,0
KROGER,THE KROGER CO,300 HUGHES ROAD, ,MADISON,AL,MADISON,35758,256-461-8530,-86.743756000000005,34.707925199999998,1
CVS - 4884,"ALABAMA CVS PHARMACY, L.L.C.",8503 OLD MADISON PIKE, ,MADISON,AL,MADISON,35758,256-461-7799,-86.741425000000007,34.706265899999998,1
RITE AID - 7054,HARCO INC,8000 MADISON BOULEVARD,SUITE B,MADISON,AL,MADISON,35758,256-461-6903,-86.717555000000004,34.691918200000003,0
PHARMACYSOUTH,PHARMACYSOUTH,105 CORPORATE WOODS CIRCLE, ,ALABASTER,AL,SHELBY,35007,205-378-3301,-86.790991000000005,33.189218099999998,0
HOSPITAL DISCOUNT PHARMACY - EAST,"ASHLEY DRUG COMPANY OF CULLMAN, INC",1557 3RD STREET NORTHEAST, ,CULLMAN,AL,CULLMAN,35055,256-734-2325,-86.817364999999995,34.182339499999998,0
PHARMACY XPRESS,PHARMACY XPRESS INC.,2910 ALLISON BONNETT MEMORIAL DRIVE,SUITE 112,HUEYTOWN,AL,JEFFERSON,35023,205-744-4480,-86.971647000000004,33.453008199999999,0
PUBLIX - 01253,PUBLIX ALABAMA LLC,1101 SOUTHVIEW LANE, ,TUSCALOOSA,AL,TUSCALOOSA,35405,205-247-7715,-87.552672999999999,33.123128100000002,0
J AND S DRUGS HEALTH MART PHARMACY,"J & S DRUGS, INC",1130 WALNUT STREET, ,CENTREVILLE,AL,BIBB,35042,205-926-4821,-87.136049999999997,32.944637200000003,0
MEDTOWN SOUTH,MEDTOWN SOUTH,1974 CHANDALAR DRIVE,SUITE B,PELHAM,AL,SHELBY,35124,205-621-1515,-86.802012000000005,33.316654600000000,0
PHIL CAMPBELL DRUGS,PHIL CAMPBELL DRUGS,2936 HIGHWAY 237, ,PHIL CAMPBELL,AL,FRANKLIN,35581,205-993-4123,-87.709277000000000,34.344961499999997,0
WAYNE GROSS PHARMACY,GROSS DRUG CO INC,6456 STATE HIGHWAY 269, ,PARRISH,AL,WALKER,35580,205-686-9945,-87.267427999999995,33.739678800000000,0
BIBB MEDICAL CENTER,THE BIBB COUNTY HEALTH CARE AUTHORITY,208 PIERSON AVENUE, ,CENTREVILLE,AL,BIBB,35042,205-926-4881,-87.148268999999999,32.951365899999999,0
SAM'S CLUB - 8212,SAMS PHARMACY,3900 GRANTS MILL ROAD, ,IRONDALE,AL,JEFFERSON,35210,205-956-3987,-86.692155999999997,33.534005700000002,0
NORTH JEFFERSON PHARMACY,"NORTH JEFFERSON PHARMACY, INC.",341 WALKER CHAPEL PLAZA,SUITE 109,FULTONDALE,AL,JEFFERSON,35068,205-502-1010,-86.797949000000003,33.611320300000003,0
LAKESIDE PHARMACY,EDMONDSON DRUG CO INC,561 STATE HIGHWAY 69 SOUTH, ,HANCEVILLE,AL,CULLMAN,35077,256-287-9099,-86.872951999999998,34.048409499999998,0
BORDEN FAMILY PHARMACY,"THE BORDEN COMPANY, LLC",3190 STATE HIGHWAY 157, ,CULLMAN,AL,CULLMAN,35058,256-734-7535,-86.826403999999997,34.203334400000003,0
HOSPITAL DISCOUNT PHARMACY - WEST,C & L DRUG COMPANY,1201 4TH STREET SOUTHWEST, ,CULLMAN,AL,CULLMAN,35055,256-734-7658,-86.851219999999998,34.172427999999996,0
BOLLING PHARMACY,"BOLLING PHARMACY, INC.",101 TEMPLE AVENUE SOUTH, ,FAYETTE,AL,FAYETTE,35555,205-932-4513,-87.830674000000002,33.684437600000003,0
WALGREENS - 6977,WALGREEN CO,1560 MONTCLAIR ROAD, ,BIRMINGHAM,AL,JEFFERSON,35210,205-595-4588,-86.723231999999996,33.525574700000000,1
CVS - 4898,"ALABAMA CVS PHARMACY, L.L.C.",2228 BESSEMER ROAD, ,BIRMINGHAM,AL,JEFFERSON,35208,205-787-4608,-86.878853000000007,33.496619500000001,1
BIRMINGHAM HEALTH CARE RAPID CARE PHARMACY,BHC RAPID CARE PHARMACY,1600 20TH STREET SOUTH, ,BIRMINGHAM,AL,JEFFERSON,35205,205-212-5777,-86.793353999999994,33.495986000000002,0
WALGREENS - 5073,WALGREEN CO,1551 FORESTDALE BOULEVARD, ,FORESTDALE,AL,JEFFERSON,35214,205-798-8360,-86.897423000000003,33.568113500000003,1
WALGREENS - 6488,WALGREEN CO,100 FIELDSTOWN ROAD, ,GARDENDALE,AL,JEFFERSON,35071,205-631-1373,-86.810631999999998,33.651450099999998,1
CVS - 4936,"ALABAMA CVS PHARMACY, L.L.C.",4500 MONTEVALLO ROAD, ,BIRMINGHAM,AL,JEFFERSON,35210,205-592-2424,-86.727457999999999,33.521648399999997,1
PUBLIX - 00841,PUBLIX SUPER MARKETS INC,1944 MONTGOMERY HIGHWAY SOUTH, ,BIRMINGHAM,AL,SHELBY,35244,205-987-3413,-86.797227000000007,33.346963500000001,0
MILNER RUSHING EXPRESS PHARMACY,MILNER-RUSHING DISCOUNT DRUGS INC,2602 HOUGH ROAD, ,FLORENCE,AL,LAUDERDALE,35630,256-740-5515,-87.632945000000007,34.834870600000002,0
MILNER RUSHING DISCOUNT DRUGS,"MILNER-RUSHING DISCOUNT DRUGS, INC.",869 FLORENCE BOULEVARD, ,FLORENCE,AL,LAUDERDALE,35630,256-764-4700,-87.665687000000005,34.808861100000001,0
JOE GOLDEN DRUG INCORPORATED,JOE GOLDEN DRUG INC,13530 STATE HIGHWAY 96 EAST, ,MILLPORT,AL,LAMAR,35576,205-662-3817,-88.051562000000004,33.563422299999999,0
CVS - 4874,"ALABAMA CVS PHARMACY, L.L.C.",2480 ROCKY RIDGE ROAD, ,VESTAVIA,AL,JEFFERSON,35243,205-979-1571,-86.772863000000001,33.422552699999997,1
PUBLIX - 00842,PUBLIX SUPER MARKETS INC,784 MONTGOMERY HIGHWAY,VESTAVIA HILLS CITY CENTER,VESTAVIA HILLS,AL,JEFFERSON,35216,205-824-6010,-86.793305000000004,33.444605600000003,0
MASSEY DRUGS DISCOUNT PHARMACY,MASSEY DRUG INC,3501 CLOVERDALE ROAD, ,FLORENCE,AL,LAUDERDALE,35633,256-718-3500,-87.691484000000003,34.852315500000003,0
CVS - 7155,"ALABAMA CVS PHARMACY, L.L.C.",8470 UNITED STATES HIGHWAY 72 WEST, ,MADISON,AL,MADISON,35758,256-837-3362,-86.768251000000006,34.749408600000002,1
STAR PHARMACY,STAR DISCOUNT PHARMACY INC,7950 UNITED STATES HIGHWAY 72 WEST, ,MADISON,AL,MADISON,35758,256-721-0739,-86.747927000000004,34.754259400000002,0
CVS - 4814,"ALABAMA CVS PHARMACY, L.L.C.",2738 UNITED STATES HIGHWAY 31 SOUTH, ,PELHAM,AL,SHELBY,35124,205-663-4581,-86.802510999999996,33.312755699999997,1
WALGREENS - 11404,WALGREEN CO,4400 UNIVERSITY BOULEVARD EAST, ,TUSCALOOSA,AL,TUSCALOOSA,35404,205-553-6188,-87.477414999999993,33.196983799999998,1
WALGREENS - 10981,WALGREEN CO,101 UNITED STATES HIGHWAY 31 NORTH, ,ATHENS,AL,LIMESTONE,35611,256-230-2799,-86.952657000000002,34.803343499999997,1
CVS - 4872,"ALABAMA CVS PHARMACY, L.L.C.",3302 15TH STREET, ,TUSCALOOSA,AL,TUSCALOOSA,35401,205-349-4115,-87.578830999999994,33.201143899999998,1
RITE AID - 7029,HARCO INC,2306 MCFARLAND BOULEVARD EAST, ,TUSCALOOSA,AL,TUSCALOOSA,35404,205-345-2660,-87.526944999999998,33.188734699999998,0
RITE AID - 7030,HARCO INC,3206 15TH STREET, ,TUSCALOOSA,AL,TUSCALOOSA,35401,205-349-1330,-87.577967999999998,33.200999199999998,0
WAL-MART SUPERCENTER - 661,WAL-MART STORES EAST LP,1011 UNITED STATES HIGHWAY 72 EAST, ,ATHENS,AL,LIMESTONE,35611,256-233-3568,-86.958753999999999,34.788565599999998,1
PAY LESS EXPRESS HEALTH MART PHARMACY,PAYLESS PHARMACY EXPRESS 1,2122 DANVILLE ROAD SOUTHWEST, ,DECATUR,AL,MORGAN,35601,256-351-7006,-87.010621999999998,34.573363000000001,0
WESTMEADE PHARMACY,DUNCAN PHARMACY INC,2104 DANVILLE ROAD SOUTHWEST, ,DECATUR,AL,MORGAN,35601,256-355-8211,-87.009687999999997,34.573822100000001,0
PUBLIX - 00045,PUBLIX SUPER MARKETS INC,1605 BELTLINE ROAD SOUTHWEST, ,DECATUR,AL,MORGAN,35601,256-301-6411,-87.013080000000002,34.565100899999997,0
SUMMERFORD NURSING HOME,"SUMMERFORD DRUGS, INC.",4087 UNITED STATES HIGHWAY 31 SOUTHWEST, ,FALKVILLE,AL,MORGAN,35622,256-784-5275,-86.912861000000007,34.385177100000000,0
PILL BOX HEALTH MART PHARMACY 1,AUSTIN DRUG CO INC,2422 DANVILLE ROAD SOUTHWEST, ,DECATUR,AL,MORGAN,35603,256-353-1121,-87.017060000000001,34.566282399999999,0
TARGET,TARGET CORPORATION AND SUBSIDIARIES,1235 POINT MALLARD PARKWAY SOUTHEAST, ,DECATUR,AL,MORGAN,35601,256-898-3037,-86.970562999999999,34.558603499999997,1
RITE AID - 7038,HARCO INC,4200 MCFARLAND BOULEVARD EAST,FOOD WORLD PLAZA SOUTH,TUSCALOOSA,AL,TUSCALOOSA,35405,205-759-1103,-87.528282000000004,33.169429600000001,0
CVS - 4965,"ALABAMA CVS PHARMACY, L.L.C.",4685 HIGHWAY 17, ,HELENA,AL,SHELBY,35080,205-620-1618,-86.851766999999995,33.280829900000001,1
CVS - 467,ALABAMA CVS PHARMACY LLC,8370 UNITED STATES HIGHWAY 31, ,CALERA,AL,SHELBY,35040,205-668-0588,-86.753574000000000,33.101417499999997,1
CVS - 4864,"ALABAMA CVS PHARMACY, L.L.C.",105 INVERNESS PLAZA, ,BIRMINGHAM,AL,SHELBY,35242,205-991-5201,-86.695614000000006,33.419362999999997,1
EMERGI-CARE CLINIC,"EMERGI-CARE CLINICI, P.C.",32 15TH STREET, ,TUSCALOOSA,AL,TUSCALOOSA,35401,205-349-2273,-87.536229000000006,33.197637999999998,0
FRED'S - 1780,FREDS STORES OF TENNESSEE INC,234 GREEN SPRINGS HIGHWAY, ,HOMEWOOD,AL,JEFFERSON,35209,205-942-9106,-86.824171000000007,33.466104199999997,0
FRED'S - 2753,FREDS STORES OF TENNESSEE INC,134 7TH STREET NORTHWEST, ,REFORM,AL,PICKENS,35481,205-375-6401,-88.023184000000001,33.382925200000003,0
HINKLE PHARMACY,HINKLE MED INC,1090 9TH AVENUE SOUTHWEST, ,BESSEMER,AL,JEFFERSON,35022,205-425-3039,-86.990080000000006,33.376263899999998,0
THE MEDICINE SHOPPE PHARMACY,JOHN M MCGUIRE,2006 DANVILLE ROAD SOUTHWEST,SUITE C,DECATUR,AL,MORGAN,35601,256-350-3338,-87.008841000000004,34.574261600000000,0
J AND J DISCOUNT HEALTH MART PHARMACY,JOSEPH SANTORO,6405 AVENUE K, ,BESSEMER,AL,JEFFERSON,35020,205-426-1221,-86.917739999999995,33.432313499999999,0
VACCA DISCOUNT DRUGS,VACCA DISCOUNT DRUGS,7633 GEORGIA ROAD, ,BIRMINGHAM,AL,JEFFERSON,35212,205-956-3300,-86.723213999999999,33.540377499999998,0
FRED'S - 2373,FREDS STORES OF TENNESSEE INC,4559 STATE HIGHWAY 25, ,MONTEVALLO,AL,SHELBY,35115,205-665-5106,-86.855581999999998,33.095252500000001,0
SUPERTARGET,TARGET CORPORATION AND SUBSIDIARIES,4616 UNITED STATES HIGHWAY 280, ,BIRMINGHAM,AL,SHELBY,35242,205-991-6248,-86.712619000000004,33.425309800000001,1
RITE AID - 7367,HARCO INC,1018 MAIN STREET,VILLAGE GREEN SHOPPING CENTER,GARDENDALE,AL,JEFFERSON,35071,205-631-8707,-86.812639000000004,33.653428099999999,0
PIGGLY WIGGLY,SOUTHERN FAMILY MARKETS LLC,2019 6TH AVENUE SOUTHEAST,UNIT 18,DECATUR,AL,MORGAN,35601,256-353-6303,-86.976524999999995,34.573650299999997,0
J AND J DRUGS,J & J DRUGS CORP,1318 MAIN STREET, ,GARDENDALE,AL,JEFFERSON,35071,205-631-8731,-86.812934999999996,33.658342500000003,0
THE COMPOUNDING SHOPPE,"PRESCRIPTION SPECIALTIES, INC.",3349 INDEPENDENCE DRIVE,SUITE 102,BIRMINGHAM,AL,JEFFERSON,35209,205-870-3150,-86.786123000000003,33.473798199999997,0
U-SAVE,U SAVE PHARMACIES LLC,7559 HIGHWAY 72 WEST, ,MADISON,AL,MADISON,35758,256-562-0855,-86.731397999999999,34.755080100000001,0
THE PHARMACY IN MOUNT OLIVE,S & S PHARMACEUTICAL SERVICES LLC,2660 MOUNT OLIVE ROAD, ,MOUNT OLIVE,AL,JEFFERSON,35117,205-631-1201,-86.852447999999995,33.669042400000002,0
PUBLIX - 00075,PUBLIX SUPER MARKETS INC,4851 RICE MINE ROAD NORTHEAST,SUITE 200,TUSCALOOSA,AL,TUSCALOOSA,35406,205-247-4721,-87.513278999999997,33.263117500000000,0
PUBLIX - 01075,PUBLIX SUPER MARKETS INC,2300 MCFARLAND BOULEVARD, ,NORTHPORT,AL,TUSCALOOSA,35476,205-339-4388,-87.577809999999999,33.241974300000003,0
SAM'S CLUB - 4724,SAMS EAST INC,3053 JOHN HAWKINS PARKWAY, ,HOOVER,AL,JEFFERSON,35244,205-982-0982,-86.808662999999996,33.373492400000003,0
PUBLIX - 01207,PUBLIX ALABAMA LLC,1584 MONTGOMERY HIGHWAY,HOOVER PLACE,HOOVER,AL,JEFFERSON,35216,205-824-7223,-86.808558000000005,33.403227000000001,0
CVS - 4832,"ALABAMA CVS PHARMACY, L.L.C.",604 BESSEMER SUPER HIGHWAY, ,MIDFIELD,AL,JEFFERSON,35228,205-925-0278,-86.911494000000005,33.464087900000003,1
SUMITON DRUG COMPANY,SUMITON DISCOUNT DRUG INC,1595 MAIN STREET, ,SUMITON,AL,WALKER,35148,205-648-3296,-87.044409000000002,33.753692800000003,0
HERITAGE HEALTH MART PHARMACY,"PRESCRIPTIONS BY RITA KAY, INC.",1701 MAIN AVENUE SOUTHWEST, ,CULLMAN,AL,CULLMAN,35055,256-737-3773,-86.848657000000003,34.158495700000003,0
AMPHARM INCORPORATED,AMPHARM INC,5275 MILLENNIUM DRIVE NORTHWEST, ,HUNTSVILLE,AL,MADISON,35806,256-489-6882,-86.664440999999997,34.752629700000000,0
U-SAVE PHARMACY,U SAVE PHARMACIES LLC,200 MONTGOMERY HIGHWAY,SUITE 100,VESTAVIA HILLS,AL,JEFFERSON,35216,205-201-7777,-86.787801999999999,33.453117599999999,0
MCSWAINS HEALTH MART PHARMACY,MCSWAIN'S PHARMACY,1910 MAIN AVENUE SOUTHWEST, ,CULLMAN,AL,CULLMAN,35055,256-734-1662,-86.847633999999999,34.150480199999997,0
WINN-DIXIE - 514,WINN DIXIE STORES INC,2653 VALLEYDALE ROAD,VALLEYDALE MARKETPLACE,BIRMINGHAM,AL,SHELBY,35244,205-995-4960,-86.739196000000007,33.382422099999999,1
GENTRY DRUGS HEALTH MART PHARMACY,GENTRY DRUGS,551 MEMORIAL PARKWAY EAST, ,ALICEVILLE,AL,PICKENS,35442,205-373-6688,-88.145792000000000,33.127423600000000,0
WINN-DIXIE - 458,WINN DIXIE STORES INC,1721 UNITED STATES HIGHWAY 31 NORTH,THE QUAIL RUN VILLAGE,FULTONDALE,AL,JEFFERSON,35068,205-841-2021,-86.795323999999994,33.612514400000002,1
WINN-DIXIE - 435,WINN DIXIE STORES INC,4476 MONTEVALLO ROAD,OLD SPRINGFIELD SHOPPING,BIRMINGHAM,AL,JEFFERSON,35213,205-951-9711,-86.728604000000004,33.520423500000000,1
WINN-DIXIE - 526,WINN DIXIE STORES INC,13620 UNITED STATES HIGHWAY 43 NORTH,TALLADEGA SHOPPING CENTER,NORTHPORT,AL,TUSCALOOSA,35475,205-333-0678,-87.602858999999995,33.306287099999999,1
WALGREENS - 7306,WALGREEN CO,4496 VALLEYDALE ROAD, ,BIRMINGHAM,AL,SHELBY,35242,205-981-2362,-86.738725000000002,33.385142799999997,1
WALGREENS - 4689,WALGREEN CO,9458 HELENA ROAD, ,PELHAM,AL,SHELBY,35124,205-444-9488,-86.797023999999993,33.345061600000001,1
U SAVE - ALABASTER,U SAVE PHARMACIES LLC,120 COLONIAL PROMENADE PARKWAY, ,ALABASTER,AL,SHELBY,35007,205-605-0499,-86.802553000000003,33.230148200000002,0
CVS - 4966,"ALABAMA CVS PHARMACY, L.L.C.",523 4TH AVENUE SOUTHEAST, ,RED BAY,AL,FRANKLIN,35582,256-356-9204,-88.137501999999998,34.439413399999999,1
CVS - 2505,"ALABAMA CVS PHARMACY, L.L.C.",49 CHURCH STREET, ,BIRMINGHAM,AL,JEFFERSON,35213,205-871-2151,-86.755036000000004,33.502074899999997,1
TOYOTA FAMILY PHARMACY,TOYOTA FAMILY PHARMACY,1 COTTONVALLEY DRIVE, ,HUNTSVILLE,AL,MADISON,35810,256-746-5514,-86.638777000000005,34.829628100000001,0
ROGERSVILLE DISCOUNT DRUGS,ROGERSVILLE DISCOUNT DRUGS,104 HIGHWAY 72 WEST, ,ROGERSVILLE,AL,LAUDERDALE,35652,256-247-5441,-87.295942999999994,34.825453000000003,0
SOUTHERN PHARMACEUTICAL SERVICES,GUARDIAN PHARMACY OF BIRMINGHAM LLC,201 OFFICE PARK DRIVE,OVERLOOK PARK BUILDING SUITE 200,BIRMINGHAM,AL,JEFFERSON,35223,205-879-5300,-86.775296999999995,33.479093300000002,0
CVS - 4897,"ALABAMA CVS PHARMACY, L.L.C.",155 BIRMINGHAM ROAD, ,CENTREVILLE,AL,BIBB,35042,205-926-4654,-87.145075000000006,32.947414700000003,1
TRADING POST DISCOUNT DRUGS,SHOALS RELIEF SERVICES INC,103 SOUTH WATER STREET, ,TUSCUMBIA,AL,COLBERT,35674,256-381-2400,-87.704729000000000,34.732094799999999,0
CVS - 4901,"ALABAMA CVS PHARMACY, L.L.C.",1715 WOODWARD AVENUE, ,MUSCLE SHOALS,AL,COLBERT,35661,256-381-7641,-87.666906999999995,34.745324900000000,1
MILNER RUSHING DISCOUNT DRUGS,MILNER RUSHING DISCOUNT DRUGS INC,202 AVALON AVENUE, ,MUSCLE SHOALS,AL,COLBERT,35661,256-386-5220,-87.676192999999998,34.744533099999998,0
HOSPITAL DISCOUNT PHARMACY - CENTRAL,C & L DRUG COMPANY OF CULLMAN INC,209 4TH AVENUE NORTHEAST, ,CULLMAN,AL,CULLMAN,35055,256-734-6013,-86.841172999999998,34.180574999999997,0
WAL-MART SUPERCENTER - 670,WAL-MART STORES EAST LP,626 OLIVE STREET SOUTHWEST, ,CULLMAN,AL,CULLMAN,35055,256-739-3390,-86.842072000000002,34.149106900000000,1
MEDICAL ARTS APOTHECARY,HEALTH CENTER PHARMACY INC,124 7TH STREET SOUTHWEST, ,CULLMAN,AL,CULLMAN,35055,256-734-4933,-86.840856000000002,34.170574000000002,0
THE DRUG SHOP OF RUSSELLVILLE,SHOALS FAMILY PHARMACY GROUP INC,318 SOUTH JACKSON AVENUE, ,RUSSELLVILLE,AL,FRANKLIN,35653,256-332-8550,-87.731308999999996,34.501982200000000,0
WAL-MART SUPERCENTER - 762,WAL-MART STORES EAST LP,9248 PARKWAY EAST, ,BIRMINGHAM,AL,JEFFERSON,35206,205-833-0524,-86.700176999999996,33.590199900000002,1
WALGREENS - 7245,WALGREEN CO,668 LOMB AVENUE SOUTHWEST, ,BIRMINGHAM,AL,JEFFERSON,35211,205-786-4481,-86.844900999999993,33.500368399999999,1
CVS - 4871,"ALABAMA CVS PHARMACY, L.L.C.",632 TUSCALOOSA AVENUE SOUTHWEST, ,BIRMINGHAM,AL,JEFFERSON,35211,205-781-8495,-86.843152000000003,33.500136599999998,1
WAL-MART - 5100,WAL-MART STORES EAST LP,1916 CENTER POINT ROAD, ,CENTER POINT,AL,JEFFERSON,35215,205-520-5535,-86.684529999999995,33.637363899999997,1
WAL-MART - 763,WAL-MART STORES EAST LP,7201 AARON ARONOV DRIVE, ,FAIRFIELD,AL,JEFFERSON,35064,205-923-4788,-86.916289000000006,33.469557500000001,1
WAL-MART SUPERCENTER - 1201,WAL-MART STORES EAST LP,890 ODUM ROAD, ,GARDENDALE,AL,JEFFERSON,35071,205-631-8154,-86.822756999999996,33.646905199999999,1
CVS - 4913,"ALABAMA CVS PHARMACY, L.L.C.",2201 TYLER ROAD, ,HOOVER,AL,JEFFERSON,35226,205-823-1832,-86.841931000000002,33.416443500000000,1
WALGREENS - 6955,WALGREEN CO,3025 ALLISON BONNETT MEMORIAL DRIVE, ,HUEYTOWN,AL,JEFFERSON,35023,205-744-9972,-86.978353999999996,33.450891200000001,1
PUBLIX - 01059,PUBLIX SUPER MARKETS INC,1325 MONTCLAIR ROAD,MONTCLAIR PLACE,BIRMINGHAM,AL,JEFFERSON,35210,205-951-6632,-86.731127999999998,33.521055099999998,0
PUBLIX - 01085,PUBLIX SUPER MARKETS INC,3141 OVERTON ROAD,PUBLIX ON OVERTON,BIRMINGHAM,AL,JEFFERSON,35223,205-967-2315,-86.732742000000002,33.465770499999998,0
PUBLIX - 01200,"PUBLIX SUPER MARKETS, INC.",4965 PROMENADE PARKWAY,COLONIAL PROMENADE TANNEHILL,BESSEMER,AL,JEFFERSON,35022,205-426-7105,-86.992523000000006,33.335054000000000,0
CVS - 2662,"ALABAMA CVS PHARMACY, L.L.C.",2301 JOHN HAWKINS PARKWAY, ,HOOVER,AL,JEFFERSON,35244,205-682-1065,-86.868127000000001,33.349872900000001,1
CVS - 4882,"ALABAMA CVS PHARMACY, L.L.C.",1535 DECATUR HIGHWAY, ,FULTONDALE,AL,JEFFERSON,35068,205-849-9744,-86.796154000000001,33.609535200000003,1
WALGREENS - 6035,WALGREEN CO,2101 RICHARD ARRINGTON JUNIOR BOULEVARD SOUTH, ,BIRMINGHAM,AL,JEFFERSON,35209,205-939-1417,-86.792409000000006,33.488543499999999,1
THE CORNER HEALTH MART DRUG STORE,THE CORNER DRUG STORE,10107 CORNER SCHOOL ROAD, ,WARRIOR,AL,JEFFERSON,35180,205-647-5454,-86.941929000000002,33.803566199999999,0
WAL-MART - 4504,WAL-MART STORES EAST LP,312 PALISADES BOULEVARD, ,BIRMINGHAM,AL,JEFFERSON,35209,205-870-7170,-86.821596000000000,33.467845099999998,1
WALGREENS - 10628,WALGREEN CO,2602 FLORENCE BOULEVARD, ,FLORENCE,AL,LAUDERDALE,35630,256-764-0436,-87.632710000000003,34.828588199999999,1
CVS - 4926,"ALABAMA CVS PHARMACY, L.L.C.",6665 STATE HIGHWAY 75, ,PINSON,AL,JEFFERSON,35126,205-681-9250,-86.678792000000001,33.696795700000003,1
CVS - 4855,"ALABAMA CVS PHARMACY, L.L.C.",1100 MONTGOMERY HIGHWAY, ,VESTAVIA HILLS,AL,JEFFERSON,35216,205-822-5664,-86.789479999999998,33.437018500000001,1
CVS - 4843,"ALABAMA CVS PHARMACY, L.L.C.",434 HIGHWAY 31, ,WARRIOR,AL,JEFFERSON,35180,205-647-4440,-86.811753999999993,33.806093099999998,1
WAL-MART - 1229,WAL-MART STORES EAST LP,2780 JOHN HAWKINS PARKWAY, ,HOOVER,AL,JEFFERSON,35244,205-733-0055,-86.824619999999996,33.361771800000000,1
WAL-MART - 1481,WAL-MART STORES EAST LP,209 LAKESHORE PARKWAY, ,HOMEWOOD,AL,JEFFERSON,35209,205-942-0977,-86.821179999999998,33.446886800000001,1
WALGREENS - 10109,WALGREEN CO,109 EAST DOCTOR HICKS BOULEVARD, ,FLORENCE,AL,LAUDERDALE,35630,256-718-0457,-87.673553999999996,34.798349299999998,1
WALGREENS - 9701,WALGREEN CO,737 MONTGOMERY HIGHWAY, ,VESTAVIA HILLS,AL,JEFFERSON,35216,205-823-5442,-86.790200999999996,33.444652400000003,1
WAL-MART - 2690,WAL-MART STORES EAST LP,8650 MADISON BOULEVARD, ,MADISON,AL,MADISON,35758,256-461-7812,-86.741056000000000,34.683838500000000,1
PUBLIX - 00745,PUBLIX SUPER MARKETS INC,7830 UNITED STATES HIGHWAY 72 WEST, ,MADISON,AL,MADISON,35758,256-864-0511,-86.741664000000000,34.756126299999998,0
WALGREENS - 2363,WALGREEN CO,7813 UNITED STATES HIGHWAY 72 WEST, ,MADISON,AL,MADISON,35758,256-895-9326,-86.741719000000003,34.753133400000003,1
CVS - 4946,"ALABAMA CVS PHARMACY, L.L.C.",202 3RD AVENUE NORTHEAST, ,ALICEVILLE,AL,PICKENS,35442,205-373-8475,-88.149293999999998,33.128911400000000,1
H AND W DRUGS EAST INCORPORATED,"H & W DRUGS EAST, INC",315 15TH STREET EAST, ,TUSCALOOSA,AL,TUSCALOOSA,35401,205-758-8306,-87.531774999999996,33.197252100000000,0
WALGREENS - 10525,WALGREEN CO,8701 STATE HIGHWAY 69 SOUTH, ,TUSCALOOSA,AL,TUSCALOOSA,35405,205-758-1684,-87.548406000000000,33.127060800000002,1
SUPERTARGET,TARGET CORPORATION AND SUBSIDIARIES,1901 13TH AVENUE EAST, ,TUSCALOOSA,AL,TUSCALOOSA,35404,205-556-5731,-87.518251000000006,33.192469000000003,1
RITE AID - 7039,HARCO INC,617 BEAR CREEK ROAD, ,TUSCALOOSA,AL,TUSCALOOSA,35405,205-345-0699,-87.545507999999998,33.144709800000001,0
RITE AID - 7035,HARCO INC,2916 UNIVERSITY BOULEVARD EAST, ,TUSCALOOSA,AL,TUSCALOOSA,35404,205-553-0232,-87.499392999999998,33.206916900000003,0
FOOD WORLD - 27,"BRUNO'S SUPERMARKETS, LLC.",4440 UNIVERSITY BOULEVARD EAST, ,TUSCALOOSA,AL,TUSCALOOSA,35404,205-556-3144,-87.476342000000002,33.196938299999999,0
WAL-MART - 409,WAL-MART STORES EAST LP,42417 STATE HIGHWAY 195, ,HALEYVILLE,AL,WINSTON,35565,205-486-8597,-87.597491000000005,34.237385400000001,1
WAL-MART SUPERCENTER - 715,WAL-MART STORES EAST LP,1501 SKYLAND BOULEVARD EAST, ,TUSCALOOSA,AL,TUSCALOOSA,35405,205-345-4047,-87.518617000000006,33.165338100000000,1
FRED'S - 3637,FREDS STORES OF TENNESSEE INC,814 20TH STREET, ,HALEYVILLE,AL,WINSTON,35565,205-486-5888,-87.624618999999996,34.226424700000003,0
CVS - 4835,"ALABAMA CVS PHARMACY, L.L.C.",1910 MCFARLAND BOULEVARD, ,NORTHPORT,AL,TUSCALOOSA,35476,205-339-3819,-87.577145000000002,33.239910100000003,1
CVS - 4905,"ALABAMA CVS PHARMACY, L.L.C.",240 UNITED STATES HIGHWAY 31 SOUTHWEST, ,HARTSELLE,AL,MORGAN,35640,256-773-1768,-86.940376999999998,34.440900499999998,1
RITE AID - 7044,HARCO INC,1526 6TH AVENUE SOUTHEAST, ,DECATUR,AL,MORGAN,35601,256-353-1195,-86.977956000000006,34.583179700000002,0
WAL-MART SUPERCENTER - 662,WAL-MART STORES EAST LP,2800 SPRING AVENUE SOUTHWEST, ,DECATUR,AL,MORGAN,35603,256-350-9969,-86.995891000000000,34.556454700000003,1
VALLEY DRUG COMPANY 2,VALLEY DRUG CO. INC.,1101 16TH AVENUE SOUTHEAST, ,DECATUR,AL,MORGAN,35601,256-355-6225,-86.967860000000002,34.590966100000003,0
GILCHRIST HEALTH MART PHARMACY,"GILCHRIST PHARMACY, INC.",404 SPARKMAN STREET NORTHWEST, ,HARTSELLE,AL,MORGAN,35640,256-773-1998,-86.935562000000004,34.446217799999999,0
KROGER,THE KROGER CO,241 UNITED STATES HIGHWAY 31 SOUTHWEST, ,HARTSELLE,AL,MORGAN,35640,256-751-2102,-86.942584999999994,34.439386499999998,1
EASTSIDE PHARMACY AND CUSTOM COMPOUNDING INCORPORATED,"EASTSIDE PHARMACY AND CUSTOM COMPOUNDING, INC.",22335 UNITED STATES HIGHWAY 72 EAST,SUITE D,ATHENS,AL,LIMESTONE,35613,256-233-7070,-86.924471999999994,34.780728500000002,0
CVS - 4372,"ALABAMA CVS PHARMACY, L.L.C.",4280 MITT LARY ROAD, ,NORTHPORT,AL,TUSCALOOSA,35475,205-339-0415,-87.600550999999996,33.306272200000002,1
CVS - 4969,"ALABAMA CVS PHARMACY, L.L.C.",UNITED STATES HIGHWAY 82 SOUTH, ,GORDO,AL,PICKENS,35466,205-364-0469,-87.900408999999996,33.316107299999999,1
PUBLIX - 00882,PUBLIX SUPER MARKETS INC,410 DOUG BAKER BOULEVARD, ,BIRMINGHAM,AL,SHELBY,35242,205-981-7420,-86.668580000000006,33.408905400000002,0
PUBLIX - 01073,PUBLIX SUPER MARKETS INC,9200 STATE HIGHWAY 119,SUITE 1400,ALABASTER,AL,SHELBY,35007,205-663-3881,-86.825666999999996,33.212726099999998,0
CLARKS HEALTH MART PHARMACY,CLARK'S DISCOUNT PHARMACY,1261 MILITARY STREET SOUTH, ,HAMILTON,AL,MARION,35570,205-921-7465,-87.989338000000004,34.125806200000000,0
FRED'S - 2035,FREDS STORES OF TENNESSEE INC,280 UNITED STATES HIGHWAY 78 WEST, ,JASPER,AL,WALKER,35501,205-221-6234,-87.276719000000000,33.850184200000001,0
CVS - 4830,"ALABAMA CVS PHARMACY, L.L.C.",901 9TH AVENUE NORTH, ,BESSEMER,AL,JEFFERSON,35020,205-426-1664,-86.969504999999998,33.395250500000003,1
CVS - 4667,"ALABAMA CVS PHARMACY, L.L.C.",100 HUNTLEY PARKWAY, ,PELHAM,AL,SHELBY,35124,205-685-0146,-86.795027000000005,33.277282999999997,1
KIDSMEDS PHARMACY,"HEALTH STRIDES, INC.",1936 OLD ORCHARD ROAD, ,BIRMINGHAM,AL,JEFFERSON,35216,205-824-0775,-86.790700000000001,33.440193200000003,0
RITE AID - 7379,HARCO INC,708 MONTGOMERY HIGHWAY, ,VESTAVIA HILLS,AL,JEFFERSON,35216,205-979-2180,-86.791565000000006,33.446897600000000,0
MOORE'S PHARMACY,STEPHENS PHARMACY INC,2600 15TH STREET ROAD, ,HUEYTOWN,AL,JEFFERSON,35023,205-425-4592,-86.989153999999999,33.415808599999998,0
FRED'S - 3055,FREDS STORES OF TENNESSEE INC,1401 WOODMONT DRIVE, ,TUSCUMBIA,AL,COLBERT,35674,256-389-8399,-87.695244000000002,34.717745299999997,0
BOLLING APOTHECARY,BOLLING APOTHECARY INC,106 16TH STREET NORTHEAST, ,FAYETTE,AL,FAYETTE,35555,205-932-8969,-87.822355999999999,33.709186899999999,0
PUBLIX - 01185,"PUBLIX SUPER MARKETS, INC.",12070 COUNTY LINE ROAD,SUITE C,MADISON,AL,LIMESTONE,35756,256-230-2631,-86.787761000000003,34.730611900000000,0
RITE AID - 7021,HARCO INC,2711 CULVER ROAD, ,MOUNTAIN BROOK,AL,JEFFERSON,35223,205-879-3466,-86.773398999999998,33.485504700000000,0
AFTERHOURS RX,AFTERHOURS RX,1800 BIRMINGHAM AVENUE, ,JASPER,AL,WALKER,35501,205-387-7811,-87.273538000000002,33.833165800000003,0
HARBINS AT MOUNT ROYAL TOWER HEALTH MART PHARMACY,HARBIN'S AT MT. ROYAL TOWERS,1119 ROYAL TOWER DRIVE, ,BIRMINGHAM,AL,JEFFERSON,35209,205-423-0091,-86.768396999999993,33.465875500000003,0
CRESTLINE HEALTH MART PHARMACY,CRESTLINE PHARMACY INC,60 CHURCH STREET, ,BIRMINGHAM,AL,JEFFERSON,35213,205-871-0317,-86.756026000000006,33.502206299999997,0
HAYDEN HEALTH MART PHARMACY,HAYDEN FAMILY PHARMACY PC,310 3RD STREET, ,HAYDEN,AL,BLOUNT,35079,205-590-1515,-86.757517000000007,33.891754900000002,0
WINN-DIXIE - 469,WINN DIXIE STORES INC,335 HELENA MARKET PLACE,HELENA MARKETPLACE,HELENA,AL,SHELBY,35080,205-620-5334,-86.850959000000003,33.279558799999997,1
WINN-DIXIE - 407,WINN DIXIE STORES INC,4205 UNIVERSITY BOULEVARD EAST,FIVE POINTS SHOPPING CENTER,TUSCALOOSA,AL,TUSCALOOSA,35404,205-553-9477,-87.481725999999995,33.197689900000000,1
WAL-MART SUPERCENTER - 2111,WAL-MART STORES EAST LP,5335 UNITED STATES HIGHWAY 280 SOUTH, ,BIRMINGHAM,AL,SHELBY,35242,205-980-7178,-86.676001999999997,33.421945100000002,1
WALGREENS - 7791,WALGREEN CO,101 DOUG BAKER BOULEVARD, ,BIRMINGHAM,AL,SHELBY,35242,205-437-9467,-86.665329999999997,33.408753900000001,1
WALGREENS - 6034,WALGREEN CO,101 GREEN SPRINGS HIGHWAY, ,BIRMINGHAM,AL,JEFFERSON,35209,205-942-3668,-86.823660000000004,33.470652200000004,1
U SAVE - PELHAM,U SAVE PHARMACIES LLC,2970 PELHAM PARKWAY, ,PELHAM,AL,SHELBY,35124,205-620-6006,-86.811194000000000,33.298428899999998,0
U SAVE - GREYSTONE,U SAVE PHARMACIES LLC,5410 UNITED STATES HIGHWAY 280, ,BIRMINGHAM,AL,SHELBY,35242,205-201-7295,-86.669790000000006,33.417645299999997,0
CVS - 4960,"ALABAMA CVS PHARMACY, L.L.C.",712 MAIN STREET NORTHEAST, ,HANCEVILLE,AL,CULLMAN,35077,256-352-6998,-86.775643000000002,34.070954700000001,1
RITE AID - 7001,HARCO INC,140 MARKET CENTER DRIVE, ,ALABASTER,AL,SHELBY,35007,205-663-4500,-86.821719999999999,33.237010800000000,0
FAMILY PHARMACY OF RUSSELLVILLE,SHOALS FAMILY PHARMACY GROUP INC,15385 UNITED STATES HIGHWAY 43, ,RUSSELLVILLE,AL,FRANKLIN,35653,256-332-5545,-87.717778999999993,34.514591799999998,0
FOOD WORLD - 58,"BRUNO'S SUPERMARKETS, LLC.",2891 ALLISON BONNETT MEMORIAL DRIVE, ,HUEYTOWN,AL,JEFFERSON,35023,205-744-0482,-86.968658000000005,33.451845499999997,0
GREYSTONE PHARMACY,"GREYSTONE PHARMACY, INC.",5510 UNITED STATES HIGHWAY 280,SUITE 110,BIRMINGHAM,AL,SHELBY,35242,205-981-9834,-86.664810000000003,33.405554500000001,0
JIM MYERS DRUG INCORPORATED,JIM MYERS DRUG WEST,2731 MARTIN LUTHER KING JUNIOR BOULEVARD, ,TUSCALOOSA,AL,TUSCALOOSA,35401,205-345-1197,-87.576836999999998,33.187055800000003,0
PAYLESS DRUGS,PAYLESS DRUGS,3102 26TH STREET NORTH, ,BIRMINGHAM,AL,JEFFERSON,35207,205-252-4179,-86.818887000000004,33.552979299999997,0
FOOD WORLD - 70,"BRUNO'S SUPERMARKETS, LLC.",509 STATE HIGHWAY 119 SOUTH, ,ALABASTER,AL,SHELBY,35007,205-664-1861,-86.820607999999993,33.239661400000003,0
ADAMS DRUGS,MONTGOMERY DRUG COMPANY,185 ASHTON PLAZA STREET, ,MILLBROOK,AL,ELMORE,36054,334-386-3501,-86.377953000000005,32.517057999999999,0
WAL-MART SUPERCENTER - 4318,WAL-MART STORES EAST LP,145 KELLEY BOULEVARD, ,MILLBROOK,AL,ELMORE,36054,334-285-0322,-86.398359999999997,32.493847799999998,1
TARGET,TARGET CORPORATION AND SUBSIDIARIES,2754 LEGENDS PARKWAY, ,PRATTVILLE,AL,ELMORE,36066,334-290-6001,-86.395911999999996,32.457059000000001,1
WALGREENS - 10664,WALGREEN CO,795 WILSON STREET, ,WETUMPKA,AL,ELMORE,36092,334-514-7135,-86.205573999999999,32.526494900000003,1
WAL-MART SUPERCENTER - 1101,WAL-MART STORES EAST LP,4538 UNITED STATES HIGHWAY 231, ,WETUMPKA,AL,ELMORE,36092,334-567-3077,-86.211984999999999,32.507187199999997,1
WALGREENS - 11389,WALGREEN CO,3720 STATE HIGHWAY 14, ,MILLBROOK,AL,ELMORE,36054,334-285-1450,-86.374778000000006,32.516362299999997,1
ADAMS DRUGS,MONTGOMERY DRUG CO. INC,5268 UNITED STATES HIGHWAY 231, ,WETUMPKA,AL,ELMORE,36092,334-567-5136,-86.209665999999999,32.517630099999998,0
THAMES HEALTH MART PHARMACY,"THAMES PHARMACY, INC.",121 EAST BRIDGE STREET, ,WETUMPKA,AL,ELMORE,36092,334-567-5161,-86.204713999999996,32.537987200000003,0
MEDFUSIONRX,MEDFUSIONRX LLC,5511 UNITED STATES HIGHWAY 280,SUITE 301,BIRMINGHAM,AL,SHELBY,35242,205-995-8388,-86.662869999999998,33.405662999999997,0
R AND R DRUGS HEALTH MART PHARMACY,"R & R DRUGS,INC",300 MAIN STREET NORTH, ,WARRIOR,AL,JEFFERSON,35180,205-647-0574,-86.807770000000005,33.815946199999999,0
CVS - 4889,"ALABAMA CVS PHARMACY, L.L.C.",1881 CHASE DRIVE, ,HOOVER,AL,JEFFERSON,35244,205-987-7286,-86.800303999999997,33.369849600000002,1
REDMONT PHARMACY,REDMONT PHARMACY,1102 4TH STREET NORTHWEST, ,RED BAY,AL,FRANKLIN,35582,256-356-9000,-88.149972000000005,34.456564600000000,0
STEPHENS PHARMACY,"STEPHENS PHARMACY, INC",13521 OLD HIGHWAY 280,SUITE 245,BIRMINGHAM,AL,SHELBY,35242,205-408-4484,-86.664384999999996,33.370504099999998,0
CUSTOM PHARMACY SOLUTIONS,CUSTOM PHARMACY SOLUTIONS,2637 VALLEYDALE ROAD, ,BIRMINGHAM,AL,SHELBY,35244,205-988-3383,-86.740742999999995,33.382555799999999,0
MCGUIRE DRUG COMPANY,MCGUIRE DRUG COMPANY,141 12TH AVENUE WEST, ,GUIN,AL,MARION,35563,205-468-3402,-87.915824999999998,33.966356300000001,0
MOORES PHARMACY,MOORES PHARMACY LLC,3041 ENSLEY AVENUE, ,BIRMINGHAM,AL,JEFFERSON,35208,205-785-4223,-86.878811999999996,33.498860100000002,0
NARROWS PHARMACY,NARROWS PHARMACY INC,153 NARROWS PARKWAY,SUITE 101,BIRMINGHAM,AL,SHELBY,35242,205-991-5800,-86.663833999999994,33.369282499999997,0
SAINT VINCENT'S PHARMACY,ST. VINCENT'S HOSPITAL,810 SAINT VINCENTS DRIVE, ,BIRMINGHAM,AL,JEFFERSON,35205,205-939-7090,-86.788774000000004,33.507365499999999,0
FIVE POINTS PHARMACY AND DOLLAR,"FIVE POINTS PHARMACY & DOLLAR, LLC",41 CURRY HIGHWAY, ,JASPER,AL,WALKER,35503,205-295-1750,-87.282998000000006,33.889993199999999,0
KENNETH GUIN DRUGS INCORPORATED,"KENNETH GUIN DRUGS, INC.",31946 NORTHWEST 1ST AVENUE, ,CARBON HILL,AL,WALKER,35549,205-924-9616,-87.529939999999996,33.889160300000000,0
EAST POINT PHARMACY,"EAST POINT PHARMACY, LLC",1442 JONES DAIRY ROAD, ,JASPER,AL,WALKER,35501,205-221-5595,-87.243712000000002,33.838892199999997,0
BOWIE'S DISCOUNT PHARMACY,BOWIE'S DISCOUNT PHARMACY,5100 CURRY HIGHWAY,SUITE 150,JASPER,AL,WALKER,35503,205-221-4090,-87.219463000000005,33.939692700000002,0
RITE AID - 7049,HARCO INC,241 HIGHWAY 31 SOUTHWEST,SUITE 20,HARTSELLE,AL,MORGAN,35640,256-773-6561,-86.943382000000000,34.440711700000001,0
PERSONAL TOUCH HEALTHCARE,PERSONAL TOUCH HEALTHCARE INC,824 6TH AVENUE SOUTHEAST, ,DECATUR,AL,MORGAN,35601,256-350-4782,-86.979733999999993,34.595058500000000,0
SUR SAVE HEALTH MART PHARMACY,NUSHOP LLC,6046 HIGHWAY 53, ,HARVEST,AL,MADISON,35749,256-858-2149,-86.715334999999996,34.850444299999999,0
WINN-DIXIE - 428,WINN DIXIE STORES INC,5326 UNITED STATES HIGHWAY 231 SOUTH, ,WETUMPKA,AL,ELMORE,36092,334-567-2420,-86.209528000000006,32.518055900000000,1
GRIFFIN PHARMACY,GRIFFIN INC,3844 SIPSEY ROAD, ,SIPSEY,AL,WALKER,35584,205-648-2730,-87.088002000000003,33.825046800000003,0
MAPLESVILLE PHARMACY,BROWN DRUG COMPANY INC,9081 STATE HIGHWAY 22 SOUTH, ,MAPLESVILLE,AL,CHILTON,36750,334-366-2425,-86.873486000000000,32.784252299999999,0
PEOPLES DRUGS AND GIFTS HEALTH MART PHARMACY,"PEOPLES DRUGS & VARIETY,INC.",8260 HIGHWAY 72 WEST, ,CHEROKEE,AL,COLBERT,35616,256-359-6242,-87.972306000000003,34.754671100000003,0
FOX ARMY HEALTH CENTER-DOD,FOX ARMY HEALTH CENTER,4100 GOSS ROAD, ,HUNTSVILLE,AL,MADISON,35809,256-955-8888,-86.660244000000006,34.696312700000000,0
GREENHILL PHARMACY,LEXINGTON DISCOUNT DRUG STORE INC,357 HIGHWAY 64, ,KILLEN,AL,LAUDERDALE,35645,256-757-9800,-87.526386000000002,34.929387900000002,0
WOODSTOCK DRUG HEALTH MART PHARMACY,WOODSTOCK DRUG INC,28891 HIGHWAY 5, ,WOODSTOCK,AL,BIBB,35188,205-938-9221,-87.164854000000005,33.214555300000001,0
ECONO MED INCORPORATED,ECONO MED INC,1824 MAIN AVENUE SOUTHWEST, ,CULLMAN,AL,CULLMAN,35055,256-739-0095,-86.847865999999996,34.153263299999999,0
PUBLIX - 01228,"PUBLIX SUPER MARKETS, INC.",2451 COBBS FORD ROAD,HIGH POINT TOWN CENTER,PRATTVILLE,AL,ELMORE,36066,334-285-0623,-86.398133999999999,32.461671500000001,0
MADISON DRUGS,SERVICE FIRST PHARMACIES,472 PROVIDENCE MAIN STREET, ,HUNTSVILLE,AL,MADISON,35806,256-837-1778,-86.691818999999995,34.754286800000003,0
CROSSROADS PHARMACY,KENNETH W ADAY,2800 HIGHWAY 101, ,ROGERSVILLE,AL,LAUDERDALE,35652,256-247-5833,-87.390564999999995,34.853047699999998,0
BERRY PHARMACY,"T AND K PHARMACY, INC.",31 DEPOT STREET, ,BERRY,AL,FAYETTE,35546,205-689-4777,-87.601645000000005,33.659758500000002,0
FREEMAN PHARMACY,"FREEMAN PHARMACY, INC.",701 WEST MARTIN LUTHER KING HIGHWAY,SUITE 2,TUSKEGEE,AL,MACON,36083,334-727-0047,-85.695582999999999,32.419494899999997,0
RITE AID - 7068,HARCO INC,10 GILMER AVENUE, ,TALLASSEE,AL,ELMORE,36078,334-283-6526,-85.898514000000006,32.537698399999996,0
RITE AID - 7067,HARCO INC,3741 STATE HIGHWAY 14, ,MILLBROOK,AL,ELMORE,36054,334-285-6648,-86.374746000000002,32.517916999999997,0
SPRING VIEW DRUGS HEALTH MART,"SPRING VIEW DRUGS, INC.",4810 MAIN STREET, ,MILLBROOK,AL,ELMORE,36054,334-285-6705,-86.368386999999998,32.499319200000002,0
CVS - 4940,"ALABAMA CVS PHARMACY, L.L.C.",202 WEST MARTIN LUTHER KING HIGHWAY, ,TUSKEGEE,AL,MACON,36083,334-727-6586,-85.692302999999995,32.423256199999997,1
CVS - 4865,"ALABAMA CVS PHARMACY, L.L.C.",763 WILSON STREET, ,WETUMPKA,AL,ELMORE,36092,334-567-2083,-86.205262000000005,32.527756199999999,1
CVS - 4943,"ALABAMA CVS PHARMACY, L.L.C.",460 GILMER AVENUE, ,TALLASSEE,AL,ELMORE,36078,334-283-3637,-85.903487999999996,32.543706000000000,1
ECLECTIC FAMILY HEALTH MART PHARMACY,ECLECTIC FAMILY PHARMACY INC,575 CLAUD ROAD,SUITE 2000,ECLECTIC,AL,ELMORE,36024,334-541-2522,-86.037370999999993,32.628072799999998,0
LAKE PHARMACY,CAROLYN GOLDEN,95 LIGHTWOOD ROAD, ,DEATSVILLE,AL,ELMORE,36022,334-569-2112,-86.319226000000000,32.636735500000000,0
CORBETTS HEALTH MART PHARMACY,"CORBETT PHARMACY, INC",145 STATE HIGHWAY 253, ,WINFIELD,AL,MARION,35594,205-487-4199,-87.817509000000001,33.929704600000001,0
PIGGLY WIGGLY,SOUTHERN FAMILY MARKETS LLC,100 UNITED STATES HIGHWAY 31 NORTH, ,ATHENS,AL,LIMESTONE,35611,256-232-2194,-86.953721999999999,34.801935899999997,0
RUSSELLVILLE HEALTH MART PHARMACY,LEIGHTON PHARMACY INC,14001 HIGHWAY 43,SUITE 13,RUSSELLVILLE,AL,FRANKLIN,35653,256-331-1919,-87.724305000000001,34.497381500000003,0
GRIFFIN PHARMACY,GRIFFIN INC,817 PRINCETON AVENUE SOUTHWEST,SUITE 107,BIRMINGHAM,AL,JEFFERSON,35211,205-785-1131,-86.847414999999998,33.498371400000003,0
HARBIN DISCOUNT PHARMACY,HARBIN PHARMACY INC,57 CHURCH STREET, ,BIRMINGHAM,AL,JEFFERSON,35213,205-871-2196,-86.755285999999998,33.502306500000003,0
HARBIN DISCOUNT PHARMACY,HARBIN PHARMACY INC,521 RICHARD ARRINGTON JUNIOR BOULEVARD SOUTH, ,BIRMINGHAM,AL,JEFFERSON,35233,205-323-2474,-86.799299000000005,33.508673399999999,0
HEALTHSOUTH LAKESHORE REHABILITATION HOSPITAL,"REBOUND,LLC DBA HEALTHSOUTH LAKESHORE",3800 RIDGEWAY DRIVE, ,BIRMINGHAM,AL,JEFFERSON,35209,205-868-2000,-86.786265999999998,33.468697700000000,0
WESTLAKE PHARMACY,WESTLAKE PHARMACY,815 8TH STREET NORTH, ,BESSEMER,AL,JEFFERSON,35020,205-426-9919,-86.969842999999997,33.393994700000000,0
CULLMAN DISCOUNT PHARMACY,PLOPPERT FAMILY LLC,1407 2ND AVENUE SOUTHWEST, ,CULLMAN,AL,CULLMAN,35055,256-734-4251,-86.836712000000006,34.162538599999998,0
BIRMINGHAM APOTHECARY INCORPORATED,"BIRMINGHAM APOTHECARY,INC.",1032 20TH STREET SOUTH, ,BIRMINGHAM,AL,JEFFERSON,35205,205-251-4248,-86.796802000000000,33.500818000000002,0
FRED'S - 2750,FREDS STORES OF TENNESSEE INC,525 4TH AVENUE SOUTHEAST, ,RED BAY,AL,FRANKLIN,35582,256-356-4540,-88.136967999999996,34.439413100000003,0
WAL-MART - 1711,WAL-MART STORES EAST LP,1600 MONTCLAIR ROAD, ,IRONDALE,AL,JEFFERSON,35210,205-951-0355,-86.720110000000005,33.528859199999999,1
SOUTHERN MEDICAL INCORPORATED,"SOUTHERN MEDICAL, INC.",2159 ROCKY RIDGE ROAD,SUITE 123,HOOVER,AL,JEFFERSON,35216,205-822-1972,-86.795891999999995,33.394617099999998,0
GATEWAY DISCOUNT DRUGS HEALTH MART PHARMACY,"GATEWAY DISCOUNT DRUGS, INC.",26289 HIGHWAY 195, ,DOUBLE SPRINGS,AL,WINSTON,35553,205-489-2572,-87.414958999999996,34.158970600000004,0
NAPHCARE PHARMACY,ALABAMA DEPT OF PUBLIC HEALTH,950 22ND STREET NORTH,SUITE 590,BIRMINGHAM,AL,JEFFERSON,35203,205-458-8429,-86.809499000000002,33.524654699999999,0
CVS CAREMARK,CAREMARKPCS ALABAMA MAIL PHARMACY LLC,2700 MILAN COURT, ,BIRMINGHAM,AL,JEFFERSON,35211,205-769-4000,-86.887099000000006,33.430582100000002,0
HART APOTHECARY,HART APOTHECARY LLC,1209 LAKE DRIVE SOUTHEAST,SUITE 101,BESSEMER,AL,JEFFERSON,35022,205-426-0191,-86.917851999999996,33.333830599999999,0
SHOALS PHARMACY,G.KNIGHT INC DBA SHOALS PHARMACY,1404 EAST AVALON AVENUE, ,TUSCUMBIA,AL,COLBERT,35674,256-389-9800,-87.680105999999995,34.744574100000001,0
JEFFERSON HEALTH SYSTEM PHARMACY,JEFFERSON HEALTH SYSTEM PHARMACY,1308 TUSCALOOSA AVENUE SOUTHWEST,WEST END HEALTH CENTER,BIRMINGHAM,AL,JEFFERSON,35211,205-715-6129,-86.854495000000000,33.493015399999997,0
SOLUTIONS INFUSION THERAPY,SOLUTIONS INFUSION THERAPY,2701 4TH AVENUE SOUTH, ,BIRMINGHAM,AL,JEFFERSON,35233,205-251-8676,-86.792004000000006,33.513465900000000,0
TOTAL PAIN SOLUTIONS PHARMACY,TPS LLC,3524 DECATUR HIGHWAY,SUITE 302,FULTONDALE,AL,JEFFERSON,35068,205-608-4995,-86.806090999999995,33.629587700000002,0
UNIVERSITY OF ALABAMA SPECIALTY PHARMACY,UNIVERSITY OF ALABAMA AT BIRMINGHAM,601 19TH STREET SOUTH,"4TH FLOOR, QUARTERBACK TOWER",BIRMINGHAM,AL,JEFFERSON,35233,205-934-2661,-86.801382000000004,33.506356400000001,0
UNIVERSITY OF ALABAMA MEDICAL CENTER PHARMACY,UNIV OF AL ON BEHALF OF UNIV HOSP,908 20TH STREET SOUTH,ROOM 252,BIRMINGHAM,AL,JEFFERSON,35205,205-975-5656,-86.798366000000001,33.503267100000002,0
UNIVERSITY OF ALABAMA HOSPITAL CENTRAL PHARMACY,UNIV OF ALABAMA HOSP PHARM,619 19TH STREET SOUTH,3RD FLOOR NORTH PAVILION,BIRMINGHAM,AL,JEFFERSON,35249,205-934-5350,-86.803037000000003,33.506573899999999,0
STRATA THERAPIES ELCOTT AND ASSOCIATES,STRATA THERAPIES ELCOTT AND ASSOCIATES,609 LORNA SQUARE, ,BIRMINGHAM,AL,JEFFERSON,35216,205-824-2085,-86.803522000000001,33.397035099999997,0
BARNES HEALTH CARE PHARMACY EXPRESS,BARNES HEALTH CARE & VARIETY,215 NORTH COURT STREET, ,FLORENCE,AL,LAUDERDALE,35630,256-764-3961,-87.677109999999999,34.801472599999997,0
PHARMERICA,PHARMACY CORPORATION OF AMERICA,509 MINERAL TRACE,SUITE 200,BIRMINGHAM,AL,JEFFERSON,35244,205-987-7444,-86.852682999999999,33.335497699999998,0
WALGREENS - 11651,WALGREEN CO,4700 HIGHWAY 280, ,BIRMINGHAM,AL,SHELBY,35242,205-991-1599,-86.700531999999995,33.421626799999999,1
SOUTHERN FAMILY PHARMACY,SOUTHERN FAMILY MARKETS LLC,1604 FLORENCE BOULEVARD, ,FLORENCE,AL,LAUDERDALE,35630,256-764-9042,-87.650403999999995,34.820750900000000,0
NORTHWOOD PHARMACY,GERALD L. NEWBERN DBA NORTHWOOD PHARMACY,1702 NORTH WOOD AVENUE, ,FLORENCE,AL,LAUDERDALE,35630,256-767-3100,-87.682000000000002,34.823585500000000,0
HANCEVILLE DRUG HEALTH MART PHARMACY,EDDIE H. BURKART,101 COMMERCIAL STREET SOUTHEAST, ,HANCEVILLE,AL,CULLMAN,35077,256-352-4110,-86.767932000000002,34.059117499999999,0
NUTRITIONAL PARENTERAL HOME CARE,"NUTRITIONAL PARENTERAL HOME CARE, INC.",500-B PAUL W BRYANT DRIVE EAST, ,TUSCALOOSA,AL,TUSCALOOSA,35401,205-345-4566,-87.529728000000006,33.205848799999998,0
ARNOLD'S WEST POINT PHARMACY,KL ARNOLD ENTERPRISING INC,11784 STATE HIGHWAY 157, ,VINEMONT,AL,CULLMAN,35179,256-775-6085,-86.960480000000004,34.245618000000000,0
CHAD'S PAYLESS PHARMACY,"CHAD'S PAYLESS PHARMACY, INC",501 WEST COLLEGE STREET, ,FLORENCE,AL,LAUDERDALE,35630,256-766-3298,-87.680466999999993,34.796684499999998,0
HOSPITAL HEALTH MART PHARMACY,"DUCO, INC",170 5TH STREET SOUTHWEST, ,VERNON,AL,LAMAR,35592,205-695-7911,-88.119686999999999,33.751581399999999,0
HOSPITAL DISCOUNT PHARMACY JASPER,"BEATY DRUG CO., INC.",201 19TH STREET EAST, ,JASPER,AL,WALKER,35501,205-387-1403,-87.273179999999996,33.832246599999998,0
LEXINGTON DISCOUNT DRUG STORE,LEXINGTON DISCOUNT DRUGSTORE,11601 HIGHWAY 101, ,LEXINGTON,AL,LAUDERDALE,35648,256-229-5550,-87.366904000000005,34.975090899999998,0
OMNICARE OF HUNTSVILLE,"LOBOS ACQUISITION, LLC",6767 OLD MADISON PIKE NORTHWEST,SUITE 200,HUNTSVILLE,AL,MADISON,35806,256-922-1777,-86.673885999999996,34.711861700000000,0
EAGLE PHARMACY,EAGLE PHARMACY INC,2200 RIVERCHASE CENTER,SUITE 675,BIRMINGHAM,AL,SHELBY,35244,205-682-7999,-86.783362999999994,33.365483699999999,0
CORNERSTONE PHARMACY,CORNERSTONE MEDICAL INC,9694 MADISON BOULEVARD,SUITE A5,MADISON,AL,MADISON,35758,256-772-3077,-86.780945000000003,34.665717500000000,0
PIGGLY WIGGLY,SOUTHERN FAMILY MARKETS LLC,3413 WOODWARD AVENUE, ,MUSCLE SHOALS,AL,COLBERT,35661,256-383-8467,-87.665764999999993,34.727995800000002,0
AVALON DISCOUNT DRUGS AND GIFTS,"AVALON PHARMACY, INC",2400 AVALON AVENUE, ,MUSCLE SHOALS,AL,COLBERT,35661,256-314-1001,-87.639798999999996,34.744031900000003,0
WALGREENS - 2557,WALGREEN CO,1801 WOODWARD AVENUE, ,MUSCLE SHOALS,AL,COLBERT,35661,256-383-0896,-87.667187999999996,34.744195200000000,1
CVS - 4902,"ALABAMA CVS PHARMACY, L.L.C.",610 2ND AVENUE NORTHWEST, ,CULLMAN,AL,CULLMAN,35055,256-739-4601,-86.847183999999999,34.182166700000003,1
WAL-MART SUPERCENTER - 1052,WAL-MART STORES EAST LP,3186 STATE HIGHWAY 171 NORTH, ,FAYETTE,AL,FAYETTE,35555,205-932-2737,-87.808633000000000,33.731697400000002,1
RITE AID - 7006,HARCO INC,715 CULLMAN SHOPPING CENTER NORTHWEST, ,CULLMAN,AL,CULLMAN,35055,256-734-8440,-86.851416999999998,34.183411700000001,0
WALGREENS - 10333,WALGREEN CO,3150 GREEN VALLEY ROAD, ,BIRMINGHAM,AL,JEFFERSON,35243,205-967-7483,-86.732798000000003,33.460700799999998,1
WAL-MART SUPERCENTER - 1158,WAL-MART STORES EAST LP,2473 HACKWORTH ROAD, ,BIRMINGHAM,AL,JEFFERSON,35214,205-798-9619,-86.924203000000006,33.579146100000003,1
CVS - 4859,"ALABAMA CVS PHARMACY, L.L.C.",7501 1ST AVENUE NORTH, ,BIRMINGHAM,AL,JEFFERSON,35206,205-833-2972,-86.730217999999994,33.559238499999999,1
CITIZENS EXPRESS HEALTH MART PHARMACY,CITIZEN EXPRESS PHARMACY,1513 5TH AVENUE NORTH, ,BIRMINGHAM,AL,JEFFERSON,35203,205-323-8374,-86.814424000000002,33.514902399999997,0
CVS - 4829,"ALABAMA CVS PHARMACY, L.L.C.",418 WEST VALLEY AVENUE, ,HOMEWOOD,AL,JEFFERSON,35209,205-942-7503,-86.825299999999999,33.471159299999997,1
PUBLIX - 00165,PUBLIX SUPER MARKETS INC,411 GREEN SPRINGS HIGHWAY,EDGEMONT TOWN CENTER,HOMEWOOD,AL,JEFFERSON,35209,205-944-1112,-86.819642000000002,33.465246899999997,0
PUBLIX - 00839,PUBLIX SUPER MARKETS INC,2543 JOHN HAWKINS PARKWAY,PUBLIX AT TRACE CROSSING,HOOVER,AL,JEFFERSON,35244,205-982-8519,-86.842670999999996,33.355916899999997,0
CVS - 4825,"ALABAMA CVS PHARMACY, L.L.C.",220 GADSDEN HIGHWAY, ,BIRMINGHAM,AL,JEFFERSON,35235,205-836-8344,-86.696740000000005,33.589340700000001,1
CVS - 4833,"ALABAMA CVS PHARMACY, L.L.C.",1303 DECATUR HIGHWAY, ,GARDENDALE,AL,JEFFERSON,35071,205-631-5638,-86.811017000000007,33.657928099999999,1
KMART,K MART CORP,901 DECATUR HIGHWAY, ,GARDENDALE,AL,JEFFERSON,35071,205-631-8445,-86.807800999999998,33.651290199999998,0
WALGREENS - 12056,WALGREEN CO,5271 ROSS BRIDGE PARKWAY, ,HOOVER,AL,JEFFERSON,35226,205-988-9013,-86.874133999999998,33.353139300000002,1
RITE AID - 7047,HARCO INC,2403 FLORENCE BOULEVARD, ,FLORENCE,AL,LAUDERDALE,35630,256-766-7450,-87.638585000000006,34.828383000000002,0
WAL-MART SUPERCENTER - 766,WAL-MART STORES EAST LP,3100 HOUGH ROAD, ,FLORENCE,AL,LAUDERDALE,35630,256-767-4725,-87.625210999999993,34.834220899999998,1
PUBLIX - 01065,PUBLIX SUPER MARKETS INC,3014 ALLISON BONNETT MEMORIAL DRIVE,ALLISON - BONNETT PLAZA SUITE 130,HUEYTOWN,AL,JEFFERSON,35023,205-497-5372,-86.978217000000001,33.453243999999998,0
CVS - 4925,"ALABAMA CVS PHARMACY, L.L.C.",1002 COX CREEK PARKWAY, ,FLORENCE,AL,LAUDERDALE,35633,256-766-2125,-87.688800999999998,34.840122500000000,1
CVS - 4931,"ALABAMA CVS PHARMACY, L. L.C.",11648 STATE HIGHWAY 157, ,MOULTON,AL,LAWRENCE,35650,256-974-5291,-87.273955999999998,34.484925500000003,1
COURTLAND DISCOUNT PHARMACY,COURTLAND DISCOUNT PHARMACY,369 HAMILTON STREET, ,COURTLAND,AL,LAWRENCE,35618,256-637-8050,-87.311750000000004,34.668195799999999,0
BRACKIN DRUGS HEALTH MART PHARMACY,WEARS DRUGS INC,2721 STATE HIGHWAY 20, ,TOWN CREEK,AL,LAWRENCE,35672,256-685-3530,-87.403335999999996,34.681419099999999,0
PUBLIX - 01218,PUBLIX SUPER MARKETS INC,5850 STATE HIGHWAY 53, ,HARVEST,AL,MADISON,35749,256-851-5963,-86.710258999999994,34.846360799999999,0
TARGET,TARGET CORPORATION AND SUBSIDIARIES,6275 UNIVERSITY DRIVE NORTHWEST, ,HUNTSVILLE,AL,MADISON,35806,256-971-0913,-86.681972999999999,34.741047999999999,1
RITE AID - 1140,HARCO INC,444 WYNN DRIVE NORTHWEST, ,HUNTSVILLE,AL,MADISON,35816,256-837-6240,-86.653136000000003,34.734479800000003,0
REFORM HEALTH MART PHARMACY,REFORM PHARMACY INC,211 1ST STREET SOUTH, ,REFORM,AL,PICKENS,35481,205-375-2505,-88.016050000000007,33.377182300000001,0
BRUNOS - 84,SOUTHERN FAMILY MARKETS LLC,2001 MCFARLAND BOULEVARD EAST, ,TUSCALOOSA,AL,TUSCALOOSA,35404,205-345-5855,-87.523855999999995,33.191865000000000,0
WALGREENS - 11450,WALGREEN CO,879 UNITED STATES HIGHWAY 78, ,SUMITON,AL,WALKER,35148,205-648-8420,-87.045852999999994,33.744121100000001,1
CVS - 4822,"ALABAMA CVS PHARMACY, L.L.C.",420 STATE HIGHWAY 13, ,HALEYVILLE,AL,WINSTON,35565,205-486-9202,-87.629748000000006,34.235205800000003,1
RITE AID - 7034,HARCO INC,4201 UNIVERSITY BOULEVARD EAST, ,TUSCALOOSA,AL,TUSCALOOSA,35404,205-553-9647,-87.481723000000002,33.197389899999997,0
WALGREENS - 9683,WALGREEN CO,100 NORTH AIRPORT ROAD, ,JASPER,AL,WALKER,35504,205-221-3150,-87.267865000000000,33.849150000000002,1
KMART,K MART CORP,635 SKYLAND BOULEVARD, ,TUSCALOOSA,AL,TUSCALOOSA,35405,205-752-3504,-87.545827000000003,33.163164500000001,0
JIM MYERS DRUG INCORPORATED,"JIM MYERS DRUG, INC.",3325 UNIVERSITY BOULEVARD EAST, ,TUSCALOOSA,AL,TUSCALOOSA,35404,205-556-3800,-87.493409000000000,33.206111200000002,0
KMART,K MART CORP,104 UNITED STATES HIGHWAY 31 NORTH, ,ATHENS,AL,LIMESTONE,35611,256-233-0180,-86.952517000000000,34.804662999999998,0
CVS - 4819,"ALABAMA CVS PHARMACY, L.L.C.",808 VETERANS MEMORIAL PARKWAY, ,TUSCALOOSA,AL,TUSCALOOSA,35404,205-345-0531,-87.524916000000005,33.197551500000003,1
CVS - 7217,"ALABAMA CVS PHARMACY, L.L.C.",4715 RICE MINE ROAD NORTHEAST, ,TUSCALOOSA,AL,TUSCALOOSA,35406,205-345-3455,-87.514356000000006,33.260832600000001,1
WALGREENS - 2589,WALGREEN CO,1718 BELTLINE ROAD SOUTHWEST, ,DECATUR,AL,MORGAN,35601,256-584-6626,-87.013334000000000,34.571545600000000,1
WAL-MART SUPERCENTER - 1124,WAL-MART STORES EAST LP,1201 UNITED STATES HIGHWAY 31 NORTHWEST, ,HARTSELLE,AL,MORGAN,35640,256-773-1799,-86.948797999999996,34.452427999999998,1
VALLEY DRUG COMPANY 1,VALLEY DRUG CO. INC.,1302 SOMERVILLE ROAD SOUTHEAST, ,DECATUR,AL,MORGAN,35601,256-355-8015,-86.972498999999999,34.587413900000001,0
THE APOTHECARY HEALTH MART PHARMACY,THE APOTHECARY INC,1405 GILMER AVENUE, ,TALLASSEE,AL,ELMORE,36078,334-283-3120,-85.920742000000004,32.551629599999998,0
KROGER,THE KROGER CO,1101 BELTLINE ROAD SOUTHEAST, ,DECATUR,AL,MORGAN,35601,256-350-3201,-86.976629000000003,34.560186299999998,1
CVS - 4813,"ALABAMA CVS PHARMACY, L.L.C.",4260 UNIVERSITY BOULEVARD EAST, ,TUSCALOOSA,AL,TUSCALOOSA,35404,205-556-3031,-87.479105000000004,33.197832800000000,1
WINN-DIXIE - 451,WINN DIXIE STORES INC,3625 STATE HIGHWAY 14, ,MILLBROOK,AL,ELMORE,36054,334-285-8335,-86.377105000000000,32.517595000000000,1
KMART,K MART CORP,1101 BELTLINE ROAD SOUTHEAST, ,DECATUR,AL,MORGAN,35601,256-350-2572,-86.975403000000000,34.560087899999999,0
DUNKINS PHARMACY,DUNKIN'S PHARMACY INC,7700 HIGHWAY 69 SOUTH,SUITE A,TUSCALOOSA,AL,TUSCALOOSA,35405,205-345-4410,-87.546051000000006,33.136088299999997,0
RITE AID - 7028,HARCO INC,521 UNIVERSITY BOULEVARD EAST, ,TUSCALOOSA,AL,TUSCALOOSA,35401,205-758-4423,-87.529414000000003,33.206101300000000,0
SENIOR CARE PHARMACY,SENIOR CARE PHARMACY,911 FAIRFAX PARK, ,TUSCALOOSA,AL,TUSCALOOSA,35406,800-489-3636,-87.547821999999996,33.238606099999998,0
TUSCALOOSA VETERANS AFFAIRS MEDICAL CENTER,TUSCALOOSA VAMC,3701 LOOP ROAD EAST, ,TUSCALOOSA,AL,TUSCALOOSA,35404,205-554-2000,-87.488057999999995,33.189688199999999,0
SMITHERMANS PHARMACY,SMITHERMANS PHARMACY,703 MAIN STREET, ,MONTEVALLO,AL,SHELBY,35115,205-665-2574,-86.863084000000001,33.100566700000002,0
PILL BOX HEALTH MART PHARMACY 2,THE PILLBOX PHARMACY,474 STATE HIGHWAY 67 SOUTH, ,DECATUR,AL,MORGAN,35603,256-353-0100,-86.893007999999995,34.524654800000000,0
NORTHPORT PHARMACY,"COLBURN'S NORTHPORT PHARMACY, INC.",909 MCFARLAND BOULEVARD, ,NORTHPORT,AL,TUSCALOOSA,35476,205-339-5800,-87.567058000000003,33.236502999999999,0
CVS - 7112,"ALABAMA CVS PHARMACY, L.L.C.",700 MAIN STREET, ,MONTEVALLO,AL,SHELBY,35115,205-665-1004,-86.862382999999994,33.100137599999996,1
RITE AID - 7041,HARCO INC,2300 MCFARLAND BOULEVARD,NORTHWOOD SHOPPING CENTER,NORTHPORT,AL,TUSCALOOSA,35476,205-339-2700,-87.580071000000004,33.240936599999998,0
CVS - 3004,"ALABAMA CVS PHARMACY, L.L.C.",8700 STATE HIGHWAY 69 SOUTH, ,TUSCALOOSA,AL,TUSCALOOSA,35405,205-342-1401,-87.550147999999993,33.127762300000001,1
NEILS HEALTH MART PHARMACY,"NEIL'S PHARMACY, INC",1573 CAHABA VALLEY ROAD, ,PELHAM,AL,SHELBY,35124,205-988-5023,-86.770458000000005,33.344876100000000,0
PUBLIX - 00838,PUBLIX SUPER MARKETS INC,5188 CALDWELL MILL ROAD, ,BIRMINGHAM,AL,SHELBY,35244,205-980-7511,-86.740620000000007,33.385878900000002,0
TARGET,TARGET CORPORATION AND SUBSIDIARIES,250 SOUTH COLONIAL DRIVE, ,ALABASTER,AL,SHELBY,35007,205-564-2609,-86.804368999999994,33.224340300000001,1
WAL-MART NEIGHBORHOOD MARKET - 4580,WAL-MART STORES EAST LP,1300 MONTGOMERY HIGHWAY, ,VESTAVIA HILLS,AL,JEFFERSON,35216,205-822-6022,-86.791804999999997,33.428612200000003,1
KMART,K MART CORP,3401 WOODWARD AVENUE, ,MUSCLE SHOALS,AL,COLBERT,35661,256-381-0631,-87.665796000000000,34.729254200000000,0
SAM'S CLUB - 4776,SAMS EAST INC,5651 HOLMES AVENUE NORTHWEST, ,HUNTSVILLE,AL,MADISON,35816,256-837-7323,-86.658575999999996,34.735749400000003,0
CVS - 4909,"ALABAMA CVS PHARMACY, L.L.C.",3680 STATE HIGHWAY 14, ,MILLBROOK,AL,ELMORE,36054,334-285-3041,-86.375907999999995,32.515737899999998,1
MEDICINE CHEST PHARMACY,"THE MEDICINE CHEST WELLNESS CENTER INC, DBA MEDCHEST LTC",514 FIRST STREET NORTH, ,ALABASTER,AL,SHELBY,35007,205-621-2310,-86.814777000000007,33.248293799999999,0
KMART,K MART CORP,1700 MCFARLAND BOULEVARD, ,NORTHPORT,AL,TUSCALOOSA,35476,205-339-0155,-87.573594000000000,33.239614500000002,0
WAL-MART SUPERCENTER - 3271,WAL-MART STORES EAST LP,5100 UNITED STATES HIGHWAY 31, ,CALERA,AL,SHELBY,35040,205-668-1589,-86.751920999999996,33.146324700000001,1
COSTCO,COSTCO WHOLESALE CORPORATION,3650 GALLERIA CIRCLE, ,HOOVER,AL,JEFFERSON,35244,205-909-1041,-86.812725999999998,33.379244499999999,0
RITE AID - 7366,HARCO INC,1337 MONTCLAIR ROAD, ,BIRMINGHAM,AL,JEFFERSON,35210,205-956-0400,-86.729195000000004,33.521978300000001,0
RITE AID - 7024,HARCO INC,3965 CROSSHAVEN DRIVE, ,BIRMINGHAM,AL,JEFFERSON,35243,205-969-0767,-86.730492999999996,33.460799500000000,0
MEDAUS PHARMACY,MEDAUS PHARMACY AND COMPOUNDING CENTER,6801 CAHABA VALLEY ROAD,SUITE 116,BIRMINGHAM,AL,SHELBY,35242,205-981-2352,-86.675098000000006,33.412328500000001,0
JOE'S PHARMACY,JOES PHARMACY,27691 CAPSHAW ROAD, ,HARVEST,AL,LIMESTONE,35749,256-230-3416,-86.829029000000006,34.774033400000000,0
HADDER PHARMACY INCORPORATED,HADDER PHARMACY INC,10303 MAIN STREET, ,OAKMAN,AL,WALKER,35579,205-622-3030,-87.388413000000000,33.714528199999997,0
WOOD FAMILY HEALTH MART PHARMACY,WOOD FAMILY PHARMACY INC,2748 PELHAM PARKWAY, ,PELHAM,AL,SHELBY,35124,205-664-0644,-86.803743999999995,33.311752499999997,0
HARRISON DRUG HEALTH MART PHARMACY,HARRISON DRUG,25372 HIGHWAY 195, ,DOUBLE SPRINGS,AL,WINSTON,35553,205-489-8806,-87.403167999999994,34.149912600000000,0
MEDICAL CENTER HEALTH MART PHARMACY,MICHAEL EDWARD KESSLER,507 NORTH COLUMBIA AVENUE, ,SHEFFIELD,AL,COLBERT,35660,256-381-4311,-87.696611000000004,34.763641499999999,0
WINN-DIXIE - 500,WINN DIXIE STORES INC,4701 CENTER POINT ROAD,PINSON MARKETPLACE,PINSON,AL,JEFFERSON,35126,205-680-3969,-86.679525999999996,33.695450000000001,1
WINN-DIXIE - 574,WINN DIXIE STORES INC,2402 OLD SPRINGVILLE ROAD,CHALKVILLE SQUARE SHOPPING CENTER,BIRMINGHAM,AL,JEFFERSON,35215,205-854-8880,-86.649637999999996,33.652473299999997,1
WINN-DIXIE - 517,WINN DIXIE STORES INC,3925 CROSSHAVEN DRIVE, ,BIRMINGHAM,AL,JEFFERSON,35243,205-969-1260,-86.730096000000003,33.462986399999998,1
WINN-DIXIE - 528,WINN DIXIE STORES INC,10 MCFARLAND BOULEVARD, ,NORTHPORT,AL,TUSCALOOSA,35476,205-345-2755,-87.552480000000003,33.237271300000003,1
WINN-DIXIE - 496,WINN DIXIE STORES INC,2405 UNITED STATES HIGHWAY 78 EAST, ,JASPER,AL,WALKER,35501,205-221-2340,-87.245479000000003,33.841997900000003,1
WINN-DIXIE - 479,WINN DIXIE STORES INC,9750 STATE HIGHWAY 69 SOUTH,ENGLEWOOD VILLAGE,TUSCALOOSA,AL,TUSCALOOSA,35405,205-366-9626,-87.553162000000000,33.117919100000002,1
WAL-MART SUPERCENTER - 5262,WAL-MART STORES EAST LP,2181 PELHAM PARKWAY, ,PELHAM,AL,SHELBY,35124,205-987-0301,-86.791177000000005,33.340817500000000,1
CENTRAL ALABAMA VETERANS HEALTH CARE SYSTEM - EAST CAMPUS,MONTGOMERY VAMC,2400 HOSPITAL ROAD,BUILDING 83,TUSKEGEE,AL,MACON,36083,334-727-0550,-85.713040000000007,32.445098000000002,0
WAL-MART SUPERCENTER - 287,WAL-MART STORES EAST LP,1801 UNITED STATES HIGHWAY 78 EAST, ,JASPER,AL,WALKER,35501,205-221-5110,-87.254491000000002,33.842874700000003,1
WAL-MART SUPERCENTER - 1100,WAL-MART STORES EAST LP,1706 MILITARY STREET SOUTH, ,HAMILTON,AL,MARION,35570,205-921-2889,-87.992097000000001,34.119818700000003,1
WALGREENS - 9427,WALGREEN CO,3340 PELHAM PARKWAY, ,PELHAM,AL,SHELBY,35124,205-664-8027,-86.812416999999996,33.276330700000003,1
WALGREENS - 5072,WALGREEN CO,2505 STATE HIGHWAY 150, ,HOOVER,AL,JEFFERSON,35244,205-982-9696,-86.846074000000002,33.355127600000003,1
WALGREENS - 11099,WALGREEN CO,2381 HELENA ROAD, ,HELENA,AL,SHELBY,35080,205-663-5574,-86.853684000000001,33.282902700000001,1
BIG C DISCOUNT DRUGS,C & C DRUGS INCORPORATED,106 PARKS AVENUE, ,SCOTTSBORO,AL,JACKSON,35768,256-574-5520,-86.035961000000000,34.666320800000001,0
KMART,K MART CORP,230 GREEN SPRINGS HIGHWAY, ,HOMEWOOD,AL,JEFFERSON,35209,205-916-0710,-86.823824999999999,33.465545300000002,0
KMART,K MART CORP,1731 2ND AVENUE SOUTHWEST, ,CULLMAN,AL,CULLMAN,35055,256-734-8935,-86.835796999999999,34.155299300000003,0
LOWES HEALTH MART PHARMACY,LOWES PHARMACY INC,339 9TH AVENUE SOUTHWEST, ,LAFAYETTE,AL,CHAMBERS,36862,334-864-7781,-85.407775999999998,32.883403899999998,0
BUY-RITE DRUGS,BUY-RITE DRUGS INC,401 CORSBIE STREET NORTHWEST, ,HARTSELLE,AL,MORGAN,35640,256-773-5351,-86.938308000000006,34.445337799999997,0
NHC HEALTHCARE - ANNISTON,NHC HEALTHCARE-ANNISTON LLC,2300 COLEMAN ROAD, ,ANNISTON,AL,CALHOUN,36207,256-831-5730,-85.804947999999996,33.631628300000003,0
CVS - 4867,"ALABAMA CVS PHARMACY, L.L.C.",520 STATE HIGHWAY 119 SOUTH, ,ALABASTER,AL,SHELBY,35007,205-663-5405,-86.817857000000004,33.238876400000002,1
HUBBARD PHARMACY,HUBBARD PHARMACY,1351 WEST FORT WILLIAMS STREET, ,SYLACAUGA,AL,TALLADEGA,35150,256-245-7708,-86.272980000000004,33.164634499999998,0
WAL-MART SUPERCENTER - 362,WAL-MART STORES EAST LP,2575 UNITED STATES HIGHWAY 43, ,WINFIELD,AL,MARION,35594,205-487-4345,-87.840463000000000,33.935188599999996,1
YORK PHARMACY,YORK ENTERPRISES INC,3008 27TH STREET NORTH, ,BIRMINGHAM,AL,JEFFERSON,35207,205-251-1229,-86.816961000000006,33.552541099999999,0
ADVANCED SPECIALTY PHARMACY,ADVANCED SPECIALTY PHARMACY LLC,102 OXMOOR ROAD,SUITE 118,BIRMINGHAM,AL,JEFFERSON,35209,205-941-9848,-86.838005999999993,33.456935600000001,0
KESSLERS PHARMACY,RDR CORPORATION,1152 EAST LAKE BOULEVARD, ,TARRANT,AL,JEFFERSON,35217,205-841-6421,-86.770598000000007,33.582388299999998,0
JERNIGAN HEALTHCARE,"JERNIGAN HEALTHCARE, INC.",901 DECATUR HIGHWAY, ,FULTONDALE,AL,JEFFERSON,35068,205-631-1520,-86.797363000000004,33.603367700000000,0
DORA DISCOUNT HEALTH MART PHARMACY,DORA DISCOUNT PHARMACY,2165 UNITED STATES HIGHWAY 78,SUITE 102,DORA,AL,WALKER,35062,205-936-1999,-87.063316999999998,33.755253900000000,0
MCKINNON PHARMACY INCORPORATED,MCKINNON PHARMACY INC,8420 1ST AVENUE, ,LEEDS,AL,JEFFERSON,35094,205-699-5195,-86.542123000000004,33.542831900000003,0
ASHVILLE DRUGS,ASHVILLE DRUGS INC,35767 UNITED STATES HIGHWAY 231, ,ASHVILLE,AL,ST CLAIR,35953,205-594-7088,-86.254794000000004,33.836344799999999,0
FRED'S - 1370,FREDS STORES OF TENNESSEE INC,1683 CENTER POINT ROAD, ,CENTER POINT,AL,JEFFERSON,35215,205-853-7603,-86.682756999999995,33.633290799999997,0
HOMEWOOD PHARMACY,HOMEWOOD PHARMACY,940 OXMOOR ROAD, ,HOMEWOOD,AL,JEFFERSON,35209,205-871-9000,-86.808482999999995,33.473926300000002,0
LATHAMS PHARMACY,PARRISH INC,178 SOUTH MAIN STREET, ,ARAB,AL,MARSHALL,35016,256-586-4132,-86.496666000000005,34.313952899999997,0
WALGREENS INFUSION,"WALGREENS-OPTIONCARE, INC.",140 OXMOOR BOULEVARD,SUITE 140,BIRMINGHAM,AL,JEFFERSON,35209,888-840-9407,-86.833594000000005,33.461719400000000,1
PINSON DISCOUNT DRUGS,PINSON DISCOUNT DRUGS INC,6662 STATE HIGHWAY 75,SUITE 118,PINSON,AL,JEFFERSON,35126,205-680-3737,-86.682231000000002,33.698124600000000,0
PAYLESS DRUGS,PAYLESS DRUGS,584 MORRIS MAJESTIC ROAD, ,MORRIS,AL,JEFFERSON,35116,205-647-0515,-86.810067000000004,33.748068799999999,0
PROPST DISCOUNT DRUGS HEALTH MART PHARMACY,PROPST DISCOUNT DRUGS INC,717 PRATT AVENUE NORTHEAST, ,HUNTSVILLE,AL,MADISON,35801,256-539-7443,-86.575862999999998,34.739072000000000,0
SPECIAL FORMULA PRESCRIPTIONS,"SPECIAL FORMULA PRESCRIPTIONS, INC",3918 MONTCLAIR ROAD,SUITE 203,BIRMINGHAM,AL,JEFFERSON,35213,205-871-7445,-86.760717999999997,33.507230200000002,0
JACKSON'S ROCKY RIDGE HEALTH MART PHARMACY,"JACKSON'S ROCKY RIDGE PHARMACY, INC",3346 MORGAN DRIVE, ,VESTAVIA,AL,JEFFERSON,35216,205-822-5200,-86.774787000000003,33.426556699999999,0
SUPERTARGET,TARGET CORPORATION AND SUBSIDIARIES,5561 GROVE BOULEVARD, ,BIRMINGHAM,AL,JEFFERSON,35226,205-747-1655,-86.852725000000007,33.361484699999998,1
RITE AID - 7370,HARCO INC,1615 MONTGOMERY HIGHWAY,HOOVER COMMONS SHOPPING CENTER,HOOVER,AL,JEFFERSON,35216,205-823-6091,-86.804820000000007,33.397810000000000,0
LANGLEY HEALTH MART PHARMACY,CGBL DBA LANGLEY PHARMACY,4330 HIGHWAY 78 EAST,SUITE 109,JASPER,AL,WALKER,35501,205-221-1008,-87.225887000000000,33.838714500000002,0
WAL-MART SUPERCENTER - 3386,WAL-MART STORES EAST LP,160 SPRINGVILLE STATION BOULEVARD, ,SPRINGVILLE,AL,ST CLAIR,35146,205-467-3397,-86.432884000000001,33.779802099999998,1
ODENVILLE HEALTH MART PHARMACY,"ODENVILLE DRUGS, INC",110 COUNCIL DRIVE, ,ODENVILLE,AL,ST CLAIR,35120,205-629-6303,-86.406146000000007,33.675493799999998,0
SETON PHARMACY,VINCENTIAN VENTURES OF NORTH ALABAMA,2700 10TH AVENUE SOUTH,SUITE 106,BIRMINGHAM,AL,JEFFERSON,35205,205-930-2520,-86.787340000000000,33.507741899999999,0
ASHLAND PHARMACY INCORPORATED,ASHLAND PHARMACY INC,83074 STATE HIGHWAY 9, ,ASHLAND,AL,CLAY,36251,256-354-2166,-85.835993999999999,33.273748400000002,0
KMART,K MART CORP,201 GEORGE WALLACE DRIVE, ,GADSDEN,AL,ETOWAH,35903,256-547-2586,-85.996286999999995,34.006853900000003,0
MARTINS PHARMACY,FAMILY PHARMACY INC,610 QUINTARD DRIVE, ,OXFORD,AL,CALHOUN,36203,256-831-6116,-85.828123000000005,33.614064599999999,0
COOPER GREEN HOSPITAL PHARMACY,JEFFERSON COUNTY COMMISSION,1515 6TH AVENUE SOUTH, ,BIRMINGHAM,AL,JEFFERSON,35233,205-930-3244,-86.806633000000005,33.503357899999997,0
CLEVELAND DISCOUNT HEALTH MART PHARMACY,SHEARUE INC.,36321 STATE HIGHWAY 79,SUITE 2,CLEVELAND,AL,BLOUNT,35049,205-274-8000,-86.588634999999996,33.984476999999998,0
JEFFERSON HEALTH SYSTEM PHARMACY,JEFFERSON HEALTH SYSTEM PHARMACY,1400 6TH AVENUE SOUTH, ,BIRMINGHAM,AL,JEFFERSON,35233,205-930-1064,-86.808400000000006,33.503804299999999,0
CROSSVILLE DRUGS,CROSSVILLE DRUGS,15192 STATE HIGHWAY 68, ,CROSSVILLE,AL,DEKALB,35962,256-528-7124,-86.003398000000004,34.284883899999997,0
JEFFERSON METRO PHARMACY,JEFFERSON COUNTY COMMISSION,2101 DANIEL PAYNE DRIVE, ,BIRMINGHAM,AL,JEFFERSON,35214,205-791-4720,-86.864834000000002,33.552891400000000,0
UNIVERSITY OF ALABAMA FAMILY PRACTICE PHARMACY,UNIV OF AL ON BEHALF OF UNIV HOSP,930 20TH STREET SOUTH, ,BIRMINGHAM,AL,JEFFERSON,35205,205-975-7792,-86.797928999999996,33.502308100000000,0
UNIVERSITY OF ALABAMA KIRKLIN CLINIC PHARMACY,UNIV OF AL ON BEHALF OF UNIV HOSP,2000 6TH AVENUE SOUTH, ,BIRMINGHAM,AL,JEFFERSON,35233,205-801-8732,-86.800203999999994,33.508106699999999,0
WALGREENS - 10523,WALGREEN CO,1613 GLENN BOULEVARD SOUTHWEST, ,FORT PAYNE,AL,DEKALB,35968,256-845-0128,-85.755032000000000,34.438263599999999,1
WINN-DIXIE - 509,WINN DIXIE STORES INC,150 CHELSEA CORNERS, ,CHELSEA,AL,SHELBY,35043,205-678-8878,-86.630864000000003,33.346315699999998,1
PHYSICIANS APOTHECARY,GUEST APOTHECARY INC,1011 FORREST AVENUE, ,GADSDEN,AL,ETOWAH,35901,256-547-8631,-86.014925000000005,34.017214899999999,0
WALGREENS - 7716,WALGREEN CO,3434 RAINBOW DRIVE, ,RAINBOW CITY,AL,ETOWAH,35906,256-413-1767,-86.040648000000004,33.954855199999997,1
CVS - 4845,"ALABAMA CVS PHARMACY, L.L.C.",806 HOKE STREET, ,GADSDEN,AL,ETOWAH,35903,256-492-4807,-85.969774999999998,34.003415300000000,1
ALACO DISCOUNT HEALTH MART PHARMACY - 7,J & A PHARMACEUTICALS INC,544 WEST MAIN STREET, ,GLENCOE,AL,ETOWAH,35905,256-492-0223,-85.942170000000004,33.964604799999996,0
RITE AID - 1141,HARCO INC,1338-A WINCHESTER ROAD NORTHEAST, ,HUNTSVILLE,AL,MADISON,35811,256-852-3776,-86.523013000000006,34.802252500000002,0
WALGREENS - 6431,WALGREEN CO,3997 UNIVERSITY DRIVE NORTHWEST, ,HUNTSVILLE,AL,MADISON,35816,256-534-2785,-86.626255000000000,34.734460700000000,1
WAL-MART - 5197,WAL-MART STORES EAST LP,330 SUTTON ROAD SOUTHEAST, ,OWENS CROSS ROADS,AL,MADISON,35763,256-534-4775,-86.485759000000002,34.657228400000001,1
PUBLIX - 01126,"PUBLIX SUPER MARKETS, INC",2246 WINCHESTER ROAD NORTHEAST, ,HUNTSVILLE,AL,MADISON,35811,256-851-5813,-86.489690999999993,34.816237700000002,0
KROGER,THE KROGER CO,2009 DRAKE AVENUE SOUTHWEST, ,HUNTSVILLE,AL,MADISON,35801,256-650-5982,-86.590012999999999,34.703198200000003,1
PUBLIX - 00209,PUBLIX SUPER MARKETS INC,12796 BAILEY COVE ROAD SOUTHEAST, ,HUNTSVILLE,AL,MADISON,35803,256-885-2161,-86.538477000000000,34.622789900000001,0
RITE AID - 1146,HARCO INC,14450 HIGHWAY 231/431 NORTH, ,HAZEL GREEN,AL,MADISON,35750,256-828-5133,-86.570735999999997,34.940197300000001,0
RITE AID - 7055,HARCO INC,12290 HIGHWAY 231/431 NORTH, ,MERIDIANVILLE,AL,MADISON,35759,256-828-1000,-86.569395000000000,34.870283800000003,0
PUBLIX - 01190,"PUBLIX SUPER MARKETS, INC.",12290 HIGHWAY 231/431 NORTH, ,MERIDIANVILLE,AL,MADISON,35759,256-829-3492,-86.569323999999995,34.870981700000002,0
WAL-MART - 375,WAL-MART STORES EAST LP,2900 SOUTH MEMORIAL PARKWAY, ,HUNTSVILLE,AL,MADISON,35801,256-536-0315,-86.590941000000001,34.706471200000003,1
WALGREENS - 10850,WALGREEN CO,11399 MEMORIAL PARKWAY SOUTHWEST, ,HUNTSVILLE,AL,MADISON,35803,256-885-2212,-86.566012000000001,34.630824699999998,1
KROGER,THE KROGER CO,6070 MOORES MILL ROAD, ,HUNTSVILLE,AL,MADISON,35811,256-852-4267,-86.534847999999997,34.800509599999998,1
CVS - 4861,"ALABAMA CVS PHARMACY, L.L.C.",32815 UNITED STATES HIGHWAY 280, ,CHILDERSBURG,AL,TALLADEGA,35044,256-378-5534,-86.357968999999997,33.276363300000000,1
RITE AID - 4617,HARCO INC,101 ASBURY STREET, ,TALLADEGA,AL,TALLADEGA,35160,256-362-9540,-86.091676000000007,33.436766300000002,0
PROFESSIONAL APOTHECARY,PROFESSIONAL APOTHECARY,210 NORTH STREET WEST, ,TALLADEGA,AL,TALLADEGA,35160,256-362-8328,-86.103927999999996,33.434969299999999,0
WALGREENS - 11279,WALGREEN CO,7155 UNITED STATES HIGHWAY 431, ,ALBERTVILLE,AL,MARSHALL,35950,256-878-4447,-86.204302999999996,34.275475700000001,1
WALGREENS - 10965,WALGREEN CO,920 UNITED STATES HIGHWAY 431, ,BOAZ,AL,MARSHALL,35957,256-593-6092,-86.150312999999997,34.199968800000001,1
WALGREENS - 10110,WALGREEN CO,1832 ASHVILLE ROAD NORTHEAST, ,LEEDS,AL,ST CLAIR,35094,205-702-4783,-86.522867000000005,33.563015100000001,1
WAL-MART SUPERCENTER - 298,WAL-MART STORES EAST LP,1972 UNITED STATES HIGHWAY 431, ,BOAZ,AL,MARSHALL,35957,256-593-0495,-86.153414999999995,34.214775000000003,1
PARKWAY PHARMACY,PARKWAY PHARMACY,606 NORTH BRINDLEE MOUNTAIN PARKWAY, ,ARAB,AL,MARSHALL,35016,256-586-4120,-86.502492000000004,34.325327700000003,0
CVS - 4839,"ALABAMA CVS PHARMACY, L.L.C.",118 COMER AVENUE, ,PELL CITY,AL,ST CLAIR,35125,205-338-2628,-86.281541000000004,33.589128799999997,1
WINN-DIXIE - 410,WINN DIXIE STORES INC,1009 MARTIN STREET SOUTH,PELL CITY MARKETPLACE,PELL CITY,AL,ST CLAIR,35128,205-884-1115,-86.276618999999997,33.578893700000002,1
FRED'S - 2740,FREDS STORES OF TENNESSEE INC,584 MCCURDY AVENUE SOUTH, ,RAINSVILLE,AL,DEKALB,35986,256-638-4777,-85.852819999999994,34.487218900000002,0
TYNER'S PHARMACY,TYNER'S PHARMACY,5616 CHALKVILLE ROAD, ,BIRMINGHAM,AL,JEFFERSON,35235,205-856-3784,-86.634736000000004,33.650126000000000,0
KMART,K MART CORP,803 MARTIN STREET SOUTH, ,PELL CITY,AL,ST CLAIR,35128,205-884-2703,-86.277772999999996,33.579867600000000,0
WAL-MART SUPERCENTER - 2713,WAL-MART STORES EAST LP,5919 TRUSSVILLE CROSSINGS PARKWAY, ,BIRMINGHAM,AL,JEFFERSON,35235,205-661-1968,-86.629210000000000,33.638967800000003,1
WRIGHT DRUG AND GIFT HEALTH MART PHARMACY,WRIGHT DRUG & GIFT INC,206 7TH STREET SOUTH, ,CLANTON,AL,CHILTON,35045,205-755-3350,-86.628566000000006,32.836254900000000,0
JONES DISCOUNT HEALTH MART PHARMACY,JONES DISCOUNT PHARMACY INC,1036 NORTH BRINDLEE MOUNTAIN PARKWAY, ,ARAB,AL,MARSHALL,35016,256-586-3179,-86.502491000000006,34.332687300000003,0
DOUGLAS DISCOUNT HEALTH MART PHARMACY,DOUGLAS DISCOUNT PHARMACY INC,9107 AL HIGHWAY 75,SUITE A,HORTON,AL,MARSHALL,35980,256-593-1750,-86.326322000000005,34.171921300000001,0
BISHOPS SCANT CITY PHARMACY AND GIFTS,BISHOPS SCANT CITY PHARMACY AND GIFT,8180 AL HIGHWAY 69, ,GUNTERSVILLE,AL,MARSHALL,35976,256-753-2994,-86.423379999999995,34.362780200000003,0
HARALSON DRUGS COMPANY HEALTH MART PHARMACY,HARALSON DRUG COMPANY INC,1941 PATTERSON STREET, ,GUNTERSVILLE,AL,MARSHALL,35976,256-582-3661,-86.312630999999996,34.339199000000001,0
JERRY'S DISCOUNT HEALTH MART PHARMACY,JERRY D ROGERS,300 WALL STREET, ,GADSDEN,AL,ETOWAH,35904,256-547-1221,-86.045592999999997,34.021583000000000,0
CVS - 4849,"ALABAMA CVS PHARMACY, L.L.C.",2608 WEST MEIGHAN BOULEVARD, ,GADSDEN,AL,ETOWAH,35904,256-543-9709,-86.044438000000000,34.022121900000002,1
PELL CITY HEALTH MART PHARMACY,PELL CITY PHARMACY INC,1027 MARTIN STREET SOUTH, ,PELL CITY,AL,ST CLAIR,35128,205-338-6080,-86.277006000000000,33.579477599999997,0
PHARMACY FIRST,PHARMACY FIRST LLC,2302 WHITESBURG DRIVE SOUTH, ,HUNTSVILLE,AL,MADISON,35801,256-533-9314,-86.577145999999999,34.715948400000002,0
FAIRFAX DRUG COMPANY,"FDC, INC",89 TRAMMELL BLOCK, ,VALLEY,AL,CHAMBERS,36854,334-756-2305,-85.183767000000003,32.796889700000001,0
ALACO DISCOUNT HEALTH MART PHARMACY 5,J AND A PHARMACY INC PIEDMONT,702 UNITED STATES HIGHWAY 278 BYPASS EAST, ,PIEDMONT,AL,CALHOUN,36272,256-447-7779,-85.597891000000004,33.934210899999997,0
HUNTSVILLE COMPOUNDING PHARMACY,HUNTSVILLE COMPOUNDING PHARMACY INC,2121 WHITESBURG DRIVE,SUITE E,HUNTSVILLE,AL,MADISON,35801,256-425-0123,-86.577091999999993,34.717631500000003,0
NORTH ALABAMA HOME HEALTH,RABAR INC.,3656 STATE HIGHWAY 69, ,GUNTERSVILLE,AL,MARSHALL,35976,256-571-7115,-86.348819000000006,34.362738700000001,0
HUNTSVILLE HOSPITAL,HUNTSVILLE HOSPITAL PHARMACY,101 SIVLEY ROAD SOUTHWEST, ,HUNTSVILLE,AL,MADISON,35801,256-265-8288,-86.580766999999994,34.721110000000003,0
NEW MARKET DISCOUNT DRUGS,NEW MARKET DISCOUNT DRUGS INC,5324 WINCHESTER ROAD, ,NEW MARKET,AL,MADISON,35761,256-379-4670,-86.429177999999993,34.904107699999997,0
RITE AID - 7004,HARCO INC,641 OLLIE AVENUE, ,CLANTON,AL,CHILTON,35045,205-755-5879,-86.632660000000001,32.849244599999999,0
VALLEY HEALTH MART PHARMACY,JOHN MINTER,4103 20TH AVENUE, ,VALLEY,AL,CHAMBERS,36854,334-756-2037,-85.176094000000006,32.831429100000001,0
CVS - 4972,"ALABAMA CVS PHARMACY, L.L.C.",315 3RD STREET NORTHWEST, ,ATTALLA,AL,ETOWAH,35954,256-538-9699,-86.089331999999999,34.020396499999997,1
RICKS DISCOUNT HEALTH MART PHARMACY,MEDI-AGE PHARMACEUTICALS INC,320 4TH AVENUE NORTHWEST, ,ATTALLA,AL,ETOWAH,35954,256-538-5850,-86.090593999999996,34.020934500000003,0
WALGREENS - 7717,WALGREEN CO,107 EAST MEIGHAN BOULEVARD, ,GADSDEN,AL,ETOWAH,35903,256-547-4719,-85.991577000000007,34.010438299999997,1
INDEPENDENT HEALTH SERVICES INCORPORATED,INDEPENDENT HEALTH SERVICES,504 MCCURDY AVENUE SOUTH, ,RAINSVILLE,AL,DEKALB,35986,256-638-1060,-85.852194999999995,34.487727100000001,0
BIG C DISCOUNT DRUGS,C & S PHARMACY INC.,21549 STATE HIGHWAY 79, ,SCOTTSBORO,AL,JACKSON,35768,256-587-3332,-86.121634999999998,34.799473300000002,0
WAL-MART SUPERCENTER - 301,WAL-MART STORES EAST LP,340 EAST MEIGHAN BOULEVARD, ,GADSDEN,AL,ETOWAH,35903,256-547-8928,-85.987223999999998,34.012793899999998,1
PUBLIX - 01082,PUBLIX SUPER MARKETS INC,7272 GADSDEN HIGHWAY,THE SHOPS AT DEERFOOT,TRUSSVILLE,AL,JEFFERSON,35173,205-661-3506,-86.579896000000005,33.641375300000000,0
RITE AID - 7056,HARCO INC,6707 UNITED STATES HIGHWAY 431,SUITE 101,OWENS CROSS ROADS,AL,MADISON,35763,256-533-5883,-86.481159000000005,34.659554000000000,0
WALGREENS - 6464,WALGREEN CO,3120 BOB WALLACE AVENUE SOUTHWEST, ,HUNTSVILLE,AL,MADISON,35805,256-533-5058,-86.608512000000005,34.712101599999997,1
WAL-MART - 433,WAL-MART STORES EAST LP,2200 SPARKMAN DRIVE NORTHWEST, ,HUNTSVILLE,AL,MADISON,35810,256-852-1323,-86.592388000000000,34.765217600000000,1
CVS - 4866,"ALABAMA CVS PHARMACY, L.L.C.",222 WEST COLLEGE STREET, ,COLUMBIANA,AL,SHELBY,35051,205-669-3153,-86.613932000000005,33.180552700000000,1
RITE AID - 7058,HARCO INC,4906 WHITESBURG DRIVE SOUTH, ,HUNTSVILLE,AL,MADISON,35802,256-883-0325,-86.568813000000006,34.691894300000001,0
WALGREENS - 6979,WALGREEN CO,2784 CARL T JONES DRIVE SOUTHEAST, ,HUNTSVILLE,AL,MADISON,35802,256-882-2883,-86.540195999999995,34.672400199999998,1
FORT WILLIAMS PHARMACY,FORT WILLIAMS PHARMACY,401 WEST FORT WILLIAMS STREET, ,SYLACAUGA,AL,TALLADEGA,35150,256-207-2007,-86.256850000000000,33.166998800000002,0
WALGREENS - 10598,WALGREEN CO,100 WEST FORT WILLIAMS STREET, ,SYLACAUGA,AL,TALLADEGA,35150,256-249-8646,-86.252740000000003,33.167778900000002,1
MORGAN DRUGS,SERVICE FIRST PHARMACIES,4150 UNITED STATES HIGHWAY 231,SUITE 7,LACEYS SPRING,AL,MORGAN,35754,256-498-3200,-86.572413999999995,34.476671799999998,0
DAVIS DRUGS,DAVIS DRUG CO INC,111 SOUTH MAIN STREET, ,COLUMBIANA,AL,SHELBY,35051,205-669-6713,-86.606904000000000,33.177906700000001,0
WAL-MART SUPERCENTER - 5113,WAL-MART STORES EAST LP,165 VAUGHAN LANE, ,PELL CITY,AL,ST CLAIR,35125,205-338-5312,-86.277113000000000,33.609536599999998,1
CVS - 4842,"ALABAMA CVS PHARMACY, L.L.C.",410 EAST BATTLE STREET, ,TALLADEGA,AL,TALLADEGA,35160,205-362-0163,-86.096379999999996,33.436098899999998,1
CVS - 4893,"ALABAMA CVS PHARMACY, L.L.C.",1105 7TH STREET NORTH, ,CLANTON,AL,CHILTON,35045,205-755-4336,-86.634423999999996,32.849123300000002,1
FRED'S - 2600,FREDS STORES OF TENNESSEE INC,505 MARTIN STREET NORTH, ,PELL CITY,AL,ST CLAIR,35125,205-814-0300,-86.284503000000001,33.593107199999999,0
KLEIN DRUG SHOPPE,"KLEIN DRUG SHOPPE, INC",87490 UNITED STATES HIGHWAY 278, ,ALTOONA,AL,BLOUNT,35952,205-466-3636,-86.392235999999997,34.116655899999998,0
PHYSICIANS APOTHECARY NOCCALULA,GUEST APOTHECARY INC,102 EBLE STREET,SUITE A,GADSDEN,AL,ETOWAH,35904,256-543-0062,-86.021072000000004,34.037781199999998,0
MODERN MEDICAL CONCEPTS HOMECARE,"MODERN MEDICAL CONCEPTS HOMECARE, INC",110 MMC PARKWAY, ,RAINBOW CITY,AL,ETOWAH,35906,256-442-5225,-86.028450000000007,33.966691500000003,0
FRED'S - 1083,FREDS STORES OF TENNESSEE INC,120 SPRING BRANCH DRIVE, ,ALEXANDRIA,AL,CALHOUN,36250,256-847-0494,-85.891675000000006,33.769786000000003,0
BUY-WISE DISCOUNT PHARMACY,PHARMBEST DRUGS INC,120 BATTLE STREET EAST, ,TALLADEGA,AL,TALLADEGA,35160,256-362-8551,-86.100821999999994,33.435091499999999,0
SPRINGVILLE DISCOUNT DRUGS,PAYLESS DRUGS,460 WALKER DRIVE, ,SPRINGVILLE,AL,ST CLAIR,35146,205-467-7988,-86.475600000000000,33.769426899999999,0
J AND M HEALTH MART PHARMACY AND COMPOUNDING CENTER,"J&M PHARMACY AND COMPOUNDING CENTER, LLC",2040 2ND AVENUE, ,ONEONTA,AL,BLOUNT,35121,205-274-2740,-86.453056000000004,33.969849199999999,0
TOTAL RESPIRATORY MEDICATION,"TOTAL RESPIRATORY MEDICATIONS, INC.",4506 20TH AVENUE, ,VALLEY,AL,CHAMBERS,36854,334-756-3809,-85.174036999999998,32.826335999999998,0
GREENE SUPER DRUGS HEALTH MART PHARMACY,CHARLES R SPIVEY,701 NORTH GILMER AVENUE, ,LANETT,AL,CHAMBERS,36863,334-644-3154,-85.185608000000002,32.873719999999999,0
DEANS DRUGS / DEANS LONG TERM CARE PHARMACY,DEANS PHARMACY,699 CEDAR BLUFF ROAD, ,CENTRE,AL,CHEROKEE,35960,256-927-5569,-85.668175000000005,34.160789899999997,0
CLEARVIEW CANCER INSTITUTE,ONCOLOGY SPECIALTIES PC,3601 CCI DRIVE NORTHWEST, ,HUNTSVILLE,AL,MADISON,35805,256-327-5900,-86.621741000000000,34.723315599999999,0
HUNTSVILLE METRO TREATMENT CENTER,"METRO TREATMENT OF ALABAMA, LP",2227 DRAKE AVENUE,SUITE 19,HUNTSVILLE,AL,MADISON,35805,256-881-1311,-86.604427999999999,34.698439700000002,0
HUNNINGTON HEALTH MART PHARMACY,C AND H INC,11220 SOUTH MEMORIAL PARKWAY,SUITE R,HUNTSVILLE,AL,MADISON,35803,256-882-7979,-86.568545999999998,34.635267100000000,0
CHASE HEALTH MART PHARMACY,CHASE PHARMACY INC,1762 WINCHESTER ROAD NORTHEAST, ,HUNTSVILLE,AL,MADISON,35811,256-851-1345,-86.507620000000003,34.809906400000003,0
STAR DISCOUNT PHARMACY,STAR DISCOUNT PHARMACY,12078 HIGHWAY 231 431 NORTH, ,MERIDIANVILLE,AL,MADISON,35759,256-829-0209,-86.570560999999998,34.864649600000000,0
ANNISTON QUALITY HEALTH CARE PHARMACY,QUALITY OF LIFE HEALTH SERVICES INC.,1316 NOBLE STREET,SUITE 1C,ANNISTON,AL,CALHOUN,36201,256-439-6393,-85.830179000000001,33.661811700000001,0
MEDICAL ARTS PHARMACY,"MEDICAL ARTS PHARMACY OF HUNTSVILLE, INC.",2012 WHITESBURG DRIVE SOUTH, ,HUNTSVILLE,AL,MADISON,35801,256-534-6438,-86.579132000000001,34.718963700000003,0
NORTH RIMM PHARMACY,NORTH RIMM PHARMACY LLC,5045 MEMORIAL PARKWAY NORTHWEST, ,HUNTSVILLE,AL,MADISON,35810,256-859-1555,-86.577303999999998,34.794935199999998,0
THE DRUG STORE AT GRINERS,THE DRUG STORE AT GRINERS LLC,14470 HIGHWAY 231 431 NORTH, ,HAZEL GREEN,AL,MADISON,35750,256-813-2190,-86.570712999999998,34.940977799999999,0
BLOUNTSVILLE HEALTH MART PHARMACY,BLOUNTSVILLE PHARMACY,69005 MAIN STREET, ,BLOUNTSVILLE,AL,BLOUNT,35031,205-429-3351,-86.591402000000002,34.081098900000001,0
CLAY COUNTY HOSPITAL,CLAY COUNTY HOSPITAL AND NURSING HOME,82835 STATE HIGHWAY 9, ,ASHLAND,AL,CLAY,36251,256-354-2131,-85.823874000000004,33.277845900000003,0
WAL-MART SUPERCENTER - 424,WAL-MART STORES EAST LP,1415 7TH STREET SOUTH, ,CLANTON,AL,CHILTON,35045,205-755-5728,-86.609363999999999,32.816788899999999,1
WAL-MART SUPERCENTER - 733,WAL-MART STORES EAST LP,3501 20TH AVENUE, ,VALLEY,AL,CHAMBERS,36854,334-768-2110,-85.178695000000005,32.834999400000001,1
YOUNGS DRUG STORE,YOUNG DRUG COMPANY,60140 STATE HIGHWAY 49, ,LINEVILLE,AL,CLAY,36266,256-396-5632,-85.754163000000005,33.311030000000002,0
WAL-MART SUPERCENTER - 691,WAL-MART STORES EAST LP,2001 GLENN BOULEVARD SOUTHWEST, ,FORT PAYNE,AL,DEKALB,35968,256-997-1194,-85.761911999999995,34.440132100000000,1
SYLVANIA PHARMACY INCORPORATED,SYLVANIA PHARMACY INC.,14 INDUSTRIAL LANE, ,SYLVANIA,AL,DEKALB,35988,256-638-6070,-85.801834999999997,34.559275399999997,0
CVS - 4823,"ALABAMA CVS PHARMACY, L.L.C.",3403 RAINBOW DRIVE, ,RAINBOW CITY,AL,ETOWAH,35906,256-442-4582,-86.040013999999999,33.957218400000002,1
LAWLEY DRUG AND MEDICAL,LAWLEY DRUG AND MEDICAL,1250 STATE HIGHWAY 77, ,SOUTHSIDE,AL,ETOWAH,35907,256-413-4473,-86.025051000000005,33.935130399999998,0
CVS - 4854,"ALABAMA CVS PHARMACY, L.L.C.",602 1ST AVENUE, ,ONEONTA,AL,BLOUNT,35121,205-625-6420,-86.471456000000003,33.948241899999999,1
WAL-MART SUPERCENTER - 562,WAL-MART STORES EAST LP,8551 WHITFIELD AVENUE, ,LEEDS,AL,ST CLAIR,35094,205-699-0677,-86.518675999999999,33.562128899999998,1
CVS - 4840,"ALABAMA CVS PHARMACY, L.L.C.",7596 PARKWAY DRIVE SOUTHEAST, ,LEEDS,AL,JEFFERSON,35094,205-699-3105,-86.551625000000001,33.547441599999999,1
CARROLL TOTAL CARE HEALTH MART PHARMACY,CARROLL TOTAL CARE PHARMACY INC.,6767 OLD SPRINGVILLE ROAD, ,PINSON,AL,JEFFERSON,35126,205-680-5557,-86.602048999999994,33.701235699999998,0
CVS - 4910,"ALABAMA CVS PHARMACY, L.L.C.",6181 UNITED STATES HIGHWAY 431, ,ALBERTVILLE,AL,MARSHALL,35950,256-878-3502,-86.193351000000007,34.265871400000002,1
CVS - 4908,"ALABAMA CVS PHARMACY, L.L.C.",2525 OAKWOOD AVENUE NORTHWEST, ,HUNTSVILLE,AL,MADISON,35810,256-533-5754,-86.609294000000006,34.748835499999998,1
CVS - 4924,"ALABAMA CVS PHARMACY, L.L.C.",3115 BOB WALLACE AVENUE SOUTHWEST, ,HUNTSVILLE,AL,MADISON,35805,256-534-0637,-86.608705000000000,34.710794399999997,1
KROGER,THE KROGER CO,2110 OAKWOOD AVENUE NORTHWEST, ,HUNTSVILLE,AL,MADISON,35810,256-539-5136,-86.600668999999996,34.750643699999998,1
PUBLIX - 00574,PUBLIX SUPER MARKETS INC,4851 WHITESBURG DRIVE SOUTH,SUITE B,HUNTSVILLE,AL,MADISON,35802,256-650-2396,-86.565954000000005,34.692797700000000,0
STAR PHARMACY,STAR DISCOUNT PHARMACY INC,702 PRATT AVENUE NORTHEAST, ,HUNTSVILLE,AL,MADISON,35801,256-534-1118,-86.576288000000005,34.738504300000002,0
CVS - 5413,"ALABAMA CVS PHARMACY, L.L.C.",2210 WINCHESTER ROAD NORTHEAST, ,HUNTSVILLE,AL,MADISON,35811,256-858-8595,-86.492069000000001,34.817002899999999,1
KMART,K MART CORP,1401 MEMORIAL PARKWAY NORTHWEST, ,HUNTSVILLE,AL,MADISON,35801,256-539-6576,-86.603098000000003,34.746999600000002,0
COSTCO,COSTCO WHOLESALE CORPORATION,1205 NORTH MEMORIAL PARKWAY, ,HUNTSVILLE,AL,MADISON,35801,256-519-2222,-86.603223999999997,34.743990500000002,0
TARGET,TARGET CORPORATION AND SUBSIDIARIES,2750 CARL T JONES DRIVE SOUTHEAST, ,HUNTSVILLE,AL,MADISON,35802,256-883-6295,-86.542413999999994,34.673194899999999,1
COOSA VALLEY MEDICAL CENTER PHARMACY,SYLACAUGA HEALTH CARE AUTHORITY INC,315 WEST HICKORY STREET, ,SYLACAUGA,AL,TALLADEGA,35150,256-401-4000,-86.255481000000003,33.164366100000002,0
CVS - 4915,"ALABAMA CVS PHARMACY, L.L.C.",2 NORTH BROADWAY AVENUE, ,SYLACAUGA,AL,TALLADEGA,35150,256-249-4962,-86.250270999999998,33.167634499999998,1
RITE AID - 7011,HARCO INC,1 NORTH BROADWAY AVENUE, ,SYLACAUGA,AL,TALLADEGA,35150,256-245-7474,-86.251395000000002,33.167701299999997,0
WAL-MART SUPERCENTER - 432,WAL-MART STORES EAST LP,214 HAYNES STREET, ,TALLADEGA,AL,TALLADEGA,35160,256-761-1819,-86.080318000000005,33.438491200000001,1
CVS - 4968,"ALABAMA CVS PHARMACY, L.L.C.",1445 GUNTER AVENUE, ,GUNTERSVILLE,AL,MARSHALL,35976,256-505-0803,-86.304122000000007,34.345002600000001,1
BOAZ DISCOUNT HEALTH MART PHARMACY,BOAZ DISCOUNT DRUGS INC,10402 STATE HIGHWAY 168, ,BOAZ,AL,MARSHALL,35957,256-593-6546,-86.160504000000003,34.198209100000000,0
CVS - 4967,"ALABAMA CVS PHARMACY, L.L.C.",2828 MOODY PARKWAY, ,MOODY,AL,ST CLAIR,35004,205-640-7166,-86.495746999999994,33.590459099999997,1
WAL-MART SUPERCENTER - 306,WAL-MART STORES EAST LP,1450 NORTH BRINDLEE MOUNTAIN PARKWAY, ,ARAB,AL,MARSHALL,35016,256-586-1540,-86.500151000000002,34.341838000000003,1
THE MEDICINE CHEST HEALTH MART PHARMACY,VINCENT PHARMACY INC,42747 STATE HIGHWAY 25, ,VINCENT,AL,SHELBY,35178,205-672-1955,-86.411732999999998,33.385485799999998,0
CVS - 4863,"ALABAMA CVS PHARMACY, L.L.C.",101 CHESNUT BYPASS, ,CENTRE,AL,CHEROKEE,35960,256-927-4346,-85.671301000000000,34.158576600000004,1
FRED'S - 1364,FREDS STORES OF TENNESSEE INC,21665 STATE HIGHWAY 25, ,COLUMBIANA,AL,SHELBY,35051,205-670-9080,-86.609960999999998,33.186309999999999,0
SAM'S CLUB - 8107,SAMS EAST INC,2235 NATIONAL BOULEVARD, ,HUNTSVILLE,AL,MADISON,35803,256-881-8084,-86.572479999999999,34.642176800000001,0
KMART,K MART CORP,7200 UNITED STATES HIGHWAY 431, ,ALBERTVILLE,AL,MARSHALL,35950,256-878-9033,-86.203845000000001,34.277901200000002,0
ROBERTA O WATTS MEDICAL CENTER PHARMACY,QUALITY OF LIFE HEALTH SERVICES INC.,1020 TUSCALOOSA AVENUE, ,GADSDEN,AL,ETOWAH,35901,256-439-6357,-86.013298000000006,34.023817299999997,0
SUPER BEE PHARMACY,SUPER BEE PHARMACY,3354 RAINBOW DRIVE, ,RAINBOW CITY,AL,ETOWAH,35906,256-442-2592,-86.038657000000001,33.957072900000000,0
J AND J DRUG COMPANY HEALTH MART PHARMACY,CREW DRUG INC,13 8TH AVENUE SOUTHWEST, ,CHILDERSBURG,AL,TALLADEGA,35044,256-378-7761,-86.355328000000000,33.278380400000003,0
SECTION HEALTH MART PHARMACY,"SECTION PHARMACY, INC",5337 TAMMY LITTLE DRIVE, ,SECTION,AL,JACKSON,35771,256-228-7179,-85.988804000000002,34.584361700000002,0
WAL-MART SUPERCENTER - 809,WAL-MART STORES EAST LP,92 PLAZA LANE, ,OXFORD,AL,CALHOUN,36203,256-835-0334,-85.832149000000001,33.599090400000001,1
WALGREENS - 11819,WALGREEN CO,1401 GOLDEN SPRINGS ROAD, ,ANNISTON,AL,CALHOUN,36207,256-835-5099,-85.785567999999998,33.628780700000000,1
TARGET,TARGET CORPORATION AND SUBSIDIARIES,400 OXFORD EXCHANGE BOULEVARD, ,OXFORD,AL,CALHOUN,36203,256-231-2901,-85.782370000000000,33.608810099999999,1
CROW DRUG HEALTH MART PHARMACY,"CROW DRUG, INC.",7 PUBLIC SQUARE EAST, ,JACKSONVILLE,AL,CALHOUN,36265,256-435-7931,-85.760683000000000,33.813813699999997,0
CVS - 4870,"ALABAMA CVS PHARMACY, L.L.C.",1407 QUINTARD AVENUE, ,ANNISTON,AL,CALHOUN,36201,256-236-3016,-85.826076000000000,33.662894000000001,1
RITE AID - 7087,HARCO INC,2413 UNITED STATES HIGHWAY 431 NORTH, ,ANNISTON,AL,CALHOUN,36206,256-820-6901,-85.855582999999996,33.716514900000000,0
RITE AID - 7085,HARCO INC,4880 UNITED STATES HIGHWAY 78 WEST, ,OXFORD,AL,CALHOUN,36203,256-831-7726,-85.927648000000005,33.597821500000002,0
RITE AID - 7002,HARCO INC,4441 UNITED STATES HIGHWAY 280, ,ALEXANDER CITY,AL,TALLAPOOSA,35010,256-329-8433,-85.955492000000007,32.919668000000001,0
FOOD WORLD - 134,SOUTHERN FAMILY MARKETS LLC,1402 COUNTY PARK ROAD, ,SCOTTSBORO,AL,JACKSON,35769,256-259-3029,-86.032311000000007,34.646399799999998,0
MILLER DRUG COMPANY,MILLER DRUG CO INC,212 1ST AVENUE EAST, ,ONEONTA,AL,BLOUNT,35121,205-625-4421,-86.475538000000000,33.945496599999998,0
KILGORE EXPRESS PHARMACY,KILGORE EXPRESS PHARMACY INC,1614 GLENN BOULEVARD SOUTHWEST, ,FORT PAYNE,AL,DEKALB,35968,256-845-3402,-85.755724999999998,34.437721199999999,0
KILGORE EXPRESS PHARMACY 3,KILGORE EXPRESS PHARMACY #3,588 SOUTH VALLEY AVENUE, ,COLLINSVILLE,AL,DEKALB,35961,256-524-2981,-85.866440999999995,34.257152300000001,0
IDER DISCOUNT DRUGS HEALTH MART PHARMACY,IDER DISCOUNT DRUGS INC,10705 AL HIGHWAY 75, ,IDER,AL,DEKALB,35981,256-657-5151,-85.666332999999995,34.697242400000000,0
CVS - 4948,"ALABAMA CVS PHARMACY, L.L.C.",5705 CHALKVILLE ROAD, ,BIRMINGHAM,AL,JEFFERSON,35235,205-854-8055,-86.634107000000000,33.648198399999998,1
GOODWATER PHARMACY,GOODWATER PHARMACY,1249 SOUTH MAIN STREET, ,GOODWATER,AL,COOSA,35072,256-839-6361,-86.054323999999994,33.047775299999998,0
H AND M DRUGS VITAL CARE,"H & M DRUGS, INC.",17216 UNITED STATES HIGHWAY 431, ,WEDOWEE,AL,RANDOLPH,36278,256-357-4614,-85.484009000000000,33.314584400000001,0
NORTH JACKSON HEALTH MART PHARMACY,NORTH JACKSON PHARMACY,85 BANK STREET, ,STEVENSON,AL,JACKSON,35772,256-437-2248,-85.814907000000005,34.873599200000001,0
LINCOLN HEALTH MART PHARMACY,LINCOLN PHARMACY INC,99 MAGNOLIA STREET, ,LINCOLN,AL,TALLADEGA,35096,205-763-7759,-86.119090999999997,33.602160900000001,0
WINN-DIXIE - 461,WINN DIXIE STORES INC,465 MAIN STREET,TRUSSVILLE MARKETPLACE,TRUSSVILLE,AL,JEFFERSON,35173,205-661-1110,-86.617971999999995,33.615230900000000,1
WINN-DIXIE - 447,WINN DIXIE STORES INC,1408 GOLDEN SPRINGS ROAD, ,ANNISTON,AL,CALHOUN,36207,256-831-9960,-85.787548999999999,33.627917099999998,1
WAL-MART SUPERCENTER - 712,WAL-MART STORES EAST LP,24833 JOHN T REID PARKWAY, ,SCOTTSBORO,AL,JACKSON,35768,256-574-1803,-86.006061000000003,34.668507599999998,1
WAL-MART SUPERCENTER - 4330,WAL-MART STORES EAST LP,16077 UNITED STATES HIGHWAY 280, ,CHELSEA,AL,SHELBY,35043,205-678-2299,-86.619246000000004,33.347674099999999,1
WAL-MART SUPERCENTER - 329,WAL-MART STORES EAST LP,5560 MCCLELLAN BOULEVARD, ,ANNISTON,AL,CALHOUN,36206,256-820-0994,-85.820070999999999,33.720135399999997,1
WAL-MART SUPERCENTER - 300,WAL-MART STORES EAST LP,1625 PELHAM ROAD SOUTH, ,JACKSONVILLE,AL,CALHOUN,36265,256-435-1071,-85.764989999999997,33.788193499999998,1
WALGREENS - 7951,WALGREEN CO,800 QUINTARD AVENUE, ,ANNISTON,AL,CALHOUN,36201,256-237-6147,-85.827310999999995,33.655242200000004,1
THE MEDICINE SHOPPE PHARMACY,CGM INC,1144 AIRPORT DRIVE, ,ALEXANDER CITY,AL,TALLAPOOSA,35010,256-215-8014,-85.956000000000003,32.920439399999999,0
CVS - 6013,"ALABAMA CVS PHARMACY, L.L.C.",801 SOUTH BROAD STREET, ,SCOTTSBORO,AL,JACKSON,35768,256-259-2832,-86.034441999999999,34.665383100000000,1
DOWNEY DRUGS HEALTH MART PHARMACY,"DOWNEY DRUG ALEXANDRIA, LLC",6312 UNITED STATES HIGHWAY 431 NORTH, ,ALEXANDRIA,AL,CALHOUN,36250,256-820-7545,-85.890777999999997,33.763807999999997,0
KMART,K MART CORP,5980 CHALKVILLE MOUNTAIN ROAD, ,BIRMINGHAM,AL,JEFFERSON,35235,205-655-5266,-86.621288000000007,33.641609600000002,0
PATTERSON PHARMACY,PATTERSON PHARMACY INC,7513 PARKWAY DRIVE, ,LEEDS,AL,JEFFERSON,35094,205-699-5113,-86.553819000000004,33.544939399999997,0
FYFFE PHARMACY,"FYFFE PHARMACY, LLC",44 BLACKWELL STREET, ,FYFFE,AL,DEKALB,35971,256-623-2944,-85.906865999999994,34.444143199999999,0
THE MEDICINE SHOPPE PHARMACY,JB GILLESPIE DRUGS INC,2701 PATTON ROAD SOUTHWEST, ,HUNTSVILLE,AL,MADISON,35805,256-536-1910,-86.625889999999998,34.712073699999998,0
PAUL'S DRUG CENTER,PAUL'S DRUG CENTER INC.,115 ALISON DRIVE, ,ALEXANDER CITY,AL,TALLAPOOSA,35010,256-234-3408,-85.970512999999997,32.928690199999998,0
"NORTHEAST PHARMACEUTICALS, INCORPORATED",NORTHEAST PHARMACEUTICALS,2106 RAINBOW DRIVE,SUITE A,GADSDEN,AL,ETOWAH,35901,256-413-4455,-86.016675000000006,33.973429600000003,0
MILL STREET PHARMACY,JEFFREY C ROBERTS INC,10639 ALABAMA HIGHWAY 168, ,BOAZ,AL,MARSHALL,35957,256-593-5279,-86.156501000000006,34.198767199999999,0
HEWETT HEALTH MART PHARMACY,HEWETT DRUG COMPANY,121 SOUTH BROAD STREET, ,ALBERTVILLE,AL,MARSHALL,35950,256-878-0641,-86.209500000000006,34.267158999999999,0
GRIFFITH DISCOUNT DRUGS,"GRIFFITH DISCOUNT DRUGS, INC.",2011 GUNTER AVENUE, ,GUNTERSVILLE,AL,MARSHALL,35976,256-582-5267,-86.312218999999999,34.338146999999999,0
CORPORATE PHARMACY SERVICES,CORPORATE PHARMACY SERVICES INC,319 BROAD STREET, ,GADSDEN,AL,ETOWAH,35901,256-543-9000,-86.002585999999994,34.012889800000004,0
HUGH'S HEALTH MART PHARMACY,"HUGH'S PHARMACY, INC",100 MEDICAL CENTER DRIVE,SUITE 102,GADSDEN,AL,ETOWAH,35903,256-492-7407,-85.966866999999993,34.007587399999998,0
CVS - 5316,"ALABAMA CVS PHARMACY, L.L.C.",12275 HIGHWAY 231/431 NORTH, ,MERIDIANVILLE,AL,MADISON,35759,256-828-8550,-86.572175000000001,34.870291000000002,1
GERALDINE DRUGS HEALTH MART PHARMACY,ST CLAIR DRUG COMPANY LLC,41554 AL HIGHWAY 75, ,GERALDINE,AL,DEKALB,35974,256-659-2117,-86.008683000000005,34.360729900000003,0
MURPHY'S PHARMACY,"MURPHY'S PHARMACY, INC.",11069 UNITED STATES HIGHWAY 278 EAST, ,HOLLY POND,AL,CULLMAN,35083,256-796-4449,-86.612634999999997,34.174608700000000,0
JOHNSONS RX PHARMACY,JOHNSON RX PROPERTIES,4055 STATE HIGHWAY 9,SUITE F,CEDAR BLUFF,AL,CHEROKEE,35959,256-779-3000,-85.600665000000006,34.219558999999997,0
CENTRAL HEALTH CARE HUNTSVILLE,"CENTRAL NORTH ALABAMA HEALTH SERVICES, INC PHARMACY",751 PLEASANT ROW, ,HUNTSVILLE,AL,MADISON,35816,256-533-6311,-86.600240999999997,34.736954500000003,0
C AND M PHARMACY EXPRESS,C & M PHARMACY EXPRESS,10134 NORTH MEMORIAL PARKWAY, ,HUNTSVILLE,AL,MADISON,35810,256-858-0008,-86.570809999999994,34.822764100000001,0
KMART,K MART CORP,1525 CHESNUT BYPASS, ,CENTRE,AL,CHEROKEE,35960,256-927-8050,-85.702301000000006,34.159522699999997,0
CVS - 2748,"ALABAMA CVS PHARMACY, L.L.C.",930 WINCHESTER ROAD NORTHEAST, ,HUNTSVILLE,AL,MADISON,35811,256-852-1915,-86.536817999999997,34.797250200000001,1
U-SAVE PHARMACY,U SAVE PHARMACIES LLC,5892 TRUSSVILLE CROSSINGS PARKWAY, ,BIRMINGHAM,AL,JEFFERSON,35235,205-228-0080,-86.626213000000007,33.640997499999997,0
JACKSON DISCOUNT DRUGS HEALTH MART PHARMACY,JACKSON DISCOUNT DRUG INC,1974 CHEROKEE ROAD, ,ALEXANDER CITY,AL,TALLAPOOSA,35010,256-234-2538,-85.949437000000003,32.920425399999999,0
PONDERS MOUNTAIN PHARMACY,PONDER PHARMACY,29812 STATE HIGHWAY 71, ,BRYANT,AL,JACKSON,35958,256-597-4020,-85.616146999999998,34.853385799999998,0
LAKE MARTIN PHARMACY,LAKE MARTIN PHARMACY,301 MARIARDEN ROAD,SUITE A,DADEVILLE,AL,TALLAPOOSA,36853,256-825-7822,-85.740877999999995,32.817588100000002,0
AMBULATORY CLINIC PHARMACY INCORPORATED,"AMBULATORY CLINIC PHARMACY, INC.",301 GOVERNORS DRIVE SOUTHWEST, ,HUNTSVILLE,AL,MADISON,35801,256-534-4533,-86.583595000000003,34.719482800000002,0
SCOTTSBORO FAMILY PHARMACY,"SCOTTSBORO FAMILY PHARMACY, LLC",201 VETERANS DRIVE,SUITE 101,SCOTTSBORO,AL,JACKSON,35768,256-259-9300,-86.022574000000006,34.672318599999997,0
PISGAH HEALTH MART PHARMACY,PISGAH FAMILY PHARMACY LLC,6112 COUNTY ROAD 88, ,PISGAH,AL,JACKSON,35765,256-451-3283,-85.849046000000001,34.681792899999998,0
WINN-DIXIE - 400,WINN DIXIE STORES INC,33404 UNITED STATES HIGHWAY 280, ,CHILDERSBURG,AL,TALLADEGA,35044,256-378-5727,-86.355160999999995,33.268078199999998,1
WINN-DIXIE - 442,WINN DIXIE STORES INC,3331 RAINBOW DRIVE, ,RAINBOW CITY,AL,ETOWAH,35906,256-442-7275,-86.037132999999997,33.960417399999997,1
WAL-MART SUPERCENTER - 726,WAL-MART STORES EAST LP,2643 UNITED STATES HIGHWAY 280, ,ALEXANDER CITY,AL,TALLAPOOSA,35010,256-234-7172,-85.975857000000005,32.941358700000002,1
CVS - 4956,"ALABAMA CVS PHARMACY, L.L.C.",145 UNITED STATES HIGHWAY 278 BYPASS EAST, ,PIEDMONT,AL,CALHOUN,36272,256-447-6133,-85.611590000000007,33.932695199999998,1
CVS - 4962,"ALABAMA CVS PHARMACY, L.L.C.",42950 UNITED STATES HIGHWAY 72, ,STEVENSON,AL,JACKSON,35772,256-437-2227,-85.814646999999994,34.871316700000001,1
CVS - 7660,"ALABAMA CVS PHARMACY, L.L.C.",1404 GOLDEN SPRINGS ROAD, ,ANNISTON,AL,CALHOUN,36207,256-832-8731,-85.787425999999996,33.628333699999999,1
DOWNEY DRUGS HEALTH MART PHARMACY,DOWNEY DRUG ANNISTON LLC,2427 STATE HIGHWAY 202, ,ANNISTON,AL,CALHOUN,36201,256-237-9426,-85.863518999999997,33.646615500000003,0
RITE AID - 7084,HARCO INC,1430 QUINTARD AVENUE, ,ANNISTON,AL,CALHOUN,36201,256-237-0759,-85.827355999999995,33.663286200000002,0
QUICKMEDS EXPRESS HEALTH MART PHARMACY,"CBP,L.L.C.",1542 HAMRIC DRIVE EAST, ,OXFORD,AL,CALHOUN,36203,256-832-6337,-85.807417999999998,33.614558400000000,0
GOLDEN SPRINGS HEALTH MART PHARMACY,CALHOUN PHARMACY SERVICES INC,3320 HENRY ROAD, ,ANNISTON,AL,CALHOUN,36207,256-236-7611,-85.784572999999995,33.644010000000002,0
WINN DIXIE - 456,WINN DIXIE STORES INC,1061 UNITED STATES HIGHWAY 280 EAST, ,ALEXANDER CITY,AL,TALLAPOOSA,35010,256-234-5156,-85.961288999999994,32.921939999999999,1
INSTITUTIONAL PHARMACY SOLUTIONS,"INSTITUTIONAL PHARMACY SOULTIONS, LLC",3001 SCENIC HIGHWAY,MOUNTAIN VIEW HOSPITAL,GADSDEN,AL,ETOWAH,35904,256-546-9265,-86.019718999999995,34.072379599999998,0
FOODLAND DISCOUNT PHARMACY,CROWELL FAMILY PHARMACY LLC,313 SAND MOUNTAIN DRIVE EAST, ,ALBERTVILLE,AL,MARSHALL,35950,256-878-6930,-86.206405000000004,34.264945400000002,0
BUNCH PHARMACY,BUNCH PHARMACY,1800 HENRY STREET, ,GUNTERSVILLE,AL,MARSHALL,35976,256-528-5700,-86.308740999999998,34.350107500000000,0
SNEAD DISCOUNT HEALTH MART PHARMACY,JOHN M GENTRY,87458 UNITED STATES HIGHWAY 278 EAST, ,SNEAD,AL,BLOUNT,35952,205-466-7990,-86.390738999999996,34.116293200000001,0
KILGORE EXPRESS PHARMACY,B & L DRUGS INC,50466 STATE HIGHWAY 277, ,BRIDGEPORT,AL,JACKSON,35740,256-495-9300,-85.727157000000005,34.941015999999998,0
AMERICA'S BEST CARE PLUS INCORPORATED,"AMERICA'S BEST CARE PLUS, INC.",1825 EVERETT DRIVE WEST, ,FORT PAYNE,AL,DEKALB,35968,256-997-1770,-85.727107000000004,34.464183900000002,0
RUSSELL MEDICAL CENTER,RUSSELL MEDICAL CENTER,3316 STATE HIGHWAY 280, ,ALEXANDER CITY,AL,TALLAPOOSA,35010,256-329-7100,-85.969414999999998,32.930341100000000,0
ALACO DISCOUNT HEALTH MART PHARMACY - 6,J & A PHARMACY INC CENTRE,1490 CHESNUT BYPASS, ,CENTRE,AL,CHEROKEE,35960,256-927-8539,-85.703008999999994,34.161033699999997,0
VALLEY HEAD DRUGS HEALTH MART PHARMACY,VALLEY HEAD DRUGS LLC,114 COMMERCE AVENUE, ,VALLEY HEAD,AL,DEKALB,35989,256-635-6812,-85.614817000000002,34.569745800000000,0
WINN-DIXIE - 525,WINN DIXIE STORES INC,815 PELHAM ROAD SOUTH, ,JACKSONVILLE,AL,CALHOUN,36265,256-435-5851,-85.763255999999998,33.805374100000002,1
WINN-DIXIE - 429,WINN DIXIE STORES INC,800 NOBLE STREET, ,ANNISTON,AL,CALHOUN,36201,256-236-2271,-85.830669000000000,33.655782400000000,1
WALGREENS - 11531,WALGREEN CO,16468 UNITED STATES HIGHWAY 280, ,CHELSEA,AL,SHELBY,35043,205-678-9288,-86.627739000000005,33.349617500000001,1
SUPERTARGET,TARGET CORPORATION AND SUBSIDIARIES,1654 GADSDEN HIGHWAY, ,TRUSSVILLE,AL,JEFFERSON,35235,205-655-2310,-86.637428999999997,33.605417400000000,1
SNIDERS DISCOUNT PHARMACY,SNIDERS DISCOUNT PHARMACY LLC,16233 UNITED STATES HIGHWAY 280,SUITE A,CHELSEA,AL,SHELBY,35043,205-678-3899,-86.622951999999998,33.348766900000001,0
CVS - 4907,"ALABAMA CVS PHARMACY, L.L.C.",1001 PELHAM ROAD SOUTH, ,JACKSONVILLE,AL,CALHOUN,36265,205-435-2095,-85.762176999999994,33.803521300000000,1
RITE AID - 7086,HARCO INC,601 SNOW STREET, ,OXFORD,AL,CALHOUN,36203,256-831-7535,-85.826834000000005,33.615911500000003,0
EMERGING HOME CARE HEALTH MART PHARMACY,EMERGING HOME CARE INCORPORATED,3868 HIGHWAY 431, ,ROANOKE,AL,RANDOLPH,36274,334-863-7511,-85.363243999999995,33.159645699999999,0
KMART,K MART CORP,3101 MCCLELLAN BOULEVARD, ,ANNISTON,AL,CALHOUN,36201,256-236-2594,-85.820618999999994,33.685409600000000,0
EXPRESS PHARMACY,EXPRESS PHARMACY LLC,320 WEST BATTLE STREET,PIGGLY WIGGLY,TALLADEGA,AL,TALLADEGA,35160,256-362-1120,-86.105078000000006,33.432563100000003,0
MOODY HEALTH MART PHARMACY,"CURTIS M. EDDY, INC",2200 VILLAGE DRIVE, ,MOODY,AL,ST CLAIR,35004,205-640-1500,-86.517803000000001,33.570559199999998,0
STAR PHARMACY - JONES VALLEY,STAR DISCOUNT PHARMACY INC,7900 BAILEY COVE ROAD SOUTHEAST, ,HUNTSVILLE,AL,MADISON,35802,256-650-2335,-86.541008000000005,34.659789000000004,0
CVS - 4941,"ALABAMA CVS PHARMACY, L.L.C.",1204 NORTH BRINDLEE MOUNTAIN PARKWAY, ,ARAB,AL,MARSHALL,35016,256-586-6021,-86.502537000000004,34.338164999999996,1
HOOD'S PHARMACY,HOOD'S PHARMACY,4500 20TH AVENUE, ,VALLEY,AL,CHAMBERS,36854,334-756-3219,-85.173992999999996,32.826636000000001,0
ALACO DISCOUNT HEALTH MART PHARMACY - 4,PHARMACY INC,27550 STATE HIGHWAY 75,SUITE 107,ONEONTA,AL,BLOUNT,35121,205-274-2194,-86.494382000000002,33.931892200000000,0
KILGORE EXPRESS PHARMACY,KILGORE EXPRESS PHARMACY,5999 HIGHWAY 72 EAST, ,GURLEY,AL,MADISON,35748,256-776-4430,-86.383326999999994,34.699903599999999,0
BYNUM DRUG,BYNUM DRUG INC,1926 BYNUM BOULEVARD, ,EASTABOGA,AL,CALHOUN,36260,256-237-7533,-85.962320000000005,33.612277900000002,0
BISHOP PHARMACY AND GIFTS / VITAL CARE OF NORTH ALABAMA,BISHOP PHARMACY INC,103 SAND MOUNTAIN DRIVE NORTHEAST, ,ALBERTVILLE,AL,MARSHALL,35950,256-878-5953,-86.205489000000000,34.267308000000000,0
WALGREENS - 10504,WALGREEN CO,5947 CHALKVILLE MOUNTAIN ROAD, ,TRUSSVILLE,AL,JEFFERSON,35235,205-655-5189,-86.625550000000004,33.641214699999999,1
MTM SERVICES,MTM SERVICES OF ALABAMA,409 SAINT CLAIR AVENUE, ,HUNTSVILLE,AL,MADISON,35801,256-518-9530,-86.585526999999999,34.721371800000000,0
HAZEL GREEN PHARMACY,TENNESSEE VALLEY HEALTHCARE LLC,13574 HIGHWAY 231 431 NORTH, ,HAZEL GREEN,AL,MADISON,35750,256-813-0150,-86.570929000000007,34.910290600000003,0
THE PHARMACY AT HAMPTON PLACE,THE PHARMACY AT HAMPTON PLACE,6727 HIGHWAY 431 SOUTH, ,OWENS CROSS ROADS,AL,MADISON,35763,256-425-0054,-86.480481999999995,34.657638300000002,0
WALGREENS - 12911,WALGREEN CO,1400 GUNTER AVENUE, ,GUNTERSVILLE,AL,MARSHALL,35976,256-582-2513,-86.303871000000001,34.346276799999998,1
"VITAL CARE OF CENTRAL ALABAMA, LIMITED LIABILITY COMPANY","VITAL CARE OF CENTRAL ALABAMA, LLC",248 KEYSTONE DRIVE, ,CLANTON,AL,CHILTON,35045,205-280-4175,-86.608154999999996,32.853666199999999,0
HOMETOWN PHARMACY OF ALEXANDER CITY,HOMETOWN PHARMACY OF ALEXANDER CITY,839 AIRPORT DRIVE,SUITE 101,ALEXANDER CITY,AL,TALLAPOOSA,35010,256-329-0900,-85.951524000000006,32.920661899999999,0
THE MEDICINE SHOPPE PHARMACY,LEESBURG PHARMACY INC,270 INDUSTRIAL BOULEVARD, ,LEESBURG,AL,CHEROKEE,35983,256-526-6337,-85.761501999999993,34.181734499999997,0
SPECIALIZED MEDICAL DEVICE,"SPECIALIZED MEDICAL DEVICE, INC.",2905 WESTCORP BOULEVARD SOUTHWEST,SUITE 112,HUNTSVILLE,AL,MADISON,35805,256-536-7676,-86.603496000000007,34.709682299999997,0
NUTRITIONAL/PARENTERAL HOME CARE,"NUTRITIONAL PARENTERAL HOME CARE OF HUNTSVILLE, INC.",2650 LEEMAN FERRY ROAD SOUTHWEST,SUITE C,HUNTSVILLE,AL,MADISON,35801,256-534-4663,-86.591098000000002,34.707505400000002,0
NEW HOPE FAMILY PHARMACY,GNH INC,10155 HIGHWAY 431 SOUTH, ,NEW HOPE,AL,MADISON,35760,256-723-4112,-86.431514000000007,34.549731700000002,0
WAL-MART SUPERCENTER - 315,WAL-MART STORES EAST LP,2453 2ND AVENUE EAST, ,ONEONTA,AL,BLOUNT,35121,205-625-3643,-86.446619999999996,33.971282799999997,1
KROGER,THE KROGER CO,1401 SOUTH GILMER AVENUE, ,LANETT,AL,CHAMBERS,36863,334-642-6888,-85.190877000000000,32.855730299999998,1
CREWS DRUG STORE HEALTH MART PHARMACY,CREWS DRUG,1 MAIN STREET, ,ROCKFORD,AL,COOSA,35136,256-377-4960,-86.219920000000002,32.889088200000003,0
CLEBURNE PHARMACY,JIMMY O DOYLE,875 ROSS STREET, ,HEFLIN,AL,CLEBURNE,36264,256-463-2197,-85.587660999999997,33.648926899999999,0
ADVANCED HOME CARE INCORPORATED,ADVANCED HOME CARE INC,302 BAY STREET, ,GADSDEN,AL,ETOWAH,35901,256-549-0630,-86.004852000000000,34.008391400000001,0
LINEVILLE CLINIC PHARMACY LIMITED LIABILITY COMPANY,LINEVILLE CLINIC PHARMACY LLC,60026 STATE HIGHWAY 49, ,LINEVILLE,AL,CLAY,36266,256-396-2144,-85.754446000000002,33.308952200000000,0
WAL-MART SUPERCENTER - 5126,WAL-MART STORES EAST LP,1950 WEST MAIN STREET, ,CENTRE,AL,CHEROKEE,35960,256-927-9911,-85.712556000000006,34.162826699999997,1
WHEELER HEALTH MART PHARMACY,WHEELER PHARMACY INC,1709 VETERANS MEMORIAL PARKWAY, ,LANETT,AL,CHAMBERS,36863,334-576-2418,-85.207324999999997,32.849746099999997,0
THE DRUG STORE HEALTH MART PHARMACY,DALE AND DELORES RUSH ENTERPRISES INC,83871 STATE HIGHWAY 9, ,ASHLAND,AL,CLAY,36251,256-354-3784,-85.823030000000003,33.277260800000001,0
CVS - 4975,"ALABAMA CVS PHARMACY, L.L.C.",10 VETERANS MEMORIAL PARKWAY, ,LANETT,AL,CHAMBERS,36863,334-644-2800,-85.192942000000002,32.855354900000002,1
RITE AID - 7062,HARCO INC,42 MCCURDY AVENUE NORTH, ,RAINSVILLE,AL,DEKALB,35986,256-638-4414,-85.846551000000005,34.494090399999997,0
QUALITY OF LIFE HEALTH COMPLEX PHARMACY,QUALITY OF LIFE HEALTH SERVICES INC.,1411 PIEDMONT CUTOFF, ,GADSDEN,AL,ETOWAH,35903,256-439-6402,-85.955924999999993,33.998234900000000,0
AMPHARM PERSONAL CARE PHARMACY,AMPHARM HEALTH SERVICES OF ALABAMA INC,3054 LEEMAN FERRY ROAD, ,HUNTSVILLE,AL,MADISON,35801,256-881-5130,-86.593208000000004,34.703485499999999,0
KILGORE EXPRESS PHARMACY,KILGORE EXPRESS PHARMACY INC,128 MAIN STREET WEST, ,RAINSVILLE,AL,DEKALB,35986,256-638-4142,-85.849086000000000,34.495276699999998,0
KILGORE EXPRESS PHARMACY - 2,KILGORE EXPRESS PHARMACY,103 GREENHILL BOULEVARD NORTHWEST, ,FORT PAYNE,AL,DEKALB,35967,256-845-6640,-85.700294000000000,34.466501000000001,0
RITE AID - 7060,HARCO INC,1303 GAULT AVENUE NORTH, ,FORT PAYNE,AL,DEKALB,35967,256-845-6338,-85.711552999999995,34.452951300000002,0
WAL-MART SUPERCENTER - 316,WAL-MART STORES EAST LP,973 GILBERT FERRY ROAD SOUTHEAST, ,ATTALLA,AL,ETOWAH,35954,256-538-2611,-86.093681000000004,33.993659100000002,1
WINN-DIXIE - 411,WINN DIXIE STORES INC,640 OLLIE AVENUE, ,CLANTON,AL,CHILTON,35045,205-755-1711,-86.632524000000004,32.850605100000003,1
CVS - 4891,"ALABAMA CVS PHARMACY, L.L.C.",315 MAIN STREET, ,TRUSSVILLE,AL,JEFFERSON,35173,205-655-8804,-86.611710000000002,33.618032800000002,1
CVS - 4881,"ALABAMA CVS PHARMACY, L.L.C.",2001 CECIL ASHBURN DRIVE SOUTHEAST, ,HUNTSVILLE,AL,MADISON,35802,256-880-1470,-86.538543000000004,34.672575100000003,1
CVS - 4899,"ALABAMA CVS PHARMACY, L.L.C.",2212 WHITESBURG DRIVE SOUTH, ,HUNTSVILLE,AL,MADISON,35801,256-533-6181,-86.577963999999994,34.716623900000002,1
WALGREENS - 6430,WALGREEN CO,2100 BRANDON STREET SOUTHWEST, ,HUNTSVILLE,AL,MADISON,35801,256-512-0957,-86.579217000000000,34.718066600000000,1
WALGREENS - 6956,WALGREEN CO,3500 MASTIN LAKE ROAD NORTHWEST, ,HUNTSVILLE,AL,MADISON,35810,256-851-4188,-86.616195000000005,34.771946499999999,1
WAL-MART SUPERCENTER - 434,WAL-MART STORES EAST LP,11610 SOUTH MEMORIAL PARKWAY SOUTH, ,HUNTSVILLE,AL,MADISON,35803,256-880-7261,-86.570673999999997,34.615852799999999,1
KROGER,THE KROGER CO,8404 SOUTH MEMORIAL PARKWAY, ,HUNTSVILLE,AL,MADISON,35802,256-881-6481,-86.571251000000004,34.656566499999997,1
WAL-MART SUPERCENTER - 863,WAL-MART STORES EAST LP,4180 UNITED STATES HIGHWAY 431, ,ROANOKE,AL,RANDOLPH,36274,334-863-6148,-85.364413999999996,33.164819199999997,1
CARLISLE DRUG HEALTH MART PHARMACY,CARLISLE DRUG CO INC,12 MAIN STREET, ,ALEXANDER CITY,AL,TALLAPOOSA,35010,256-234-4211,-85.953547000000000,32.944709799999998,0
WAL-MART SUPERCENTER - 730,WAL-MART STORES EAST LP,41301 UNITED STATES HIGHWAY 280, ,SYLACAUGA,AL,TALLADEGA,35150,256-245-1936,-86.285527999999999,33.175989899999998,1
FRED'S - 2438,FREDS STORES OF TENNESSEE INC,47950 UNITED STATES HIGHWAY 78, ,LINCOLN,AL,TALLADEGA,35096,205-763-1047,-86.114412000000002,33.603652300000000,0
WALGREENS - 12099,WALGREEN CO,503 BATTLE STREET EAST, ,TALLADEGA,AL,TALLADEGA,35160,256-315-1659,-86.093849000000006,33.435783200000003,1
WAL-MART SUPERCENTER - 681,WAL-MART STORES EAST LP,11697 UNITED STATES HIGHWAY 431, ,GUNTERSVILLE,AL,MARSHALL,35976,256-878-8414,-86.278982999999997,34.299432000000003,1
WALGREENS - 10480,WALGREEN CO,1649 MARTIN STREET NORTH, ,PELL CITY,AL,ST CLAIR,35125,205-338-2319,-86.282071999999999,33.610393199999997,1
FRED'S - 2503,FREDS STORES OF TENNESSEE INC,13254 UNITED STATES HIGHWAY 411, ,BRANCHVILLE,AL,ST CLAIR,35120,205-629-6669,-86.412087999999997,33.672251299999999,0
FRED'S - 1253,FREDS STORES OF TENNESSEE INC,80 RIVER RUN ROAD, ,CHILDERSBURG,AL,TALLADEGA,35044,256-378-5026,-86.364649000000000,33.285060899999998,0
GRANT PHARMACY,"BARFIELD ENTERPRISES, INC.",5421 MAIN STREET, ,GRANT,AL,MARSHALL,35747,256-728-4217,-86.253580999999997,34.526151700000000,0
KMART,K MART CORP,22991 JOHN T REID PARKWAY, ,SCOTTSBORO,AL,JACKSON,35768,256-259-2530,-86.029516999999998,34.647859699999998,0
HARPERSVILLE PHARMACY,HARPERSVILLE PHARMACY LLC,39321 HIGHWAY 25, ,HARPERSVILLE,AL,SHELBY,35078,205-672-7879,-86.439684000000000,33.341935599999999,0
SAM'S CLUB - 4817,SAMS EAST INC,5940 TRUSSVILLE CROSSINGS BOULEVARD, ,TRUSSVILLE,AL,JEFFERSON,35235,205-655-7324,-86.625129999999999,33.645358100000003,0
KMART,K MART CORP,101 CRACKER BARREL ROAD, ,FORT PAYNE,AL,DEKALB,35968,256-845-1171,-85.750335000000007,34.439682599999998,0
RITE AID - 7136,HARCO INC,459 NORTH BROADNAX STREET, ,DADEVILLE,AL,TALLAPOOSA,36853,256-825-4242,-85.764081000000004,32.835187900000001,0
LAKESHORE DISCOUNT PHARMACY INCORPORATED,LAKESHORE DISCOUNT PHARMACY INC,221 EAST SOUTH STREET, ,DADEVILLE,AL,TALLAPOOSA,36853,256-825-0063,-85.761545999999996,32.828845100000002,0
WALGREENS - 12098,WALGREEN CO,311 PELHAM ROAD SOUTH, ,JACKSONVILLE,AL,CALHOUN,36265,256-782-1502,-85.760908999999998,33.815945599999999,1
KROGER,KROGER LIMITED PARTNERSHIP I,890 RICHMOND PLAZA, ,RICHMOND,KY,MADISON,40475,859-624-1093,-84.273928999999995,37.731310200000003,1
E W JAMES AND SONS - 56,E.W. JAMES & SONS #56,690 UNIVERSITY SHOPPING CENTER, ,RICHMOND,KY,MADISON,40475,859-623-3412,-84.306793999999996,37.734264899999999,0
ROCKCASTLE PROFESSIONAL PHARMACY,ROCKCASTLE VENTURES INC. DBA ROCKCASTLE PROFESSIONAL PHARMACY,110 NEWCOMB AVENUE,"OUTPATIENT SERVICES CENTER, FIRST FLOOR",MOUNT VERNON,KY,ROCKCASTLE,40456,606-256-4613,-84.336574999999996,37.358146099999999,0
GRIDER DRUG - KEY VILLAGE,GRIDER DRUG KEY VILLAGE LLC,2431 LAKEWAY DRIVE,SUITE B,RUSSELL SPRINGS,KY,RUSSELL,42642,270-866-7541,-85.074032000000003,37.067927599999997,0
RITE AID - 2457,RITE AID OF KENTUCKY INC,603 COLUMBIA HIGHWAY, ,GREENSBURG,KY,GREEN,42743,270-932-4518,-85.501997000000003,37.249364300000003,0
HARRISON PHARMACY,HARRISON PHARMACY INC,606 NORTH MAIN STREET, ,TOMPKINSVILLE,KY,MONROE,42167,270-487-6408,-85.688057999999998,36.705397200000000,0
ALFORDS PHARMACY AND DRIVE THRU,KASEY LEE ALFORD PHARMD INC,210 SOUTH MAIN STREET,MAIN STREET CENTER SUITE 100,BROWNSVILLE,KY,EDMONSON,42210,270-597-1044,-86.264606000000001,37.191288499999999,0
SAINT JOSEPH - BEREA,ST JOSEPH BEREA,305 ESTILL STREET, ,BEREA,KY,MADISON,40403,859-986-3151,-84.286396999999994,37.576415400000002,0
WAL-MART SUPERCENTER - 2654,WAL-MART STORES EAST LP,1650 EDMONTON ROAD, ,TOMPKINSVILLE,KY,MONROE,42167,270-487-0791,-85.685382000000004,36.723847399999997,1
WAL-MART SUPERCENTER - 825,WAL-MART STORES EAST LP,1283 UNITED STATES HIGHWAY 27 NORTH, ,STANFORD,KY,LINCOLN,40484,606-365-3535,-84.648127000000002,37.549097400000001,1
CVS - 6339,HOOK SUPERX LLC,490 EAST HIGHWAY 80, ,SOMERSET,KY,PULASKI,42501,606-679-7395,-84.613097999999994,37.100878100000003,0
CERTA-CARE PHARMACY,CERTACARE INC,937 CAMPBELLSVILLE ROAD, ,COLUMBIA,KY,ADAIR,42728,270-385-9139,-85.301331000000005,37.114133400000000,0
KMART,K MART CORP,951 BYPASS ROAD, ,WINCHESTER,KY,CLARK,40391,859-744-8698,-84.214701000000005,38.002111599999999,0
WALGREENS - 11796,WALGREEN CO.,220 RICHMOND ROAD NORTH, ,BEREA,KY,MADISON,40403,859-986-1494,-84.283371000000002,37.585252400000002,1
SHEARER DRUG,SHEARER DRUG,127 FOOTHILLS AVENUE, ,ALBANY,KY,CLINTON,42602,606-387-6616,-85.129097000000002,36.682028099999997,0
MT VERNON DRUG INC,MT VERNON DRUG INC,410 RICHMOND ST, ,MT VERNON,KY,ROCKCASTLE,40456,606-256-3447,-84.338477999999995,37.358125200000003,0
KNIGHT'S PHARMACY,COLLEGE SQUARE PHARMACY,191 GLADES ROAD, ,BEREA,KY,MADISON,40403,859-986-0500,-84.291770999999997,37.587285799999997,0
KROGER,KROGER LIMITED PARTNERSHIP I,255 CUMBERLAND CROSSING, ,MONTICELLO,KY,WAYNE,42633,606-348-8773,-84.845023999999995,36.858448799999998,1
TOMPKINSVILLE DRUG,"TOMPKINSVILLE DRUG CO., LLC",200 NORTH CRAWFORD STREET, ,TOMPKINSVILLE,KY,MONROE,42167,270-487-6155,-85.690855999999997,36.699514499999999,0
SOUTH CREEK HEALTH MART PHARMACY,LONDON VALU-RITE PHARMACY INC.,1 SOUTH CREEK DRIVE,SUITE 122,MONTICELLO,KY,WAYNE,42633,606-348-1800,-84.871082000000001,36.818589799999998,0
GRIDER DRUG LLC,GRIDER DRUG LLC,124 DOWELL RD, ,RUSSELL SPRINGS,KY,RUSSELL,42642,270-866-2686,-85.066603000000001,37.056912799999999,0
THE MEDICINE SHOPPE PHARMACY,MEDICINE SHOPPE OF SOMERSET INC,900 EAST MOUNT VERNON STREET, ,SOMERSET,KY,PULASKI,42501,606-679-9227,-84.592105000000004,37.096343900000001,0
SOMERSET PHARMACY,SOMERSE PHARMACY INC,101 SOUTH MAIN STREET, ,SOMERSET,KY,PULASKI,42501,606-679-1571,-84.604730000000004,37.091666400000001,0
BEREA DRUG,BEREA DRUG CO INC,402 RICHMOND ROAD NORTH,SUITE A,BEREA,KY,MADISON,40403,859-986-4521,-84.283281000000002,37.588919900000000,0
WAL-MART SUPERCENTER - 1234,WAL-MART STORES EAST LP,175 WALMART PLAZA DRIVE, ,MONTICELLO,KY,WAYNE,42633,606-348-3333,-84.848620999999994,36.857886600000000,1
CLARK DRUGS,CLARK DRUGS INC,232 MAIN STREET, ,MUNFORDVILLE,KY,HART,42765,270-524-3669,-85.890918999999997,37.271623900000002,0
FRED'S - 3507,FREDS STORES OF TENNESSEE INC,150 WESTVIEW SHOPPING CENTER, ,ALBANY,KY,CLINTON,42602,606-387-2031,-85.144047000000000,36.698937899999997,0
WALGREENS - 7664,WALGREEN CO,600 SOUTH HIGHWAY 27, ,SOMERSET,KY,PULASKI,42501,606-677-0596,-84.615938000000000,37.085493399999997,1
WESLEY DRUGS,WESLEY DRUGS INC,535 MIDDLEBURG STREET, ,LIBERTY,KY,CASEY,42539,606-787-5689,-84.939352000000000,37.317468099999999,0
KROGER,KROGER LIMITED PARTNERSHIP I,181 SOUTH HIGHWAY 127, ,RUSSELL SPRINGS,KY,RUSSELL,42642,270-866-3223,-85.071686000000000,37.063614800000003,1
PURE DRUG,MED-COE INC,805 NORTH MAIN STREET, ,TOMPKINSVILLE,KY,MONROE,42167,270-487-5468,-85.688703000000004,36.707997700000000,0
RITE AID - 151,RITE AID OF KENTUCKY INC,154 PLEASANT RETREAT PLAZA,PLEASANT RETREAT PLAZA,LANCASTER,KY,GARRARD,40444,859-792-4013,-84.591193000000004,37.602221399999998,0
SUTTON PHARMACY,"SUTTON PHARMACY, INC.",330 WEST MAPLE AVENUE, ,LANCASTER,KY,GARRARD,40444,859-792-4611,-84.588713999999996,37.620794099999998,0
HEALTH FIRST PHARMACY,HEALTH FIRST PHARMACY,407 COLUMBIA HIGHWAY,SUITE D,GREENSBURG,KY,GREEN,42743,270-299-2467,-85.502943000000002,37.253376199999998,0
WAL-MART SUPERCENTER - 1048,WAL-MART STORES EAST LP,589 WEST HIGHWAY 92, ,WILLIAMSBURG,KY,WHITLEY,40769,606-549-4087,-84.171695000000000,36.720551299999997,1
RITE AID - 3350,RITE AID OF KENTUCKY INC,600 MAIN STREET, ,MUNFORDVILLE,KY,HART,42765,270-524-3081,-85.893878999999998,37.274115999999999,0
WHITE HOUSE CLINIC - BEREA,HEALTH HELP INC,104 LEGACY DRIVE, ,BEREA,KY,MADISON,40403,859-986-2323,-84.316764000000006,37.605320399999997,0
WAL-MART SUPERCENTER - 1190,WAL-MART STORES EAST LP,120 JILL DRIVE, ,BEREA,KY,MADISON,40403,859-986-3113,-84.312567999999999,37.565405200000001,1
PRESCRIPTION SHOP,"AYRY ENTERPRISES, INC",1571 KY HIGHWAY 259 NORTH, ,BROWNSVILLE,KY,EDMONSON,42210,888-203-2364,-86.285685999999998,37.210687299999996,0
SCIENCE HILL DRUG,LONDON VALU-RITE PHARMACY INC.,5775 NORTH HIGHWAY 27, ,SCIENCE HILL,KY,PULASKI,42553,606-423-9959,-84.625551000000002,37.174421299999999,0
PAMIDA - 22,PAMIDA STORES OPERATING CO LLC,671 WOLFORD AVENUE, ,LIBERTY,KY,CASEY,42539,606-787-4236,-84.927935000000005,37.323153699999999,0
RITE AID - 2762,RITE AID OF KENTUCKY INC,343 NORTH WALLACE WILKINSON BOULEVARD, ,LIBERTY,KY,CASEY,42539,606-787-5574,-84.929181999999997,37.319206200000004,0
NATION'S MEDICINES LOW COST PRESCRIPTIONS,"PYLES PHARMACY, INC.",706 JAMESTOWN STREET, ,COLUMBIA,KY,ADAIR,42728,270-384-5874,-85.302439000000007,37.095877999999999,0
RITE AID - 3272,RITE AID OF KENTUCKY INC,612 WEST STOCKTON STREET, ,EDMONTON,KY,METCALFE,42129,270-432-2725,-85.621466999999996,36.981428000000001,0
RITE AID - 4780,RITE AID OF KENTUCKY INC,978 NORTH MAIN STREET, ,MONTICELLO,KY,WAYNE,42633,606-348-8478,-84.839118999999997,36.840947499999999,0
BRODHEAD PHARMACY,BRODHEAD PHARMACY,54 WEST MAIN STREET, ,BRODHEAD,KY,ROCKCASTLE,40409,606-758-4373,-84.414906000000002,37.403073999999997,0
JAMESTOWN VALU-RITE PHARMACY INC,JAMESTOWN VALU-RITE PHARMACY INC.,1417 N MAIN ST STE A,STE A,JAMESTOWN,KY,RUSSELL,42629,270-343-4443,-85.073363000000001,37.001081100000000,0
RITE AID - 1744,RITE AID OF KENTUCKY INC,1040 RICHMOND STREET, ,MOUNT VERNON,KY,ROCKCASTLE,40456,606-256-9207,-84.336005000000000,37.367126900000002,0
MADISON SOUTH PHARMACY,MADISON SOUTH PHARMACY LLC,405 RICHMOND ROAD NORTH, ,BEREA,KY,MADISON,40403,859-228-0010,-84.284243000000004,37.589364400000001,0
DYER DRUG,CENTRAL KENTUCKY APOTHECARY,100 EAST CUMBERLAND STREET, ,ALBANY,KY,CLINTON,42602,606-387-6444,-85.135613000000006,36.691040200000003,0
KMART,K MART CORP,420 EAST HIGHWAY 80, ,SOMERSET,KY,PULASKI,42501,606-679-1121,-84.614430999999996,37.100855299999999,0
MAIN STREET PHARMACY,MAIN STREET PHARMACY LLC,150 MAIN STREET, ,MOUNT VERNON,KY,ROCKCASTLE,40456,606-256-0475,-84.338907000000006,37.353312600000002,0
KROGER,KROGER LIMITED PARTNERSHIP I,181 SOUTH HIGHWAY 27, ,SOMERSET,KY,PULASKI,42501,606-451-4341,-84.619326999999998,37.090813599999997,1
RX DISCOUNT,RX DISCOUNT OF BEREA PLLC,216 BRENWOOD STREET, ,BEREA,KY,MADISON,40403,859-985-7283,-84.312903000000006,37.568205499999998,0
RITE AID - 2420,RITE AID OF KENTUCKY INC,500 NORTH HIGHWAY 27, ,WHITLEY CITY,KY,MCCREARY,42653,606-376-3307,-84.468530000000001,36.730257399999999,0
WEST SOMERSET PHARMACY,WEST SOMERSET PHARMACY INC,647 WEST HIGHWAY 80, ,SOMERSET,KY,PULASKI,42503,606-677-1922,-84.629103999999998,37.090907399999999,0
GRIDER DRUG - 1,GRIDER DRUG #1 LLC,539 MAIN STREET, ,RUSSELL SPRINGS,KY,RUSSELL,42642,270-866-6477,-85.087261999999996,37.057069900000002,0
RITE AID - 3260,RITE AID OF KENTUCKY INC,1261 NORTH UNITED STATES HIGHWAY 27, ,STANFORD,KY,LINCOLN,40484,606-365-9191,-84.647180000000006,37.547327600000003,0
LAKESHORE PHARMACY,LAKESHORE PHARMACY INC.,51 WEST LAKESHORE DRIVE, ,BURNSIDE,KY,PULASKI,42519,606-561-7104,-84.604853000000006,36.992796400000003,0
RUSSELL SPRINGS PHARMACY,RUSSELL SPRINGS PHARMACY,92 JOE T PETTY DRIVE,SUITE 100,RUSSELL SPRINGS,KY,RUSSELL,42642,270-866-2778,-85.068781000000001,37.057191799999998,0
RITE AID - 1387,RITE AID OF KENTUCKY INC,183 SOUTH HIGHWAY 127,NORTHRIDGE SHOPPING CENTER,RUSSELL SPRINGS,KY,RUSSELL,42642,270-866-2226,-85.072146000000004,37.063543299999999,0
NUNN DRUGS,NUNN DRUGS INCORPORATED,1704 WEST STOCKTON STREET, ,EDMONTON,KY,METCALFE,42129,270-432-3111,-85.651392999999999,36.989333700000003,0
DAUGHERTY'S DRUGS,DAUGHERTY'S DRUG STORE INC,4160 SOUTH HIGHWAY 27, ,PINE KNOT,KY,MCCREARY,42635,606-354-2222,-84.441997000000001,36.667408999999999,0
BURGESS DRUGS,BURGESS DRUG STORE INC,19 MEDICAL LANE, ,WHITLEY CITY,KY,MCCREARY,42653,606-376-5043,-84.471457999999998,36.734238400000002,0
JAMES MEDICAL PHARMACY,R & S PULMONARY PHARMACY,1545 CAMPBELLSVILLE ROAD,SUITE B,COLUMBIA,KY,ADAIR,42728,270-385-9600,-85.296560999999997,37.121927399999997,0
EPHRAIM MCDOWELL FORT LOGAN HOSPITAL,"EMHFL, INC",110 METKER TRAIL, ,STANFORD,KY,LINCOLN,40484,606-365-4766,-84.653193000000002,37.542727800000002,0
NATION'S MEDICINES,CENTURY PHARMACY INC,875 SOUTH HIGHWAY 27, ,SOMERSET,KY,PULASKI,42501,606-677-0073,-84.617757999999995,37.081729400000000,0
CVS - 6345,HOOK SUPERX LLC,31 WEST BROADWAY STREET, ,WINCHESTER,KY,CLARK,40391,606-744-7701,-84.178044000000000,37.994117799999998,0
RITE AID - 3918,RITE AID OF KENTUCKY INC,1115 KIM KENT DRIVE, ,RICHMOND,KY,MADISON,40475,859-623-5812,-84.269977999999995,37.738919199999998,0
CLARK COUNTY PHARMACY,"CLARK COUNTY PHARMACY, INC",1520B BOONESBORO ROAD, ,WINCHESTER,KY,CLARK,40391,859-744-3350,-84.197264000000004,37.975805100000002,0
WAL-MART SUPERCENTER - 569,WAL-MART STORES EAST LP,2988 BURKESVILLE ROAD, ,COLUMBIA,KY,ADAIR,42728,270-384-3913,-85.334502000000001,37.075585099999998,1
MORGAN'S MEDICINE,MORGANS MEDICINE PLLC,360 KEEN STREET, ,BURKESVILLE,KY,CUMBERLAND,42717,270-864-2222,-85.368936000000005,36.785307400000001,0
CAPPS PHARMACY,CAPPS PHARMACY INC,331 KEEN STREET, ,BURKESVILLE,KY,CUMBERLAND,42717,270-864-1606,-85.368791999999999,36.784319400000001,0
WAL-MART SUPERCENTER - 719,WAL-MART STORES EAST LP,820 EASTERN BYPASS, ,RICHMOND,KY,MADISON,40475,859-623-6802,-84.283068999999998,37.728633100000003,1
RITE AID - 2679,RITE AID OF KENTUCKY INC,394 NORTH DIXIE STREET, ,HORSE CAVE,KY,HART,42749,270-786-1147,-85.902634000000006,37.183141700000000,0
RITE AID - 3935,RITE AID OF KENTUCKY INC,310 GLADES ROAD, ,BEREA,KY,MADISON,40403,859-986-3103,-84.285355999999993,37.585521600000000,0
STANFORD HEALTH MART DRUG,"MT. VERNON DRUG, INC.",107 METKER TRAIL,SUITE D,STANFORD,KY,LINCOLN,40484,606-365-2100,-84.652724000000006,37.544150999999999,0
WAYNE KWIK SCRIPT PHARMACY,"WAYNE KWIKSCRIPT, INC.",1316 WEST COLUMBIA AVENUE, ,MONTICELLO,KY,WAYNE,42633,606-348-4455,-84.865390000000005,36.841656899999997,0
WAL-MART SUPERCENTER - 689,WAL-MART STORES EAST LP,177 WASHINGTON DRIVE, ,SOMERSET,KY,PULASKI,42501,606-679-8466,-84.623424000000000,37.068536999999999,1
LINCARE,LINCARE INC.,246 POPLAR AVENUE,SUITE B,SOMERSET,KY,PULASKI,42503,606-679-0171,-84.618064000000004,37.097042700000003,0
EDMONSON DRUG COMPANY INCORPORATED,EDMONSON DRUG COMPANY INC,432 SOUTH MAIN STREET, ,BROWNSVILLE,KY,EDMONSON,42210,270-597-2386,-86.262946999999997,37.190633200000001,0
PROFESSIONAL PHARMACY,"PROFESSIONAL PHARMACY OF SOMERSET, LLC",342 BOGLE STREET, ,SOMERSET,KY,PULASKI,42503,606-679-1169,-84.621290000000002,37.083941600000003,0
RITE AID - 3915,RITE AID OF KENTUCKY INC,1250 SOUTH HIGHWAY 27, ,SOMERSET,KY,PULASKI,42501,606-676-0485,-84.616892000000007,37.076188500000001,0
KROGER,KROGER LIMITED PARTNERSHIP I,2835 SOUTH HIGHWAY 27, ,SOMERSET,KY,PULASKI,42501,606-678-4012,-84.626665000000003,37.054678199999998,1
NANCY PHARMACY,RX DISCOUNT PHARMACY OF HARLAN COUNTY INC,9734 WEST HIGHWAY 80, ,NANCY,KY,PULASKI,42544,606-636-4444,-84.749076000000002,37.071915199999999,0
WALGREENS-OPTIONCARE,"WALGREENS-OPTIONCARE, INC.",83 BOGLE OFFICE PARK DRIVE, ,SOMERSET,KY,PULASKI,42503,888-568-1316,-84.624437000000000,37.086573600000001,1
KMART,K MART CORP,301 SOUTH HIGHWAY 127, ,RUSSELL SPRINGS,KY,RUSSELL,42642,270-866-7166,-85.073196999999993,37.061915399999997,0
COLEMANS DRUG STORE AND DELI,COLEMANS DRUG STORE INC,103 WEST MAIN STREET, ,STANFORD,KY,LINCOLN,40484,606-365-2164,-84.661783999999997,37.529110400000000,0
RX DISCOUNT PHARMACY,RX DISCOUNT PHARMACY OF HARLAN,1755 NORTH HIGHWAY 27, ,WHITLEY CITY,KY,MCCREARY,42653,606-376-7171,-84.474299999999999,36.747379500000001,0
METCALFE DRUG,"PARMET, INC. DBA METCALFE DRUGS",115 EAST STOCKTON STREET, ,EDMONTON,KY,METCALFE,42129,270-432-3051,-85.611610999999996,36.979906000000000,0
MOUNTAIN APOTHECARY,MOUNTAIN APOTHECARY,834 SOUTH MAYO TRAIL, ,PAINTSVILLE,KY,JOHNSON,41240,606-789-6150,-82.798856999999998,37.805851099999998,0
FRUTH PHARMACY,FRUTH PHARMACY INC,125 7TH AVENUE, ,HUNTINGTON,WV,CABELL,25701,304-697-2151,-82.455383999999995,38.414034000000001,0
WAL-MART SUPERCENTER - 2548,WAL-MART STORES EAST LP,28402 UNITED STATES HIGHWAY 119, ,SOUTH WILLIAMSON,KY,PIKE,41503,606-237-4443,-82.271139000000005,37.658944800000000,1
MCMEAN'S PHARMACY,MCMEANS PHARMACY,2920 CARTER AVENUE, ,ASHLAND,KY,BOYD,41101,606-325-8400,-82.623520999999997,38.468971199999999,0
RITE AID - 2431,RITE AID OF WEST VIRGINIA INC,303 CENTRAL AVENUE, ,WAYNE,WV,WAYNE,25570,304-272-6767,-82.442492000000001,38.227426600000001,0
WAL-MART SUPERCENTER - 4461,WAL-MART STORES EAST LP,275 WALTON DRIVE, ,LOUISA,KY,LAWRENCE,41230,606-673-4912,-82.624058000000005,38.102524199999998,1
WAL-MART SUPERCENTER - 2849,WAL-MART STORES EAST LP,320 MALLARD LANE, ,MASON,WV,MASON,25260,304-773-9186,-82.034306999999998,39.010416700000000,1
WAL-MART SUPERCENTER - 1139,WAL-MART STORES EAST LP,200 WALMART WAY, ,MOREHEAD,KY,ROWAN,40351,606-784-3266,-83.481915000000001,38.201501000000000,1
FRUTH PHARMACY - 5,FRUTH PHARMACY INC,16 PERRY MORRIS SQUARE, ,MILTON,WV,CABELL,25541,304-743-4880,-82.131012999999996,38.436364800000000,0
RITE AID - 1737,RITE AID OF KENTUCKY INC,UNITED STATES HIGHWAY 23 AT 35TH STREET, ,CATLETTSBURG,KY,BOYD,41129,606-739-4432,-82.600542000000004,38.404493000000002,0
WILLIAMSON APPALACHIAN REGIONAL HEALTHCARE,WILLIAMSON ARH PHARMACY,260 HOSPITAL DRIVE, ,SOUTH WILLIAMSON,KY,PIKE,41503,606-237-1728,-82.296948000000000,37.676734699999997,0
RITE AID - 3943,RITE AID OF KENTUCKY INC,110 RICHMOND ROAD, ,IRVINE,KY,ESTILL,40336,606-723-2146,-83.979286000000002,37.696313300000000,0
FLEMING COUNTY HOSPITAL PHARMACY,FLEMING COUNTY HOSPITAL,55 FOUNDATION DRIVE, ,FLEMINGSBURG,KY,FLEMING,41041,606-849-5076,-83.751497999999998,38.422203699999997,0
RITE AID - 3360,RITE AID OF KENTUCKY INC,308 SOUTH MAYO TRAIL, ,PAINTSVILLE,KY,JOHNSON,41240,606-789-4950,-82.806082000000004,37.810274100000001,0
KMART,K MART CORP,344 NORTH MAYO TRAIL, ,PAINTSVILLE,KY,JOHNSON,41240,606-789-3738,-82.821072999999998,37.822229399999998,0
FOOD CITY - 424,K VA T FOOD STORES INC,300 NORTH MAYO TRAIL, ,PAINTSVILLE,KY,JOHNSON,41240,606-789-7116,-82.819905000000006,37.821379600000000,0
CAMARGO PHARMACY,GOOD 2 GREAT INVESTMENTS,3404 CAMARGO ROAD, ,MOUNT STERLING,KY,MONTGOMERY,40353,859-497-0009,-83.898103000000006,37.999676500000000,0
WAL-MART SUPERCENTER - 1426,WAL-MART STORES EAST LP,351 RIVER HILL DRIVE, ,ASHLAND,KY,BOYD,41101,606-329-0477,-82.658163999999999,38.485526100000001,1
MORGAN COUNTY APPALACHIAN REGIONAL HEALTHCARE PHARMACY,APPALACHIAN REGIONAL HEALTHCARE INC.,476 LIBERTY ROAD, ,WEST LIBERTY,KY,MORGAN,41472,606-743-7730,-83.265495999999999,37.919998000000000,0
HOME CONVALESCENT AIDS INCORPORATED,"HOME CONVALESCENT AIDS, INC.",1113 WEST LEXINGTON AVENUE, ,WINCHESTER,KY,CLARK,40391,859-745-4445,-84.197299999999998,38.000452400000000,0
KROGER,KROGER LIMITED PARTNERSHIP I,179 WEST COLLEGE AVENUE, ,STANTON,KY,POWELL,40380,606-663-2663,-83.861717999999996,37.844334799999999,1
PRIMARYPLUS-TOLLESBORO,LEWIS CO PRIMARY CARE CENTER INC,17521 WEST KY 9, ,TOLLESBORO,KY,LEWIS,41189,606-798-2072,-83.592591999999996,38.556296400000001,0
HIGHLAND REGIONAL MEDICAL CENTER PHARMACY,CONSOLIDATED HEALTH ENTRPRS,5000 KY ROUTE 321,HIGHLANDS MEDICAL OFFICE BUILDING,PRESTONSBURG,KY,FLOYD,41653,606-886-8511,-82.767206000000002,37.729061899999998,0
FRUTH PHARMACY,FRUTH PHARMACY INC,1419 UNITED STATES ROUTE 60, ,HUNTINGTON,WV,CABELL,25705,304-525-0507,-82.389767000000006,38.413626700000002,0
FRUTH PHARMACY - 24,FRUTH PHARMACY INC,5455F BIG TYLER ROAD, ,CROSS LANES,WV,KANAWHA,25313,304-204-0060,-81.784887999999995,38.425880900000003,0
RITE AID - 982,RITE AID OF KENTUCKY INC,200 ROCKCASTLE ROAD, ,INEZ,KY,MARTIN,41224,606-298-4215,-82.541472999999996,37.868947400000003,0
CROSS LANES FAMILY PHARMACY,CROSS LANES FAMILY PHARMACY,5516 BIG TYLER ROAD, ,CROSS LANES,WV,KANAWHA,25313,304-204-2588,-81.789730000000006,38.422111200000003,0
INEZ DRUG STORE,INEZ DRUG STORE INC,6 OLD MIDDLE FORK ROAD, ,INEZ,KY,MARTIN,41224,606-298-3800,-82.539626999999996,37.866233600000001,0
DRUG EMPORIUM,DISCOUNT EMPORIUM INC,3 MALL ROAD, ,BARBOURSVILLE,WV,CABELL,25504,304-736-2451,-82.259446999999994,38.419764000000001,0
WALGREENS - 11980,WALGREEN CO.,111 4TH AVENUE, ,HUNTINGTON,WV,CABELL,25701,304-523-3502,-82.456790999999996,38.418057500000003,1
BEEWELL PHARMACY,"BEEWELL PHARMACY, INC",4501 MACCORKLE AVENUE SOUTHWEST, ,CHARLESTON,WV,KANAWHA,25309,304-766-8484,-81.724754000000004,38.356082299999997,0
KROGER,KROGER LIMITED PARTNERSHIP I,981 DUNBAR VILLAGE PLAZA, ,DUNBAR,WV,KANAWHA,25064,304-768-7326,-81.734459000000001,38.357782499999999,1
CVS - 3480,REVCO DISCOUNT DRUG CENTERS INC,5179 UNITED STATES ROUTE 60 EAST, ,HUNTINGTON,WV,CABELL,25705,304-736-3496,-82.343981999999997,38.412277600000003,0
MED EXPRESS PHARMACY,MED EXPRESS PHARMACY,487 UNIVERSITY DRIVE, ,PRESTONSBURG,KY,FLOYD,41653,606-886-9320,-82.782066999999998,37.684548200000002,0
KROGER,KROGER LIMITED PARTNERSHIP I,5 RIVER WALK MALL, ,SOUTH CHARLESTON,WV,KANAWHA,25303,304-744-5128,-81.710313999999997,38.365230599999997,1
RITE AID - 945,RITE AID OF WEST VIRGINIA INC,100 21ST STREET, ,NITRO,WV,KANAWHA,25143,304-755-3391,-81.841705000000005,38.422138599999997,0
RITE AID - 947,RITE AID OF WEST VIRGINIA INC,333 MACCORKLE AVENUE SOUTHWEST, ,SOUTH CHARLESTON,WV,KANAWHA,25303,304-744-8362,-81.695189999999997,38.369778300000000,0
SAM'S CLUB - 6457,SAMS EAST INC,2500 MOUNTAINEER BOULEVARD, ,SOUTH CHARLESTON,WV,KANAWHA,25309,304-744-3649,-81.711612000000002,38.322028699999997,0
HIGHLANDS MEDICAL OFFICE PHARMACY,HIGHLANDS MEDICAL OFFICE PHCY,520 NORTH MAYO TRAIL, ,PAINTSVILLE,KY,JOHNSON,41240,606-789-3670,-82.825322999999997,37.825074299999997,0
THE MEDICAP PHARMACY,PASTM INC,4352 5TH STREET ROAD, ,HUNTINGTON,WV,WAYNE,25701,304-523-5003,-82.451476000000000,38.346620799999997,0
CARTER FAMILY PHARMACY,CARTER PHARMACIST GROUP,136 JESSICA LANE, ,OLIVE HILL,KY,CARTER,41164,606-286-2029,-83.181415000000001,38.297318500000003,0
GARRY'S PHARMACY,JAMES I. THOMAS,441 PARKWAY DRIVE, ,SALYERSVILLE,KY,MAGOFFIN,41465,606-349-6135,-83.062893000000003,37.746444300000000,0
CARLISLE DRUG COMPANY,CARLISLE DRUG INC,126 EAST MAIN STREET, ,CARLISLE,KY,NICHOLAS,40311,859-289-2528,-84.028176000000002,38.311991800000001,0
MEDICAP PHARMACY,SANTIMCO INC,2008 SMOOT AVENUE, ,DANVILLE,WV,BOONE,25053,304-369-3981,-81.832530000000006,38.078303300000002,0
BATH HOMETOWN PHARMACY,BATH HOMETOWN PHARMACY INC,19 MILLER DRIVE, ,OWINGSVILLE,KY,BATH,40360,606-674-2423,-83.757591000000005,38.130442700000003,0
KROGER,KROGER LIMITED PARTNERSHIP I,3265 SMOOT AVENUE, ,DANVILLE,WV,BOONE,25053,304-369-9074,-81.821676999999994,38.074611800000000,1
TOTAL CARE PHARMACY,FLEMING PHARMACIST GROUP,209 SOUTH MAIN CROSS STREET, ,FLEMINGSBURG,KY,FLEMING,41041,606-845-2101,-83.734250000000003,38.420732399999999,0
ESTILL CLINIC PHARMACY,ESTILL CLINIC PHARMACY,275 NORTH COURT STREET, ,IRVINE,KY,ESTILL,40336,606-723-0044,-83.974875999999995,37.705080899999999,0
MEDICINE STOP PHARMACY,MEDICINE STOP INC,2789 POND FORK ROAD, ,UNEEDA,WV,BOONE,25205,304-369-4330,-81.780006999999998,38.035599599999998,0
RITE AID - 966,RITE AID OF WEST VIRGINIA INC,4016 STATE ROUTE 34, ,HURRICANE,WV,PUTNAM,25526,304-757-7318,-81.940616000000006,38.450495400000001,0
WALGREENS - 12678,WALGREEN CO.,3000 TEAYS VALLEY ROAD, ,HURRICANE,WV,PUTNAM,25526,304-562-1830,-82.017647999999994,38.435389000000001,1
RITE AID - 141,RITE AID OF WEST VIRGINIA INC,101A ROOSEVELT BOULEVARD, ,ELEANOR,WV,PUTNAM,25070,304-586-9064,-81.922139000000001,38.533238200000000,0
POCA VALU-RITE,"POCA VALU-RITE, INC",119C MAIN STREET, ,POCA,WV,PUTNAM,25159,304-755-1500,-81.814068000000006,38.471265000000002,0
WALGREENS INFUSION SERVICES,"WALGREENS-OPTIONCARE, INC.",4380 13TH STREET, ,ASHLAND,KY,BOYD,41102,606-324-4427,-82.675076000000004,38.451564200000000,1
ARACOMA DRUG COMPANY,ARACOMA DRUG COMPANY,772 NORTH MAIN STREET, ,CHAPMANVILLE,WV,LOGAN,25508,304-855-4541,-82.016369999999995,37.975681000000002,0
RITE AID - 959,RITE AID OF WEST VIRGINIA INC,635 MAIN STREET WEST, ,RIPLEY,WV,JACKSON,25271,304-372-7448,-81.722935000000007,38.821819800000000,0
KROGER,KROGER LIMITED PARTNERSHIP I,MCGRAW STREET AND MAIN STREET WEST, ,RIPLEY,WV,JACKSON,25271,304-372-5292,-81.722083999999995,38.819772600000000,1
RITE AID - 112,RITE AID OF WEST VIRGINIA INC,ROUTE 10, ,MAN,WV,LOGAN,25635,304-583-2404,-81.867609000000002,37.729258399999999,0
RITE AID - 1634,RITE AID OF WEST VIRGINIA INC,8315 COURT AVENUE, ,HAMLIN,WV,LINCOLN,25523,304-824-5050,-82.093327000000002,38.280216099999997,0
RITE AID - 1992,RITE AID OF WEST VIRGINIA INC,HOLDEN ROAD, ,LOGAN,WV,LOGAN,25601,304-239-2020,-82.017084999999994,37.845199200000003,0
FAMILY DISCOUNT PHARMACY,FAMILY DISCOUNT PHARMACY INC,360 MOUNT GAY ROAD, ,LOGAN,WV,LOGAN,25601,304-752-1445,-82.014187000000007,37.846082299999999,0
WAL-MART SUPERCENTER - 4277,WAL-MART STORES EAST LP,167 PROGRESS WAY, ,HURRICANE,WV,PUTNAM,25526,304-562-3193,-82.023334000000006,38.441178999999998,1
THE MEDICINE SHOPPE PHARMACY,"T & J ENTERPRISES, INC",2402 ADAMS AVENUE, ,HUNTINGTON,WV,CABELL,25704,304-429-6716,-82.495266999999998,38.408078099999997,0
RITE AID - 1755,RITE AID OF KENTUCKY INC,933 BLACKBURN AVENUE, ,ASHLAND,KY,BOYD,41101,606-324-0372,-82.658600000000007,38.466079399999998,0
CLINIC PHARMACY,"JORDAN DRUG, INC.",789 PARKWAY DRIVE, ,SALYERSVILLE,KY,MAGOFFIN,41465,606-349-1700,-83.057696000000007,37.744707099999999,0
WALGREENS - 10889,WALGREEN CO.,2045 BYPASS ROAD, ,WINCHESTER,KY,CLARK,40391,859-744-1377,-84.206331000000006,37.985547799999999,1
RITE AID - 7920,RITE AID OF KENTUCKY INC,104 PEDRO WAY, ,WINCHESTER,KY,CLARK,40391,859-745-7870,-84.211533000000003,37.989993800000001,0
KMART,K MART CORP,600 CW STEVENS BOULEVARD, ,GRAYSON,KY,CARTER,41143,606-474-8859,-82.934448000000003,38.348978299999999,0
KROGER,KROGER LIMITED PARTNERSHIP I,370 DIEDERICH BOULEVARD, ,ASHLAND,KY,GREENUP,41101,606-325-0611,-82.681676999999993,38.501434000000003,1
WAL-MART SUPERCENTER - 1233,WAL-MART STORES EAST LP,470 NORTH MAYO TRAIL, ,PAINTSVILLE,KY,JOHNSON,41240,606-789-8925,-82.825412000000000,37.823250199999997,1
RITE AID - 295,RITE AID OF KENTUCKY INC,4311 HIGHWAY 2565, ,LOUISA,KY,LAWRENCE,41230,606-638-3110,-82.619421000000003,38.118716900000003,0
VALUE MED INCORPORATED,VALUE MED INC,209 B NORTH MAYO TRAIL, ,PAINTSVILLE,KY,JOHNSON,41240,606-789-5995,-82.815477999999999,37.815723499999997,0
FOOD CITY - 425,K VA T FOOD STORES INC,28093 UNITED STATES HIGHWAY 119, ,SOUTH WILLIAMSON,KY,PIKE,41503,606-237-1175,-82.270480000000006,37.653771700000000,0
FAMILY PHARMACY,B & K PHARMACY INC,412 CENTRAL AVENUE, ,SOUTH WILLIAMSON,KY,PIKE,41503,606-237-7430,-82.284216000000001,37.671490599999998,0
RITE AID - 1212,RITE AID OF KENTUCKY INC,308 PARKWAY DRIVE, ,SALYERSVILLE,KY,MAGOFFIN,41465,606-349-1044,-83.062032000000002,37.747463600000003,0
COOLEY APOTHECARY,COOLEY APOTHECARY INC,128 NORTH LAKE DRIVE, ,PRESTONSBURG,KY,FLOYD,41653,606-886-8106,-82.773450999999994,37.668460799999998,0
KROGER,KROGER LIMITED PARTNERSHIP I,1661 BYPASS ROAD, ,WINCHESTER,KY,CLARK,40391,859-745-0802,-84.217688999999993,37.994256000000000,1
WHITE HOUSE CLINIC - IRVINE,HEALTH HELP INCORPORATED,926 RICHMOND ROAD, ,IRVINE,KY,ESTILL,40336,606-723-0665,-83.987443999999996,37.698303299999999,0
PRATER DRUG,PRATER DRUG INC,200 CHURCH STREET, ,SALYERSVILLE,KY,MAGOFFIN,41465,606-349-3135,-83.068365000000000,37.751834100000004,0
CVS - 2380,FLATWOODS CVS INC,2409 ARGILLITE ROAD, ,FLATWOODS,KY,GREENUP,41139,606-833-8027,-82.723360000000000,38.516810399999997,1
CARRINGTON DRUG,"DONALDSON DRUG, INC",506 NORTH MAYSVILLE ROAD, ,MOUNT STERLING,KY,MONTGOMERY,40353,859-498-3464,-83.946501999999995,38.068123200000002,0
WAL-MART SUPERCENTER - 1140,WAL-MART STORES EAST LP,499 INDIAN MOUND DRIVE, ,MOUNT STERLING,KY,MONTGOMERY,40353,859-498-1392,-83.957828000000006,38.069080499999998,1
HOPE FAMILY MEDICAL CENTER,BIG SANDY HEALTH CARE INC,835 PARKWAY DRIVE, ,SALYERSVILLE,KY,MAGOFFIN,41465,606-349-5126,-83.056520000000006,37.744151199999997,0
RITE AID - 1770,RITE AID OF KENTUCKY INC,275 PRESTONSBURG STREET, ,WEST LIBERTY,KY,MORGAN,41472,606-743-3425,-83.258908000000005,37.921863899999998,0
RITE AID - 3555,RITE AID OF KENTUCKY INC,380 WEST MAIN STREET, ,MOREHEAD,KY,ROWAN,40351,606-783-1581,-83.437123999999997,38.178340300000002,0
POWELL PRESCRIPTION CENTER,"JORDAN DRUG, INC.",4644 STATE HIGHWAY 15 WEST, ,CLAY CITY,KY,POWELL,40312,606-663-3481,-83.922554000000005,37.861749900000000,0
RITE AID - 1781,RITE AID OF KENTUCKY INC,125 NORTH MAIN STREET, ,STANTON,KY,POWELL,40380,606-663-2521,-83.858924999999999,37.847368000000003,0
MEDICINE CABINET PHARMACY,BROADWAY CLINIC PHARMACY INC,515 BROADWAY STREET, ,PAINTSVILLE,KY,JOHNSON,41240,606-789-9988,-82.802786999999995,37.811068900000002,0
RITE AID - 3922,RITE AID OF KENTUCKY INC,654 UNIVERSITY SHOPPING CENTER, ,RICHMOND,KY,MADISON,40475,859-623-7326,-84.308193000000003,37.734446699999999,0
RITE AID - 937,RITE AID OF WEST VIRGINIA INC,1101 MYERS AVENUE, ,DUNBAR,WV,KANAWHA,25064,304-768-1284,-81.738771000000000,38.358950200000002,0
RITE AID - 2430,RITE AID OF KENTUCKY INC,9145 BEAUTY ROAD, ,WARFIELD,KY,MARTIN,41267,606-395-0522,-82.418942999999999,37.843434199999997,0
LOUISA DRUG STORE,"LAWRENCE RETAIL CO., INC.",408 NORTH LOCK AVENUE, ,LOUISA,KY,LAWRENCE,41230,606-638-4155,-82.605283999999997,38.117449600000000,0
CVS - 6340,HOOK SUPERX LLC,197 APPALACHIAN PLAZA, ,SOUTH WILLIAMSON,KY,PIKE,41503,606-237-6230,-82.276304999999994,37.668039600000000,0
KROGER,KROGER LIMITED PARTNERSHIP I,5450 BIG TYLER ROAD, ,CROSS LANES,WV,KANAWHA,25313,304-776-5178,-81.786547999999996,38.427459599999999,1
RITE AID - 3311,RITE AID OF WEST VIRGINIA INC,1010 SOUTH MAIN STREET, ,MILTON,WV,CABELL,25541,304-743-7912,-82.133165000000005,38.433863600000002,0
WAL-MART SUPERCENTER - 2244,WAL-MART STORES EAST LP,3333 UNITED STATES ROUTE 60, ,HUNTINGTON,WV,CABELL,25705,304-525-4266,-82.375230000000002,38.407074100000003,1
KROGER,KROGER LIMITED PARTNERSHIP I,19 7TH AVENUE WEST, ,HUNTINGTON,WV,CABELL,25701,304-522-6677,-82.456687000000002,38.413812999999998,1
KROGER,KROGER LIMITED PARTNERSHIP I,6360 UNITED STATES ROUTE 60 EAST, ,BARBOURSVILLE,WV,CABELL,25504,304-733-3373,-82.302408999999997,38.415695300000003,1
COMPRECARE SPECIALTY PHARMACUETICAL SERVICES,PHARMACY ASSOCIATES INC,1308 4TH AVENUE, ,HUNTINGTON,WV,CABELL,25701,304-525-1222,-82.436548000000002,38.422249800000003,0
CVS - 6350,HOOK SUPERX LLC,UNITED STATES HIGHWAY 60 AND 4TH STREET,CEREDO PLAZA MALL,CEREDO,WV,WAYNE,25507,304-453-3503,-82.562239000000005,38.396411600000000,0
MEDICAL ARTS PHARMACY,MEDICAL ARTS SUPPLY INC,949 6TH AVENUE, ,HUNTINGTON,WV,CABELL,25701,304-529-7141,-82.441559999999996,38.418136400000002,0
MEDICINE CABINET PHARMACY,BROADWAY CLINIC PHARMACY,3476 UNITED STATES ROUTE 60 EAST, ,BARBOURSVILLE,WV,CABELL,25504,304-733-3784,-82.257633999999996,38.415636800000001,0
RITE AID - 946,RITE AID OF WEST VIRGINIA INC,305 SIXTH AVENUE, ,SAINT ALBANS,WV,KANAWHA,25177,304-722-4617,-81.834541000000002,38.385293099999998,0
WAL-MART SUPERCENTER - 2576,WAL-MART STORES EAST LP,100 NITRO MARKET PLACE, ,CROSS LANES,WV,KANAWHA,25313,304-769-0140,-81.807471000000007,38.411302399999997,1
BLUEGRASS FAMILY PHARMACY,BLUEGRASS FAMILY PHARMACY,2187 LEXINGTON ROAD,SUITE 1,RICHMOND,KY,MADISON,40475,859-624-9797,-84.323785000000001,37.777348300000000,0
WAL-MART SUPERCENTER - 702,WAL-MART STORES EAST LP,1859 BYPASS ROAD, ,WINCHESTER,KY,CLARK,40391,859-744-6055,-84.210993000000002,37.987671100000000,1
MEDFUSION RX,MEDFUSION RX,206 ROXALANA BUSINESS PARK, ,DUNBAR,WV,KANAWHA,25064,304-720-6970,-81.730363999999994,38.364115800000000,0
CVS - 6346,HOOK SUPERX LLC,255 EAST MAIN STREET, ,RICHMOND,KY,MADISON,40475,859-623-7481,-84.292417000000000,37.747031000000000,0
WHITE HOUSE CLINIC - RICHMOND,HEALTH HELP INCORPORATED,401 HIGHLAND PARK DRIVE, ,RICHMOND,KY,MADISON,40475,859-626-7700,-84.265455000000003,37.739916999999998,0
KROGER,KROGER LIMITED PARTNERSHIP I,300 KROGER CENTER, ,MOREHEAD,KY,ROWAN,40351,606-783-1476,-83.485169999999997,38.191859600000001,1
PEYTON'S PHARMACY,"PEYTON'S PHARMACY, INC",414 MAIN STREET, ,WEST LIBERTY,KY,MORGAN,41472,606-743-3163,-83.260193000000001,37.918458100000002,0
HOPKINS DRUG COMPANY INCORPORATED,"HOPKINS DRUG CO., INC.",116 EAST MAIN STREET, ,CARLISLE,KY,NICHOLAS,40311,859-289-5122,-84.028458999999998,38.312077000000002,0
SAINT CLAIRE FAMILY MEDICINE - OWINGSVILLE,ST. CLAIRE MEDICAL CENTER DBA BATH COUNTY MEDICAL CLINIC,632 SLATE AVENUE, ,OWINGSVILLE,KY,BATH,40360,606-674-6386,-83.760829000000001,38.136278200000000,0
THE MEDICINE SHOPPE PHARMACY,DB COYLE ENTERPRISES INC,238 EAST MAIN STREET, ,RICHMOND,KY,MADISON,40475,859-623-8900,-84.292085000000000,37.746177899999999,0
RITE AID - 3462,RITE AID OF WEST VIRGINIA INC,4749 ROUTE 152, ,LAVALETTE,WV,WAYNE,25535,304-525-3992,-82.446133000000003,38.321699000000002,0
WOLFE PRESCRIPTION CENTER,"JORDAN DRUG, INC.",237 MOUNTAIN PARKWAY SPUR, ,CAMPTON,KY,WOLFE,41301,606-668-3900,-83.556031000000004,37.733130600000003,0
FRUTH PHARMACY - 20,FRUTH PHARMACY INC,501 ROOSEVELT BOULEVARD, ,ELEANOR,WV,PUTNAM,25070,304-586-0886,-81.928228000000004,38.535677000000000,0
OWINGSVILLE DRUG,STERLING PHARMACY GROUP,53 MILLER DRIVE,UNIT 3,OWINGSVILLE,KY,BATH,40360,606-674-6334,-83.757965999999996,38.130687199999997,0
CORNER DRUG WINCHESTER,CORNER DRUG WINCHESTER INC,4 NORTH HIGHLAND STREET, ,WINCHESTER,KY,CLARK,40391,859-744-6844,-84.175500999999997,37.993310100000002,0
WAL-MART SUPERCENTER - 2610,WAL-MART STORES EAST LP,77 NORMAN MORGAN BOULEVARD, ,LOGAN,WV,LOGAN,25601,304-752-7459,-82.044426000000001,37.860067600000001,1
RITE AID - 280,RITE AID OF WEST VIRGINIA INC,406 WASHINGTON STREET, ,RAVENSWOOD,WV,JACKSON,26164,304-273-4496,-81.763901000000004,38.951574800000003,0
TOWN PHARMACY CARE,BROWN BAILEY & BLANKENSHIP INC,300 MAIN STREET, ,MAN,WV,LOGAN,25635,304-583-2803,-81.873035999999999,37.744565799999997,0
WAL-MART SUPERCENTER - 2792,WAL-MART STORES EAST LP,100 MCGINNIS DRIVE, ,WAYNE,WV,WAYNE,25570,304-272-3766,-82.429913999999997,38.256810399999999,1
COMMUNITY PRESCRIPTION CENTER,"COMMUNITY PRESCRIPTION CTR, INC",601 EAST MCDONALD AVENUE, ,MAN,WV,LOGAN,25635,304-583-7900,-81.875242999999998,37.733892400000002,0
RITE AID - 1607,RITE AID OF KENTUCKY INC,103 GLYNNVIEW PLAZA, ,PRESTONSBURG,KY,FLOYD,41653,606-886-1255,-82.787270000000007,37.659239900000003,0
VALUE-MED PHARMACY,VALUE-MED PHARMACY INC,334 NORTH LAKE DRIVE, ,PRESTONSBURG,KY,FLOYD,41653,606-886-3030,-82.774879999999996,37.670835099999998,0
FOOD FAIR - 3406,GALLAHERS FOOD FAIR PHARMACY,2912 BLACKBURN AVENUE, ,ASHLAND,KY,BOYD,41101,606-329-2111,-82.646524999999997,38.455894899999997,0
CVS - 6347,HOOK SUPERX LLC,1221 LEXINGTON AVENUE, ,ASHLAND,KY,BOYD,41101,606-324-2128,-82.646868999999995,38.476376899999998,0
RITE AID - 962,RITE AID OF KENTUCKY INC,1203 13TH STREET,OAKVIEW SHOPPING CENTER,ASHLAND,KY,BOYD,41101,606-324-7149,-82.650380999999996,38.473286700000003,0
RITE AID - 1743,RITE AID OF KENTUCKY INC,100 SOUTH CAROL MALONE BOULEVARD, ,GRAYSON,KY,CARTER,41143,606-474-4470,-82.945184999999995,38.331453000000003,0
PROFESSIONAL CENTER PHARMACY,PROFESSIONAL CENTER PHARMACY ANNEX,793 EASTERN BYPASS,SUITE G-1,RICHMOND,KY,MADISON,40475,859-623-8065,-84.292608999999999,37.730477399999998,0
H AND N DRUG,H&N DRUG,515 MEMORIAL DRIVE,SUITE 2,MANCHESTER,KY,CLAY,40962,606-598-3674,-83.760516999999993,37.162464800000002,0
MEDI CENTER DRUGS,MEDI CENTER DRUGS,509 MEMORIAL DRIVE,SUITE 1,MANCHESTER,KY,CLAY,40962,606-598-7933,-83.760194999999996,37.162319099999998,0
FAMILY DRUG CENTER 3,"SOUTHEASTERN FAMILY DRUG CENTER, INC",214 BRIDGE STREET, ,MANCHESTER,KY,CLAY,40962,606-598-6736,-83.761431000000002,37.154097600000000,0
UNIVERSITY OF KENTUCKY NORTH FORK VALLEY COMMUNITY HEALTH CENTER PHARMACY,"NORTH FORK VALLEY COMMUNITY HEALTH BOARD, INC",750 MORTON BOULEVARD, ,HAZARD,KY,PERRY,41701,606-435-0469,-83.226943000000006,37.277355000000000,0
THOMPSON DRUG - SADDLEBROOK,WINDHAM DRUG,575 WEST LAUREL ROAD, ,LONDON,KY,LAUREL,40741,606-862-6261,-84.108086999999998,37.103645800000002,0
JORDAN DRUG - 9,"JORDAN DRUG, INC.",200 MULBERRY STREET,SUITE B,BOONEVILLE,KY,OWSLEY,41314,606-593-8300,-83.674062000000006,37.477544999999999,0
KING PHARMACY,KING PHARMACY INC,900 MORTON BOULEVARD, ,HAZARD,KY,PERRY,41701,606-435-1067,-83.225482000000000,37.280486099999997,0
RITE AID - 3345,RITE AID OF KENTUCKY INC,5571 COLLINS HIGHWAY, ,PIKEVILLE,KY,PIKE,41501,606-639-4588,-82.543420999999995,37.387723200000003,0
BRENTWOOD PHARMACY,G&M HEALTHCARE PLLC,108 BRENTWOOD PLACE, ,CORBIN,KY,LAUREL,40701,606-258-9110,-84.101224999999999,36.975105599999999,0
MARTIN PRESCRIPTION CENTER,MARTIN PRESCRIPTION CENTER,12554 MAIN STREET, ,MARTIN,KY,FLOYD,41649,606-285-3274,-82.759984000000003,37.562668500000001,0
RX DISCOUNT PHARMACY - 7,"RX DISCOUNT PHARMACY OF HARLAN, INC.",1841 NORTH 25TH STREET, ,MIDDLESBORO,KY,BELL,40965,606-248-9330,-83.705765999999997,36.623685299999998,0
UPPER LEVISA CLINIC PHARMACY,UPPER LEVISA CLINIC PHARMACY,137 NORTH LEVISA ROAD, ,MOUTHCARD,KY,PIKE,41548,606-835-2411,-82.256247000000002,37.386002400000002,0
THREE FORKS APOTHECARY,"THREE FORKS APOTHECARY, INC.",1071 BROADWAY STREET, ,BEATTYVILLE,KY,LEE,41311,606-464-0941,-83.702076000000005,37.582664800000003,0
DOWNTOWN DRUG,DOWNTOWN DRUG INC,90 TRIANGLE STREET, ,MARTIN,KY,FLOYD,41649,606-285-0786,-82.760705000000002,37.561094599999997,0
RITE AID - 1849,RITE AID OF WEST VIRGINIA INC,292 MAIN STREET, ,GILBERT,WV,MINGO,25621,304-664-9800,-81.876242000000005,37.610637099999998,0
KROGER,KROGER LIMITED PARTNERSHIP I,515 NORTH 12TH STREET, ,MIDDLESBORO,KY,BELL,40965,606-248-2093,-83.704999999999998,36.613790399999999,1
DONELL'S PHARMACY,DONELLS PHARMACY,40 WEST HIGHWAY 72, ,BAXTER,KY,HARLAN,40806,606-573-4550,-83.323722000000004,36.858781499999999,0
RITE AID - 3216,RITE AID OF KENTUCKY INC,59 HIGHWAY 15 NORTH, ,JACKSON,KY,BREATHITT,41339,606-666-2883,-83.382564000000002,37.557147200000003,0
WALTERS PHARMACY SHOPPE,WALTERS CORP,3603 CUMBERLAND AVENUE, ,MIDDLESBORO,KY,BELL,40965,606-248-8900,-83.739968000000005,36.604970899999998,0
TRI-CITY MEDICAL CENTER,APPALACHIAN REGIONAL HEALTHCARE INC,18880 NORTH UNITED STATES HIGHWAY 119, ,CUMBERLAND,KY,HARLAN,40823,606-589-0130,-83.022407999999999,36.966525200000000,0
RITE AID - 1656,RITE AID OF KENTUCKY INC,1320 CUMBERLAND FALLS HIGHWAY, ,CORBIN,KY,WHITLEY,40701,606-528-8270,-84.110365000000002,36.927528799999997,0
RITE AID - 3932,RITE AID OF KENTUCKY INC,839 SOUTH MAIN STREET,CARNABY SQUARE SHOPPING CENTER,LONDON,KY,LAUREL,40741,606-864-7368,-84.080037000000004,37.122096800000001,0
CREECH AND GIBBS PHARMACY,GIBBS AND CREECH LLP,13369 NORTH UNITED STATES HIGHWAY 25E, ,CORBIN,KY,KNOX,40701,606-523-1911,-84.050560000000004,36.947171900000001,0
RITE AID - 1540,RITE AID OF KENTUCKY INC,2300 HIGHWAY 15, ,WHITESBURG,KY,LETCHER,41858,606-632-1936,-82.840716000000000,37.122525899999999,0
WAL-MART SUPERCENTER - 1259,WAL-MART STORES EAST LP,60 SOUTH STEWART ROAD, ,CORBIN,KY,LAUREL,40701,606-523-2206,-84.102475999999996,36.972129199999998,1
KMART,K MART CORP,1710 WEST HIGHWAY 192, ,LONDON,KY,LAUREL,40741,606-878-5532,-84.088712000000001,37.105923699999998,0
KYVA PHARMACY,KYVA INVESTMENT DBA KYVA PHARMACY,109 EAST MAIN STREET, ,WHITESBURG,KY,LETCHER,41858,606-633-4488,-82.823038999999994,37.117789199999997,0
PRESCRIPTION SHOPPE,"D & M PHARMACIES, INC.",200 WEST GORDON STREET, ,CORBIN,KY,WHITLEY,40701,606-528-9305,-84.097907000000006,36.948608299999997,0
HOWARD FAMILY PHARMACY,HOWARD FAMILY PHARMACY INC,327 KY ROUTE 550, ,EASTERN,KY,FLOYD,41622,606-358-4800,-82.806171000000006,37.516595400000000,0
KROGER,KROGER LIMITED PARTNERSHIP I,1019 CUMBERLAND FALLS HIGHWAY, ,CORBIN,KY,WHITLEY,40701,606-526-0755,-84.105120999999997,36.928263500000000,1
WAL-MART - 1743,WAL-MART STORES EAST LP,201 WALTON ROAD, ,HARLAN,KY,HARLAN,40831,606-573-9650,-83.318292000000000,36.817474500000003,1
ANNVILLE PHARMACY,THREE STORES INC,78 STATE HIGHWAY 3444,SUITE 2,ANNVILLE,KY,JACKSON,40402,606-364-3113,-83.959626999999998,37.319301000000003,0
"GRIFFITH & FEIL DRUG, INC","GRIFFITH & FEIL DRUG, INC.",1405 CHESTNUT ST, ,KENOVA,WV,WAYNE,25530,304-453-2381,-82.578236000000004,38.399650399999999,0
MCCLOUD FAMILY PHARMACY,MCCLOUD FAMILY PHARMACY,4541 5TH STREET RD, ,HUNTINGTON,WV,WAYNE,25701,304-522-6090,-82.454909000000001,38.376472100000001,0
LINCOLN PRIMARY CARE CENTER,LINCOLN PRIMARY CARE CENTER,7400 LYNN AVE, ,HAMLIN,WV,LINCOLN,25523,304-824-6337,-82.120277999999999,38.278540000000000,0
HUNTINGTON VAMC,HUNTINGTON VAMC,1540 SPRING VALLEY DR, ,HUNTINGTON,WV,WAYNE,25704,304-429-6755,-82.517905999999996,38.384393600000003,0
RIPLEY DRUG INC,RIPLEY DRUG INC,328 MAIN ST W, ,RIPLEY,WV,JACKSON,25271,304-372-9355,-81.713665000000006,38.818678300000002,0
WALGREENS - TOYOTA FAMILY PHARMACY,WALGREEN CO.,1 SUGAR MAPLE LANE, ,BUFFALO,WV,PUTNAM,25033,304-937-7429,-81.993508000000006,38.597500199999999,1
RITE VALUE PHARMACY,RITE VALUE PHARMACY LLC,2673 HIGHWAY 644,SUITE 3,LOUISA,KY,LAWRENCE,41230,606-638-9627,-82.607347000000004,38.093016700000000,0
FRED'S - 3808,FREDS STORES OF TENNESSEE INC,316 MAIN STREET, ,PAINTSVILLE,KY,JOHNSON,41240,606-789-5371,-82.806438999999997,37.813509600000003,0
STULTZ PHARMACY - GREENUP,STULTZ PHARMACY INC,1615 ASHLAND ROAD, ,GREENUP,KY,GREENUP,41144,606-473-7346,-82.826441000000003,38.568191499999998,0
MEDICINE CABINET PHARMACY,BROADWAY CLINIC PHARMACY INC,230 STATE HIGHWAY 2, ,OLIVE HILL,KY,CARTER,41164,606-286-2035,-83.181516000000002,38.300399200000001,0
FAMILY DRUG OF WHEELWRIGHT,FAMILY DRUG OF WHEELWRIGHT,107 STATE ROUTE 306, ,BYPRO,KY,FLOYD,41612,606-452-4134,-82.716404999999995,37.352788699999998,0
WAL-MART SUPERCENTER - 1113,WAL-MART STORES EAST LP,1851 WEST HIGHWAY 192, ,LONDON,KY,LAUREL,40741,606-878-6143,-84.091695000000001,37.114140100000000,1
CVS - 6341,HOOK SUPERX LLC,533 SKIDMORE DRIVE, ,HARLAN,KY,HARLAN,40831,606-573-7334,-83.311633000000000,36.811208499999999,0
HOMETOWN PHARMACY,PEJ INC,95 JACKSON HEIGHTS, ,JACKSON,KY,BREATHITT,41339,606-666-5500,-83.356890000000007,37.555076499999998,0
RITE AID - 3916,RITE AID OF KENTUCKY INC,560 MANCHESTER SQUARE SHOPPING CENTER, ,MANCHESTER,KY,CLAY,40962,606-598-0414,-83.769700999999998,37.137776700000003,0
FAMILY DRUG CENTER,"SOUTHEASTERN FAMILY DRUG CENTER, INC",110 MANCHESTER SHOPPING CENTER, ,MANCHESTER,KY,CLAY,40962,606-598-8831,-83.767111999999997,37.161392900000003,0
CORBIN PHARMACY,CORBIN PHARMACY INC,60 BRYAN BOULEVARD,SUITE 201,CORBIN,KY,WHITLEY,40701,606-523-5585,-84.119262000000006,36.919468199999997,0
MORTONS DISCOUNT DRUG,"MORTON PHARMACIES, INC.",10 DEMPSEY LANE, ,CORBIN,KY,WHITLEY,40701,606-258-0445,-84.106059000000002,36.929409600000000,0
MUD CREEK CLINIC PHARMACY,BIG SANDY HEALTH CARE INC,7629 KY ROUTE 979, ,GRETHEL,KY,FLOYD,41631,606-587-2200,-82.654256000000004,37.465814700000003,0
WAL-MART SUPERCENTER - 739,WAL-MART STORES EAST LP,STATE HIGHWAY 441 AND UNITED STATES HIGHWAY 25 EAST, ,MIDDLESBORO,KY,BELL,40965,606-248-6288,-83.707697999999993,36.622226499999996,1
FOOD CITY - 437,K VA T FOOD STORES INC,2478 SOUTH UNITED STATES HIGHWAY 421, ,HARLAN,KY,HARLAN,40831,606-573-7200,-83.322345999999996,36.825220600000002,0
RITE AID - 1657,RITE AID OF KENTUCKY INC,116 NORTH PINE STREET, ,PINEVILLE,KY,BELL,40977,606-337-6548,-83.694908999999996,36.762447999999999,0
RITE AID - 1357,RITE AID OF KENTUCKY INC,4209 NORTH MAYO TRAIL, ,PIKEVILLE,KY,PIKE,41501,606-432-0331,-82.573652999999993,37.523550899999996,0
SHELBY VALLEY CLINIC,BIG SANDY HEALTH CARE INC,178 DOUGLAS PARKWAY, ,PIKEVILLE,KY,PIKE,41501,606-639-3135,-82.534852999999998,37.381479599999999,0
PIKEVILLE MEDICAL CENTER,PIKEVILLE MEDICAL CENTER,911 BYPASS ROAD, ,PIKEVILLE,KY,PIKE,41501,606-218-3576,-82.522184999999993,37.471282400000000,0
MCDOWELL APPALACHIAN REGIONAL HEALTHCARE CRITICIAL ACCESS HOSPITAL,APPALACHIAN REGIONAL HEALTHCARE INC.,ROUTE 122, ,MC DOWELL,KY,FLOYD,41647,606-377-3418,-82.747163999999998,37.456672200000000,0
RITE AID - 3270,RITE AID OF KENTUCKY INC,551 MAIN STREET NORTH, ,MCKEE,KY,JACKSON,40447,606-287-7187,-84.006915000000006,37.429365799999999,0
RITE AID - 3919,RITE AID OF KENTUCKY INC,297 TERRELL LANE, ,BARBOURVILLE,KY,KNOX,40906,606-546-9241,-83.869095999999999,36.855498699999998,0
SAV-RITE FAMILY PHARMACY INCORPORATED,SAV-RITE FAMILY PHARMACY INC.,1150 MASTER STREET, ,CORBIN,KY,KNOX,40701,606-528-7770,-84.081913999999998,36.954211399999998,0
PLAZA DRUG,NATURE TECHNOLOGIES INC,731 NORTH LAUREL ROAD, ,LONDON,KY,LAUREL,40741,606-864-2600,-84.104602000000000,37.153697500000000,0
FOOD CITY - 438,K VA T FOOD STORES INC,50 MORTON BOULEVARD, ,HAZARD,KY,PERRY,41701,606-435-2355,-83.217916000000002,37.278800900000000,0
FALLS ROAD PHARMACY,FALLS ROAD PHARMACY INC,40 MOONBOW PLAZA,SUITE 1,CORBIN,KY,WHITLEY,40701,606-258-0000,-84.146619000000001,36.912469700000003,0
MAIDEN DRUG COMPANY,WILLIAMSBURG PHARMACY INC,327 MAIN STREET, ,WILLIAMSBURG,KY,WHITLEY,40769,606-549-0449,-84.160409000000001,36.742162000000000,0
KMART,K MART CORP,14662 NORTH UNITED STATES HIGHWAY 25 EAST, ,CORBIN,KY,KNOX,40701,606-528-1625,-84.070303999999993,36.959645899999998,0
WINDHAM DRUG,WINDHAM DRUG INC,1605 SOUTH HIGHWAY 25 WEST, ,WILLIAMSBURG,KY,WHITLEY,40769,606-549-3636,-84.163106999999997,36.723186800000001,0
NEIGHBORHOOD PHARMACY,NEIGHBORHOOD PHARMACY PLLC,5230 KY ROUTE 321,RIVERVIEW PROFESSIONAL BUILDING SUITE 5,PRESTONSBURG,KY,FLOYD,41653,606-889-8570,-82.762791000000007,37.728250600000003,0
NOBLES PHARMACY,NOBLES PHARMACY,579 GARRISON LANE, ,GARRISON,KY,LEWIS,41141,606-757-3535,-83.173709000000002,38.606024400000003,0
OSMAN PHARMACY,"ANTIS PHARMACY,INC",89 2ND STREET, ,VANCEBURG,KY,LEWIS,41179,606-796-2932,-83.315933000000001,38.601076999999997,0
THE MEDICINE SHOPPE PHARMACY,BLACKLOG APOTHECARY INC,40 EAST BLACK LOG ROAD, ,INEZ,KY,MARTIN,41224,606-298-7774,-82.499121000000002,37.844733200000000,0
RIVERSIDE PHARMACY,RIVERSIDE PHARMACY INC,22 LARRY JOE HARLESS DRIVE, ,GILBERT,WV,MINGO,25621,304-664-3343,-81.867215999999999,37.611889099999999,0
PLAZA PHARMACY,PLAZA PHARMACY,1220 RICHMOND ROAD, ,IRVINE,KY,ESTILL,40336,606-723-5315,-83.992580000000004,37.699914700000001,0
IAEGER PHARMACY,"CUMBERLAND HEALTH SERVICES, INC.",4381 COAL HERITAGE ROAD, ,IAEGER,WV,MCDOWELL,24844,304-938-2819,-81.807680000000005,37.467602100000001,0
IRVINE HEALTH MART PHARMACY,"SPENCER DRUG, LLC",905 RICHMOND ROAD, ,IRVINE,KY,ESTILL,40336,606-723-5446,-83.988354000000001,37.697019300000001,0
CVS - 4244,REVCO DISCOUNT DRUG CENTERS INC,121 10TH STREET, ,DUNBAR,WV,KANAWHA,25064,304-768-0023,-81.738113999999996,38.358047999999997,0
RIVERVIEW PHARMACY,"LOUISA PRESCRIPTION CENTER, INC.",201 SOUTH WATER STREET, ,LOUISA,KY,LAWRENCE,41230,606-638-9218,-82.601288999999994,38.115088999999998,0
DOCTORS PARK APOTHECARY,NORVELL APOTHECARIES INC,121 BISHOP STREET,SUITE 1,CORBIN,KY,WHITLEY,40701,606-528-1932,-84.105132999999995,36.945497199999998,0
TARGET,TARGET CORPORATION AND SUBSIDIARIES,30 RHL BOULEVARD, ,CHARLESTON,WV,KANAWHA,25309,304-746-0820,-81.714995000000002,38.338622000000001,1
CVS - 6337,HOOK SUPERX LLC,103 MOUNT STERLING BYPASS,MONTGOMERY SQUARE,MOUNT STERLING,KY,MONTGOMERY,40353,859-498-4320,-83.954901000000007,38.049199799999997,0
CABELL HUNTINGTON HOSPITAL,CABELL HUNTINGTON HOSPITAL,1340 HAL GREER BOULEVARD, ,HUNTINGTON,WV,CABELL,25701,304-526-2075,-82.427419000000000,38.409783699999998,0
SAFESCRIPT PHARMACY,SAFE RX PHARMACIES INC,335 4TH AVENUE, ,HUNTINGTON,WV,CABELL,25701,304-522-0435,-82.453441999999995,38.418875800000002,0
CVS - 4425,REVCO DISCOUNT DRUG CENTERS INC,447 WEST WASHINGTON AVENUE, ,HUNTINGTON,WV,CABELL,25701,304-522-0045,-82.463200000000001,38.416686300000002,0
MIKEL'S HEALTH MART PHARMACY,MIKELS DRIVE IN PHARMACY,1928 CUMBERLAND AVENUE, ,MIDDLESBORO,KY,BELL,40965,606-248-1052,-83.713899999999995,36.607478399999998,0
CVS - 3391,REVCO DISCOUNT DRUG CENTERS INC,2901 5TH AVENUE, ,HUNTINGTON,WV,CABELL,25702,304-697-0366,-82.397861000000006,38.426979600000003,0
RITE AID - 950,RITE AID OF WEST VIRGINIA INC,1138 HAL GREER BOULEVARD, ,HUNTINGTON,WV,CABELL,25701,304-523-0167,-82.428190999999998,38.411960399999998,0
MEDZONE PHARMACY,LITTLE AND WADDELL INC,5291 KY ROUTE 321, ,PRESTONSBURG,KY,FLOYD,41653,606-886-9954,-82.761492000000004,37.729016299999998,0
WALGREENS - 11977,WALGREEN CO,6414 UNITED STATES HIGHWAY 60 EAST, ,BARBOURSVILLE,WV,CABELL,25504,304-736-0528,-82.299234999999996,38.415464999999998,1
RITE AID - 968,RITE AID OF WEST VIRGINIA INC,6401 UNITED STATE ROUTE 60 EAST, ,BARBOURSVILLE,WV,CABELL,25504,304-736-2837,-82.299588000000000,38.414253700000003,0
COTTONGIM DRUG COMPANY,COTTONGIM DRUG CO INC,300 SOUTH MAIN STREET, ,CORBIN,KY,WHITLEY,40701,606-528-1304,-84.096224000000007,36.945653499999999,0
PROFESSIONAL CARE PHARMACY,PROFESSIONAL CARE PHARMACY INC,15 SECOND STREET, ,VANCEBURG,KY,LEWIS,41179,606-796-6100,-83.317170000000004,38.602004200000003,0
KROGER,KROGER LIMITED PARTNERSHIP I,2627 5TH AVENUE, ,HUNTINGTON,WV,CABELL,25702,304-529-6510,-82.406678999999997,38.425193999999998,1
KMART,K MART CORP,5636 UNITED STATES ROUTE 60 EAST, ,HUNTINGTON,WV,CABELL,25705,304-736-2098,-82.323904999999996,38.409498200000002,0
ARCHER CLINIC PHARMACY,LESLIE PHARMACY INC,400 UNIVERSITY DRIVE,SUITE 100,PRESTONSBURG,KY,FLOYD,41653,606-886-1202,-82.780503999999993,37.682847199999998,0
RITE AID - 1436,RITE AID OF KENTUCKY INC,100 HOLLY HILLS MALL, ,HINDMAN,KY,KNOTT,41822,606-785-4960,-82.942582000000002,37.314430299999998,0
HUNTINGTON REGIONAL MEDICAL PARK PHARMACY,HUNTINGTON REGIONAL MED PK PHARM CO,5170 UNITED STATES ROUTE 60 EAST,SUITE 2800,HUNTINGTON,WV,CABELL,25705,304-399-3784,-82.345327999999995,38.415017400000004,0
PRIMARYPLUS,LEWIS COUNTY PRIMARY CARE CENTER PHARMACY,211 HIGHWAY 59,BUILDING A,VANCEBURG,KY,LEWIS,41179,606-796-2686,-83.327224000000001,38.582609800000000,0
HOMETOWN PHARMACY,HOMETOWN PHARMACY,130 HIGHWAY 80, ,HYDEN,KY,LESLIE,41749,606-672-3084,-83.369521000000006,37.154674100000001,0
RITE AID - 2259,RITE AID OF KENTUCKY INC,11349 STATE HIGHWAY 1056,BUSKIRK PLAZA,MC CARR,KY,PIKE,41544,606-427-9007,-82.166829000000007,37.619950699999997,0
FOOD CITY - 458,K VA T FOOD STORES INC,215 CASSIDY BOULEVARD, ,PIKEVILLE,KY,PIKE,41501,606-437-9209,-82.537509000000000,37.503979200000003,0
CVS - 6306,HOOK SUPERX LLC,1441 MACCORKLE AVENUE, ,SAINT ALBANS,WV,KANAWHA,25177,304-722-3335,-81.825614000000002,38.387027000000003,0
TOTAL CARE PHARMACY - 2,TOTAL CARE PHARMACY #2,118 CLARK STREET, ,FLEMINGSBURG,KY,FLEMING,41041,606-845-3421,-83.737859999999998,38.418071400000002,0
KMART,K MART CORP,3889 NORTH MAYO TRAIL, ,PIKEVILLE,KY,PIKE,41501,606-437-0899,-82.569275000000005,37.519468099999997,0
KROGER,KROGER LIMITED PARTNERSHIP I,1439 MACCORKLE AVENUE, ,SAINT ALBANS,WV,KANAWHA,25177,304-722-5086,-81.826205999999999,38.387144499999998,1
TOWN HILL PHARMACY,PARADISE ENTERPRISES LLC,115 TOWN HILL ROAD,SUITE 19,LOUISA,KY,LAWRENCE,41230,606-638-0370,-82.612825000000001,38.111950600000000,0
DISCOUNT DRUG MART,"DISCOUNT DRUG MART, INC",108 MAIN STREET, ,SANDY HOOK,KY,ELLIOTT,41171,606-738-5111,-83.126152000000005,38.085881600000000,0
CITIZENS DRUG,CITIZENS DRUG INC,13380 PHELPS 632 ROAD, ,PHELPS,KY,PIKE,41553,606-456-3446,-82.160263000000000,37.510693799999999,0
KMART,K MART CORP,1477 MACCORKLE AVENUE, ,SAINT ALBANS,WV,KANAWHA,25177,304-722-4246,-81.823047000000003,38.386402799999999,0
PEOPLES CHOICE PHARMACY,BOWKIRK MEDICAL,3004 CUMBERLAND AVENUE,SUITE 101,MIDDLESBORO,KY,BELL,40965,606-246-2001,-83.730453999999995,36.606315199999997,0
RITE AID - 3702,RITE AID OF WEST VIRGINIA INC,932 CROSS LANES DRIVE, ,CROSS LANES,WV,KANAWHA,25313,304-776-3276,-81.791893999999999,38.420181700000001,0
LOOP PHARMACY AND HOME MEDICAL,LOOP PLAZA PHARMACY CO,72 6TH AVENUE, ,SAINT ALBANS,WV,KANAWHA,25177,304-722-2233,-81.837496999999999,38.387202000000002,0
BOYD COUNTY HEALTH MART PHARMACY,BOYD PHARMACIST GROUP,12544 UNITED STATES ROUTE 60, ,ASHLAND,KY,BOYD,41102,606-929-5301,-82.714608999999996,38.388353299999999,0
WARFIELD PRESCRIPTION CENTER,WARFIELD PRESCRIPTION CENTER,9251 BEAUTY ROAD,WARFIELD PRESCRIPTION CENTER,WARFIELD,KY,MARTIN,41267,606-395-6477,-82.417783000000000,37.844570500000003,0
HEALTHY WAY PHARMACY,HEALTHY WAY PHARMACY INC,MAIN STREET, ,SANDY HOOK,KY,ELLIOTT,41171,606-738-4041,-83.130215000000007,38.083629000000002,0
WHITESBURG APPALACHIAN REGIONAL HEALTHCARE HOSPITAL,APPALACHIAN REGIONAL HEALTHCARE INC.,240 HOSPITAL ROAD, ,WHITESBURG,KY,LETCHER,41858,606-633-3503,-82.812640000000002,37.113082400000003,0
RITE AID - 1812,RITE AID OF KENTUCKY INC,410 WEST TOM T HALL BOULEVARD, ,OLIVE HILL,KY,CARTER,41164,606-286-2322,-83.179220000000001,38.298019099999998,0
PINEVILLE PHARMACY,PINEVILLE PHARMACY LLC,114 PINE STREET, ,PINEVILLE,KY,BELL,40977,606-337-3335,-83.695010999999994,36.762220800000001,0
HORTON BROTHERS AND BROWN HEALTH MART PHARMACY,HORTON BROTHERS AND BROWN LLC,128 EAST MAIN STREET, ,GRAYSON,KY,CARTER,41143,606-474-5655,-82.948076999999998,38.332662100000000,0
MCDONALD PHARMACY,MCDONALD PHARMACY,437 JAMES E HANNAH DRIVE, ,SOUTH SHORE,KY,GREENUP,41175,606-932-3614,-82.962834000000001,38.718121199999999,0
ROSS DRUGS,APOTHECARE,125 FOXGLOVE DRIVE, ,MOUNT STERLING,KY,MONTGOMERY,40353,859-498-0564,-83.956197000000003,38.065900100000000,0
WALGREENS - 11750,WALGREEN CO.,101 GOFF MOUNTAIN ROAD, ,CROSS LANES,WV,KANAWHA,25313,304-769-0590,-81.790515999999997,38.419869499999997,1
FOOD CITY - 471,K VA T FOOD STORES INC,429 UNIVERSITY DRIVE, ,PRESTONSBURG,KY,FLOYD,41653,606-889-9572,-82.782206000000002,37.684043099999997,0
WHITAKER PHARMACY,"WHITAKER PHARMACARE, INC.",644 NORTH MAYSVILLE ROAD,SUITE 2,MOUNT STERLING,KY,MONTGOMERY,40353,859-498-3141,-83.949184000000002,38.072223800000003,0
FAMILY DISCOUNT DRUGS,P I C CORPORATION,60 SLATE AVENUE, ,OWINGSVILLE,KY,BATH,40360,606-674-6979,-83.763623999999993,38.143939899999999,0
TARGET,TARGET CORPORATION AND SUBSIDIARIES,2070 THUNDERING HERD DRIVE, ,BARBOURSVILLE,WV,CABELL,25504,304-736-7651,-82.284585000000007,38.420060900000003,1
HARLAN APPALACHIAN REGIONAL HEALTHCARE HOSPITAL,APPALACHIAN REGIONAL HEALTHCARE INC,81 BALL PARK ROAD, ,HARLAN,KY,HARLAN,40831,606-573-8196,-83.313579000000004,36.809437299999999,0
GRAYSON FAMILY DRUG,TPN GRAYSON LLC,131 SOUTH CAROL MALONE BOULEVARD, ,GRAYSON,KY,CARTER,41143,606-475-0232,-82.946505000000002,38.330676900000000,0
WAL-MART SUPERCENTER - 5296,WAL-MART STORES EAST LP,25 NICHOLS DRIVE, ,BARBOURSVILLE,WV,CABELL,25504,304-733-6188,-82.256535000000000,38.421867499999998,1
CVS - 4419,REVCO DISCOUNT DRUG CENTERS INC,800 20TH STREET, ,HUNTINGTON,WV,CABELL,25703,304-522-1035,-82.420646000000005,38.418371299999997,0
STUFFLEBEAN PHARMACY,"JORDAN DRUG, INC.",1031 GRAND AVENUE, ,BEATTYVILLE,KY,LEE,41311,606-464-3396,-83.698521000000000,37.583891100000002,0
FAMILY DRUG CENTER,STARNES DRUG CO DBA FAMILY DRUG CENTER,284 TOWN MOUNTAIN ROAD, ,PIKEVILLE,KY,PIKE,41501,606-432-5588,-82.506958999999995,37.487355100000002,0
RITE AID - 3423,RITE AID OF WEST VIRGINIA INC,527 31ST STREET, ,HUNTINGTON,WV,CABELL,25702,304-697-1807,-82.394070999999997,38.427327800000000,0
RITE AID - 3567,RITE AID OF KENTUCKY INC,1900 ARGILLITE ROAD, ,FLATWOODS,KY,GREENUP,41139,606-836-2498,-82.717136999999994,38.521991900000003,0
MCDOWELL PROFESSIONAL PHARMACY,MCDOWELL PROFESSIONAL PHARMACY INC,9549 STATE ROUTE 122, ,MCDOWELL,KY,FLOYD,41647,606-377-1088,-82.751009999999994,37.458642400000002,0
BILLINGS DRUGS,BILLINGS DRUGS INC,163 EAST COLLEGE AVENUE, ,STANTON,KY,POWELL,40380,606-663-2848,-83.855463000000000,37.844923399999999,0
STULTZ PHARMACY - FLATWOODS,STULTZ PHARMACY INC,2420 ARGILLITE ROAD, ,FLATWOODS,KY,GREENUP,41139,606-473-7346,-82.722610000000003,38.516182399999998,0
RITE AID - 2575,RITE AID OF KENTUCKY INC,9485 HIGHWAY 805, ,JENKINS,KY,LETCHER,41537,606-832-2084,-82.634330000000006,37.171856499999997,0
CVS - 6342,HOOK SUPERX LLC,1807 NORTH MAIN STREET, ,LONDON,KY,LAUREL,40741,606-878-7344,-84.100375000000000,37.139063000000000,0
COOLEY MEDICAL EQUIPMENT - IV,COOLEY MEDICAL EQUIPMENT,1152 RIVERSIDE DRIVE, ,PRESTONSBURG,KY,FLOYD,41653,606-886-0333,-82.761095999999995,37.666634899999998,0
MEDICINE COMPOUNDING PROFESSIONALS,BROADWAY CLINIC PHARMACY INC,280 RUSSELL ROAD, ,ASHLAND,KY,GREENUP,41101,606-324-6337,-82.677079000000006,38.500268800000001,0
KROGER,KROGER LIMITED PARTNERSHIP I,711 MARTIN LUTHER KING JUNIOR BOULEVARD, ,ASHLAND,KY,BOYD,41101,606-324-7119,-82.649710999999996,38.477689400000003,1
THOMPSON DISCOUNT DRUG,THOMPSON DISCOUNT DRUG,804 EAST 4TH STREET, ,LONDON,KY,LAUREL,40741,606-878-7713,-84.072344000000001,37.130914799999999,0
KROGER,KROGER LIMITED PARTNERSHIP I,810 INDIAN MOUND DRIVE, ,MOUNT STERLING,KY,MONTGOMERY,40353,859-497-9696,-83.953560999999993,38.061102699999999,1
FRUTH PHARMACY - 7,FRUTH PHARMACY INC,106 21ST STREET, ,NITRO,WV,KANAWHA,25143,304-755-0128,-81.841413000000003,38.421952400000002,0
HOMETOWN PHARMACY,HOMETOWN PHARMACY,2160 BLACKLOG ROAD, ,INEZ,KY,MARTIN,41224,606-298-7283,-82.511351000000005,37.853622799999997,0
THOMPSON DRUG - SOUTH,"THOMPSON DRUG SOUTH, INC.",975 SOUTH LAUREL ROAD,SUITE A,LONDON,KY,LAUREL,40744,606-864-6324,-84.066485999999998,37.094821899999999,0
WAL-MART SUPERCENTER - 2036,WAL-MART STORES EAST LP,2700 MOUNTAINEER BOULEVARD, ,SOUTH CHARLESTON,WV,KANAWHA,25309,304-746-1725,-81.713927999999996,38.319522399999997,1
NAPIER FAMILY HEALTH MART PHARMACY,"BURNICE NAPIER, INC. DBA NAPIER FAMILY DRUG",47 WEST MAIN STREET, ,HINDMAN,KY,KNOTT,41822,606-785-3143,-82.981437999999997,37.334998800000001,0
THE WRIGHT PHARMACY INCORPORATED,WRIGHT PHARMACY INC,82 BIGGS LANE, ,SOUTH SHORE,KY,GREENUP,41175,606-932-2202,-82.932378000000000,38.727817100000003,0
CVS - 7124,HURRICANE WV CVS INC,3901 TEAYS VALLEY ROAD, ,HURRICANE,WV,PUTNAM,25526,304-760-1123,-81.951843999999994,38.446831299999999,1
THOMPSON DRUG - EAST,THOMPSON DRUG EAST BERNSTADT,1088 HIGHWAY 490, ,EAST BERNSTADT,KY,LAUREL,40729,606-843-2211,-84.118146999999993,37.188599699999997,0
RITE AID - 4731,RITE AID OF WEST VIRGINIA INC,3114 TEAYS VALLEY ROAD, ,HURRICANE,WV,PUTNAM,25526,304-562-7138,-82.013615999999999,38.435890499999999,0
WHITESBURG PHARMACY,KYVA INVESTMENTS,246 MEDICAL PLAZA LANE,SUITE B,WHITESBURG,KY,LETCHER,41858,606-633-1335,-82.842083000000002,37.125189399999996,0
FRUTH PHARMACY - 23,FRUTH PHARMACY INC,4012 TEAYS VALLEY ROAD, ,SCOTT DEPOT,WV,PUTNAM,25560,304-201-1630,-81.937359999999998,38.450001299999997,0
RITE AID - 3564,RITE AID OF KENTUCKY INC,426 VILLAGE LANE, ,HAZARD,KY,PERRY,41701,606-436-2117,-83.232218000000003,37.279454600000001,0
KMART,K MART CORP,101 GREAT TEAYS BOULEVARD, ,SCOTT DEPOT,WV,PUTNAM,25560,304-757-3201,-81.933865999999995,38.451465399999996,0
MEDICAL PLAZA PHARMACY,OUR LADY OF BELLEFONTE HOSPITAL,SAINT CHRISTOPHER DRIVE,OUR LADY OF BELLEFONTE HOSPITAL,ASHLAND,KY,GREENUP,41101,606-833-3510,-82.693612000000002,38.508506900000000,0
OMNICARE OF ASHLAND,HOME CARE PHARMACY LLC,720 GREENUP AVENUE, ,ASHLAND,KY,BOYD,41101,606-325-1483,-82.648638000000005,38.484147399999998,0
CVS - 6343,HOOK SUPERX LLC,30 SOUTH STATE HIGHWAY 15, ,HAZARD,KY,PERRY,41701,606-487-0209,-83.197354000000004,37.254702700000003,0
KROGER,KROGER LIMITED PARTNERSHIP I,HOLDEN ROAD, ,LOGAN,WV,LOGAN,25601,304-239-2380,-82.014439999999993,37.845041299999998,1
APPALACHIAN REGIONAL HEALTHCARE MEDICAL MALL,"APPALACHIAN REGIONAL HEALTHCARE, INC.",210 BLACK GOLD BOULEVARD, ,HAZARD,KY,PERRY,41701,606-487-7380,-83.201331999999994,37.252071700000002,0
MOUNTAIN CLINIC PHARMACY,MOUNTAIN CLINIC PHARMACY LLC,233 EAST MAIN STREET,SUITE B,HAZARD,KY,PERRY,41701,606-436-0045,-83.187702000000002,37.245870400000001,0
RITE AID - 1655,RITE AID OF WEST VIRGINIA INC,5798 MCCLELLAN HIGHWAY, ,BRANCHLAND,WV,LINCOLN,25506,304-824-7077,-82.198595999999995,38.273732000000003,0
MENIFEE COUNTY PHARMACY,LESLIE J WELLS,70 MAIN STREET, ,FRENCHBURG,KY,MENIFEE,40322,606-768-2161,-83.626793000000006,37.951284700000002,0
WAL-MART SUPERCENTER - 1247,WAL-MART STORES EAST LP,120 DANIEL BOONE PLAZA, ,HAZARD,KY,PERRY,41701,606-439-1871,-83.213590999999994,37.298957899999998,1
KNOX PROFESSIONAL PHARMACY,KNOX PROFESSIONAL PHARMACY INC,511 KNOX STREET, ,BARBOURVILLE,KY,KNOX,40906,606-546-3171,-83.881889000000001,36.868872099999997,0
HARTS PHARMACY INCORPORATED,HARTS PHARMACY INC,1073 MCCLELLAN HIGHWAY, ,HARTS,WV,LINCOLN,25524,304-855-5616,-82.129448999999994,38.030817599999999,0
PARKWAY PHARMACY,HALMAN INC,726 SOUTH UNITED STATES HIGHWAY 25E, ,BARBOURVILLE,KY,KNOX,40906,606-546-3464,-83.873118000000005,36.858041200000002,0
WAL-MART SUPERCENTER - 1505,WAL-MART STORES EAST LP,254 CASSIDY BOULEVARD, ,PIKEVILLE,KY,PIKE,41501,606-432-6180,-82.540477999999993,37.507118800000001,1
RITE AID - 2290,RITE AID OF KENTUCKY INC,152 COLLINS CIRCLE, ,PRESTONSBURG,KY,FLOYD,41653,606-886-3884,-82.779505999999998,37.684169500000003,0
THOMPSON DRUG - DOWNTOWN,THOMPSON DRUG DOWNTOWN,803 MEYERS-BAKER ROAD,SUITE 110,LONDON,KY,LAUREL,40741,606-877-1008,-84.094902000000005,37.116676099999999,0
BETSY LAYNE PHARMACY,"BETSY LAYNE PHARMACY, INC",11105 UNITED STATES HIGHWAY 23 SOUTH,HAYS COMPLEX SUITE 111,BETSY LAYNE,KY,FLOYD,41605,606-478-9474,-82.631664999999998,37.550291299999998,0
FLEMING DRUG,FLEMING DRUG LLC,55 JB SHANNON DRIVE, ,FLEMINGSBURG,KY,FLEMING,41041,606-849-2626,-83.752241999999995,38.419636900000000,0
CLINIC PHARMACY,THREE STORES INC,11901 NORTH HIGHWAY 421, ,MANCHESTER,KY,CLAY,40962,606-599-8891,-83.842871000000002,37.277970699999997,0
RITE AID - 1377,RITE AID OF KENTUCKY INC,2307 EAST MAIN STREET, ,CUMBERLAND,KY,HARLAN,40823,606-589-2234,-82.974402999999995,36.973487400000003,0
TUG VALLEY PHARMACY LLC,TUG VALLEY PHARMACY LLC,54 W 2ND AVE, ,WILLIAMSON,WV,MINGO,25661,304-235-8080,-82.278842999999995,37.674313900000001,0
CAMPBELLS DRUG,MICHAEL F DURBIN,100 MAIN STREET, ,MCKEE,KY,JACKSON,40447,606-287-7191,-83.997459000000006,37.429975599999999,0
WALGREENS - 12110,WALGREEN CO.,1802 SOUTH MAIN STREET, ,CORBIN,KY,WHITLEY,40701,606-258-1509,-84.092585000000000,36.932747399999997,1
LEATHERWOOD BLACKEY CLINIC PHARMACY,L B CLINIC PHARMACY,464 STATE HIGHWAY 699, ,CORNETTSVILLE,KY,PERRY,41731,606-476-2863,-83.086724000000004,37.122142400000001,0
CAVE RUN PHARMACY INC,CAVE RUN PHARMACY INC,425 CLINIC DR, ,MOREHEAD,KY,ROWAN,40351,606-783-1511,-83.450462000000002,38.182388899999999,0
PIKEVILLE DISCOUNT DRUGS,"PIKEVILLE DISCOUNT DRUGS, INC.",1098 SOUTH MAYO TRAIL,SUITE 105,PIKEVILLE,KY,PIKE,41501,606-432-0018,-82.524120999999994,37.451723600000001,0
SOPERS FAMILY DRUG,GATEWAY PHARMACY GROUP,102 SOUTH BROADWAY STREET, ,CARLISLE,KY,NICHOLAS,40311,859-289-8501,-84.028301999999996,38.311171299999998,0
ACE CLINIQUE PHARMACY,ACE CLINIQUE PHARMACY,181 ROY CAMPBELL DRIVE, ,HAZARD,KY,PERRY,41701,606-439-3223,-83.226253999999997,37.275314000000002,0
COMPLETE CARE PHARMACY,COMPLETE CARE PHARMACY,572 MORTON BOULEVARD, ,HAZARD,KY,PERRY,41701,606-487-1910,-83.224823000000001,37.276469200000001,0
KIMPER PHARMACY,KIMPER PHARMACY,51 UPPER JOHNS CREEK, ,KIMPER,KY,PIKE,41539,606-631-3327,-82.348471000000004,37.497188299999998,0
RITE AID - 2777,RITE AID OF KENTUCKY INC,31 BIG HILL DRIVE, ,BEATTYVILLE,KY,LEE,41311,606-464-2581,-83.700862000000001,37.582360600000001,0
VILLAGE APOTHECARY,"JORDAN DRUG, INC.",111 RIVER DRIVE, ,BEATTYVILLE,KY,LEE,41311,606-464-3656,-83.707006000000007,37.570558300000002,0
RITE AID - 1289,RITE AID OF WEST VIRGINIA INC,406 SMOOT AVENUE, ,DANVILLE,WV,BOONE,25053,304-369-0152,-81.834025999999994,38.080298700000000,0
FAMILY HEALTH CLINIC INC,FAMILY HEALTH CLINIC INC.,234 MEDICAL CIR, ,MOREHEAD,KY,ROWAN,40351,606-784-6696,-83.442402999999999,38.180692399999998,0
RITE AID - 2439,RITE AID OF KENTUCKY INC,21287 HIGHWAY 421, ,HYDEN,KY,LESLIE,41749,606-672-3811,-83.372812999999994,37.152898700000001,0
FORCHT PHARMACY,INSTITUTIONAL PHARMACY,108 EAST 6TH STREET, ,CORBIN,KY,WHITLEY,40701,606-528-4380,-84.095061000000001,36.944339599999999,0
FRENCHBURG PHARMACY,FRENCHBURG PHARMACY,732 HIGHWAY 36, ,FRENCHBURG,KY,MENIFEE,40322,606-768-6610,-83.616667000000007,37.958704400000002,0
FRUTH PHARMACY INC,FRUTH PHARMACY INC,425 CAMDEN RD, ,HUNTINGTON,WV,WAYNE,25704,304-429-5544,-82.501785999999996,38.404672599999998,0
THE MEDICINE SHOPPE PHARMACY,"SCRIPTS, INC.",22044 MAIN STREET, ,HYDEN,KY,LESLIE,41749,606-672-8705,-83.374395000000007,37.162381600000003,0
HEALTHY WAY PHARMACY AND HOME MEDICAL,JBD INC,1410 EAGLE DRIVE, ,ASHLAND,KY,BOYD,41102,606-928-1001,-82.709817000000001,38.400656699999999,0
FRUTH PHARMACY INC,FRUTH PHARMACY INC,509 CHURCH ST S, ,RIPLEY,WV,JACKSON,25271,304-372-1605,-81.699726999999996,38.805771900000003,0
BOGGS PHARMACY,BOGGS PHARMACY,9500 HIGHWAY 805, ,JENKINS,KY,LETCHER,41537,606-832-2121,-82.633752999999999,37.171638700000003,0
DRIVE-IN PHARMACY,DRIVE IN PHARMACY INC,688 SOUTH HIGHWAY 25 WEST, ,WILLIAMSBURG,KY,WHITLEY,40769,606-549-0888,-84.153711999999999,36.734398700000000,0
KROGER,KROGER LIMITED PARTNERSHIP I,1732 HIGHWAY 192 WEST, ,LONDON,KY,LAUREL,40741,606-878-1568,-84.090316000000001,37.106856299999997,1
BUDGET DISCOUNT PHARMACY,G AND R LLC,361 NORWAY AVENUE, ,HUNTINGTON,WV,CABELL,25705,304-697-5090,-82.405945000000003,38.406652899999997,0
FAMILY DRUG OF NEON,STALLARDS PHARMACY INC,972 HIGHWAY 317, ,NEON,KY,LETCHER,41840,606-855-4428,-82.713386999999997,37.191244500000003,0
PARKWAY PHARMACY,"MEDICORP, INC",2354 HIGHWAY 15, ,WHITESBURG,KY,LETCHER,41858,606-633-4435,-82.841256000000001,37.122160999999998,0
FRUTH PHARMACY - 13,FRUTH PHARMACY INC,3504 WINFIELD ROAD, ,WINFIELD,WV,PUTNAM,25213,304-586-3088,-81.902195000000006,38.527863400000001,0
FRUTH PHARMACY - 10,FRUTH PHARMACY INC,3109 TEAYS VALLEY ROAD, ,HURRICANE,WV,PUTNAM,25526,304-562-2677,-82.014109000000005,38.434737300000002,0
SUPERIOR DRUG CENTER,WALTERS - GRIFFIN ENTERPRISE,251 MEDICAL PLAZA LANE,SUITE C,WHITESBURG,KY,LETCHER,41858,606-633-0197,-82.843134000000006,37.125054800000001,0
KROGER,KROGER LIMITED PARTNERSHIP I,14889 NORTH UNITED STATES HIGHWAY 25E, ,CORBIN,KY,KNOX,40701,606-528-7211,-84.075241000000005,36.959207399999997,1
PROFESSIONAL PHARMACY,PROFESSIONAL PHARMACY OF HAZARD PLLC,124 GRAND VUE PLAZA,UNIT 6,HAZARD,KY,PERRY,41701,606-487-0910,-83.208196999999998,37.289388600000002,0
KROGER,KROGER LIMITED PARTNERSHIP I,302 GREAT TEAYS BOULEVARD, ,SCOTT DEPOT,WV,PUTNAM,25560,304-757-8952,-81.934978000000001,38.452449399999999,1
BAPTIST REGIONAL APOTHECARY,BAPTIST HEALTHCARE SYSTEM INC,1 TRILLIUM WAY, ,CORBIN,KY,WHITLEY,40701,606-528-1212,-84.119688999999994,36.923103800000000,0
WIRT COUNTY HEALTH SVC ASSOC INC,WIRT COUNTY HEALTH SVC ASSOC INC,606 WASHINGTON ST, ,RAVENSWOOD,WV,JACKSON,26164,304-868-6050,-81.765692999999999,38.953642100000003,0
MED CARE PHARMACY ASHLAND,MED CARE PHARMACY ASHLAND,12270 KEVIN AVENUE, ,ASHLAND,KY,BOYD,41102,606-929-9601,-82.740300000000005,38.397145299999998,0
PARKVIEW PHARMACY INCORPORATED,PARKVIEW PHARMACY INC,8274 KY ROUTE 122, ,MINNIE,KY,FLOYD,41651,606-377-2117,-82.754506000000006,37.474071799999997,0
FAMILY DISCOUNT PHARMACY,"FAMILY DISCOUNT PHARMACY OF STOLLINGS, INC",153 STOLLINGS AVENUE, ,LOGAN,WV,LOGAN,25601,304-752-0082,-81.965344999999999,37.840282799999997,0
HARLAN MEDICAL CENTER PHARMACY,"HARLAN MEDICAL CENTER PHARMACY,INC",132 VILLAGE CENTER ROAD, ,HARLAN,KY,HARLAN,40831,606-573-2004,-83.317120000000003,36.815707099999997,0
ALUM CREEK PHARMACY,ALUM CREEK PHARMACY,2162 CHILDRESS ROAD, ,ALUM CREEK,WV,LINCOLN,25003,304-756-2181,-81.817989999999995,38.286107399999999,0
CHAPMANVILLE PHARMACY,CHAPMANVILLE PHARMACY INC,289 CRAWLEY CREEK ROAD, ,CHAPMANVILLE,WV,LOGAN,25508,304-855-9502,-82.021788000000001,37.975481199999997,0
JEFF'S PHARMACY / TODDS LONG TERM CARE PHARMACY PROFESSIONAL LIMITED LIABILITY COMPANY,JEFFS PHARMACY INC,120 LOTHBURY AVENUE,SUITE 2,MIDDLESBORO,KY,BELL,40965,606-248-0171,-83.713160000000002,36.608489300000002,0
WAL-MART SUPERCENTER - 1450,WAL-MART STORES EAST LP,200 ACADEMY DRIVE, ,RIPLEY,WV,JACKSON,25271,304-372-4487,-81.719676000000007,38.829111699999999,1
CONTINUUMCARE PHARMACY,CONTINUUMCARE PHARMACY LLC,78 PERRY WINKLE LANE, ,HUNTINGTON,WV,CABELL,25702,304-736-4608,-82.292473000000001,38.427143999999998,0
BOWLING FAMILY PHARMACY,BOWLING FAMILY PHARMACY,315 HOSPITAL DRIVE,SUITE 6,BARBOURVILLE,KY,KNOX,40906,606-546-2210,-83.871367000000006,36.852698300000000,0
RITE AID - 2460,RITE AID OF WEST VIRGINIA INC,NORTH MAIN STREET, ,CHAPMANVILLE,WV,LOGAN,25508,304-855-1032,-82.017263000000000,37.977352199999999,0
FRUTH PHARMACY INC,FRUTH PHARMACY INC,2501 JACKSON AVE, ,POINT PLEASANT,WV,MASON,25550,304-675-2303,-82.126071999999994,38.869205800000003,0
APPALACHIAN REGIONAL HEALTHCARE FAMILY HEALTH SERVICES,"APPALACHIAN REGIONAL HEALTHCARE, INC.",200 MEDICAL CENTER DRIVE, ,HAZARD,KY,PERRY,41701,606-439-6779,-83.228089999999995,37.277939699999997,0
MAN PHARMACY,COMMUNITY PRESCRIPTION CENTER INC,124 MAIN STREET, ,MAN,WV,LOGAN,25635,304-583-9910,-81.874167000000000,37.743848600000000,0
RITE AID - 1688,RITE AID OF WEST VIRGINIA INC,2418 JACKSON AVENUE, ,POINT PLEASANT,WV,MASON,25550,304-675-1624,-82.125536999999994,38.867848700000003,0
HAZARD APPALACHIAN REGIONAL MEDICAL CENTER OUTPATIENT PHARMACY,HAZARD ARH REGIONAL MED CTR HOSP PHCY,100 MEDICAL CENTER DRIVE,APPALACHIAN REGIONAL HEALTHCARE PROFESSIONAL OFFICE BUILDING,HAZARD,KY,PERRY,41701,606-439-6776,-83.229387000000003,37.277958699999999,0
OMNICARE,HOME CARE PHARMACY LLC,4200 1ST AVENUE,SUITE 200,NITRO,WV,PUTNAM,25143,304-755-8460,-81.832357999999999,38.444659899999998,0
CLOVER FORK CLINIC,CLOVER FORK OUTPATIENT MEDICAL PROJECT INC,101 CHAD STREET, ,EVARTS,KY,HARLAN,40828,606-837-2108,-83.192145999999994,36.864451400000000,0
RITE AID - 933,RITE AID OF WEST VIRGINIA INC,28 MAIN AVENUE, ,LOGAN,WV,LOGAN,25601,304-752-2910,-81.998074000000003,37.850881700000002,0
RITE AID - 1795,RITE AID OF WEST VIRGINIA INC,BARTLEY STORE BOTTOM ROAD, ,JOLO,WV,MCDOWELL,24850,304-967-5001,-81.800010999999998,37.351238899999998,0
C&C DRUGS,C&C DRUGS,208 E MAIN ST, ,MOREHEAD,KY,ROWAN,40351,606-784-4784,-83.432902999999996,38.184128000000001,0
KING'S DAUGHTERS MEDICAL CENTER,ASHLAND HOSPITAL CORPORATION,2201 LEXINGTON AVENUE, ,ASHLAND,KY,BOYD,41101,606-408-4000,-82.634614999999997,38.470684400000003,0
WAL-MART - 696,WAL-MART STORES EAST LP,477 VILLAGE DRIVE, ,PRESTONSBURG,KY,FLOYD,41653,606-886-1100,-82.782132000000004,37.655168799999998,1
CAMPTON PHARMACARE INC,CAMPTON PHARMACARE INC,33 MAIN ST,SUITE 2,CAMPTON,KY,WOLFE,41301,606-668-3153,-83.551332000000002,37.733115099999999,0
FOOD CITY - 428,K VA T FOOD STORES INC,102 NORTH 12TH STREET, ,MIDDLESBORO,KY,BELL,40965,606-242-3079,-83.700733999999997,36.609197600000002,0
MOREHEAD PHARMACIST GROUP,MOREHEAD PHARMACIST GROUP,206 W MAIN ST, ,MOREHEAD,KY,ROWAN,40351,606-784-4491,-83.436138999999997,38.180072899999999,0
HURLEY DRUG COMPANY INC,HURLEY DRUG COMPANY INC,210 LOGAN ST, ,WILLIAMSON,WV,MINGO,25661,304-235-3535,-82.276003000000003,37.673086099999999,0
FAIRFIELD PHARMACY INC,FAIRFIELD PHARMACY INC,701 HENDRICKS ST, ,WAYNE,WV,WAYNE,25570,304-272-5122,-82.442638000000002,38.221048099999997,0
PINEVILLE COMMUNITY HOSPITAL,PINEVILLE COMMUNITY HOSPITAL IN-PATIENT PHARMACY,850 RIVERVIEW AVENUE, ,PINEVILLE,KY,BELL,40977,606-337-3422,-83.707631000000006,36.762731899999999,0
FAMILY PHARMACY,PEJ INC,265 HIGHWAY 15 SOUTH, ,JACKSON,KY,BREATHITT,41339,606-666-5519,-83.377662999999998,37.558558599999998,0
JACKSON APOTHECARY,"JORDAN DRUG, INC.",842 HIGHWAY 15 NORTH, ,JACKSON,KY,BREATHITT,41339,606-666-7060,-83.396068999999997,37.560805700000003,0
WHITEHOUSE CLINIC PHARMACY,HEALTH HELP INC,1010 MAIN STREET SOUTH, ,MCKEE,KY,JACKSON,40447,606-287-7104,-83.981796000000003,37.431862500000001,0
WAL-MART - 693,WAL-MART STORES EAST LP,1589 HIGHWAY 15 SOUTH, ,JACKSON,KY,BREATHITT,41339,606-666-2622,-83.360248999999996,37.551598900000002,1
COMMUNITY DRUG OF MANCHESTER,COMMUNITY DRUG OF MANCHESTER,1668 SOUTH HIGHWAY 421, ,MANCHESTER,KY,CLAY,40962,606-599-0505,-83.761358999999999,37.135796200000001,0
EAST KENTUCKY HEALTH SERVICE CENTER PHARMACY,RX DISCOUNT PHARMACY INC,588 HIGHWAY 899, ,HINDMAN,KY,KNOTT,41822,606-785-5407,-82.936886000000001,37.313674399999996,0
WAL-MART SUPERCENTER - 2638,WAL-MART STORES EAST LP,12504 UNITED STATES ROUTE 60, ,ASHLAND,KY,BOYD,41102,606-929-9360,-82.711342999999999,38.388461499999998,1
FOOD CITY - 475,K VA T FOOD STORES INC,2138 SOUTH MAYO TRAIL, ,PIKEVILLE,KY,PIKE,41501,606-432-2044,-82.509923999999998,37.439929399999997,0
RX DISCOUNT PHARMACY 1,RX DISCOUNT PHARMACY INC,500 MORTON BOULEVARD, ,HAZARD,KY,PERRY,41701,606-436-2891,-83.223213999999999,37.277039000000002,0
WAL-MART - 1189,WAL-MART STORES EAST LP,301 PARKWAY PLAZA, ,BARBOURVILLE,KY,KNOX,40906,606-546-5477,-83.868459999999999,36.858306900000002,1
UNIVERSITY OF KENTUCKY JUNE BUCHANAN MEDICAL CLINIC PHARMACY,UNIVERSITY OF KENTUCKY,59 COWTOWN ROAD, ,HINDMAN,KY,KNOTT,41822,606-785-3175,-82.988169999999997,37.329981699999998,0
OXYGEN PLUS,OXYGEN PLUS INC,9350 UNITED STATES HIGHWAY 23 SOUTH, ,STANVILLE,KY,FLOYD,41659,606-478-6653,-82.645086000000006,37.565505899999998,0
CARE MORE PHARMACY,"PHARMACON, LLC",151 DORTON JENKINS HIGHWAY, ,JENKINS,KY,PIKE,41537,606-639-2273,-82.577916999999999,37.278529399999996,0
ECONOMY DRUG,ECONOMY DRUG COMPANY INC,180 TOWN MOUNTAIN ROAD,SUITE 115,PIKEVILLE,KY,PIKE,41501,606-437-7333,-82.509193999999994,37.485130900000001,0
ISOM COMMUNITY PHARMACY,ISOM COMMUNITY PHARMACY,93 ISOM DRIVE, ,ISOM,KY,LETCHER,41824,606-633-9238,-82.908071000000007,37.183764600000003,0
KNOX COUNTY HOSPITAL,KNOX COUNTY HOSPITAL,80 HOSPITAL DRIVE, ,BARBOURVILLE,KY,KNOX,40906,606-546-4175,-83.870227000000000,36.851313800000000,0
HINKLE HOMETOWN DRUG STORE INCORPORATED,HINKLE HOMETOWN DRUG STORE INC,590 OLD 25 EAST, ,BARBOURVILLE,KY,KNOX,40906,606-546-8860,-83.871251999999998,36.856321500000000,0
WAL-MART SUPERCENTER - 2933,WAL-MART STORES EAST LP,201 GREASY RIDGE ROAD, ,PRINCETON,WV,MERCER,24740,304-431-2105,-81.043908000000002,37.359534099999998,1
CHARLIES PHARMACY,CHARLIES PHARMACY INC,224 HOWARD AVENUE, ,MULLENS,WV,WYOMING,25882,304-294-5447,-81.381435999999994,37.583387600000002,0
CITIZENS DRUG STORE,WELCH PHARMACY INC,70 WYOMING STREET, ,WELCH,WV,MCDOWELL,24801,304-436-4932,-81.584401999999997,37.432063599999999,0
HICKMANS PHARMACY,HICKMANS PHARMACY,199 12TH STREET EXTENSION, ,PRINCETON,WV,MERCER,24740,304-425-2188,-81.113511000000003,37.361843100000002,0
UNION PHARMACY,"UNION PHARMACY, INC",100 MAIN STREET, ,UNION,WV,MONROE,24983,304-772-5701,-80.543869999999998,37.590970100000000,0
CVS - 6310,HOOK SUPERX LLC,1846 COAL HERITAGE ROAD, ,BLUEFIELD,WV,MERCER,24701,304-324-0021,-81.250157999999999,37.283987400000001,0
WALGREENS - 10876,WALGREEN CO.,323 SOUTH WALKER STREET, ,PRINCETON,WV,MERCER,24740,304-431-4967,-81.104423999999995,37.360880000000002,1
KROGER,KROGER LIMITED PARTNERSHIP I,1213 STAFFORD DRIVE, ,PRINCETON,WV,MERCER,24740,304-487-1155,-81.095062999999996,37.360670599999999,1
GOODYKOONTZ DRUG STORE,GOODYKOONTZ DRUG STORE INC,1526 BLAND STREET, ,BLUEFIELD,WV,MERCER,24701,304-325-7121,-81.219667000000001,37.259027099999997,0
RITE AID - 1462,RITE AID OF WEST VIRGINIA INC,11880 MAIN STREET, ,WAR,WV,MCDOWELL,24892,304-875-2330,-81.682529000000002,37.301570699999999,0
KROGER,KROGER LIMITED PARTNERSHIP I,UNITED STATES HIGHWAY 52,SOUTH VIEW MALL,BLUEWELL,WV,MERCER,24701,304-589-7732,-81.253812999999994,37.298208199999998,1
QOL MEDS,QOL MEDS LLC,200 12TH STREET EXTENSION, ,PRINCETON,WV,MERCER,24740,304-487-6337,-81.115289000000004,37.362553499999997,0
FLAT IRON DRUG STORE,FLAT IRON DRUG STORE,69 MCDOWELL STREET, ,WELCH,WV,MCDOWELL,24801,304-436-3380,-81.585741999999996,37.432117200000000,0
RHONDA'S PHARMACY,PHARMACARE LLC,35 MAIN AVENUE, ,PINEVILLE,WV,WYOMING,24874,304-732-9011,-81.538095999999996,37.583150799999999,0
CLINIC PHARMACY,CLINIC PHARMACY OF PRINCETON INC,100 NEW HOPE ROAD,PRINCETON MEDICAL ARTS CLINIC - SUITE 8,PRINCETON,WV,MERCER,24740,304-425-9591,-81.116389999999996,37.365975800000001,0
FAMILY PHARMACY,FAMILY PHARMACY OF PERRY COUNTY LLC,747 MORTON BOULEVARD, ,HAZARD,KY,PERRY,41701,606-487-1150,-83.226326999999998,37.278184000000003,0
MEDICINE CABINET PHARMACY,BROADWAY CLINIC PHARMACY,251 SOUTH PINE STREET, ,PINEVILLE,KY,BELL,40977,606-337-3784,-83.696012999999994,36.760683700000001,0
WALGREENS - 13034,WALGREEN CO.,528 WEST TENNESSEE AVENUE, ,PINEVILLE,KY,BELL,40977,606-337-1444,-83.704694000000003,36.763447700000000,1
WALGREENS - 11884,WALGREEN CO.,1121 SOUTH UNITED STATES HIGHWAY 25E, ,BARBOURVILLE,KY,KNOX,40906,606-545-7314,-83.866597999999996,36.855655700000000,1
WALGREENS - 12111,WALGREEN CO.,990 EAST CUMBERLAND GAP PARKWAY, ,CORBIN,KY,KNOX,40701,606-258-7980,-84.071732999999995,36.958218100000003,1
EAST BERNSTADT PHARMACY,THREE STORES INC,2659 NORTH LAUREL ROAD, ,EAST BERNSTADT,KY,LAUREL,40729,606-843-6311,-84.127144000000001,37.174515000000000,0
PROFESSIONAL PHARMACY,WILLIAM MCCOY JR,419 TOWN MOUNTAIN ROAD,SUITE 101,PIKEVILLE,KY,PIKE,41501,606-432-0196,-82.503530999999995,37.490089400000002,0
JOHN'S CREEK DRUG CENTER,JOHNS CREEK DRUG CENTER,6162 ZEBULON HIGHWAY, ,PIKEVILLE,KY,PIKE,41501,606-631-9137,-82.460127999999997,37.547874800000002,0
US 25W PHARMACY,US 25W PHARMACY INC,1610 CUMBERLAND FALLS HIGHWAY,SUITE 9,CORBIN,KY,WHITLEY,40701,606-258-7024,-84.113213999999999,36.924028700000001,0
FOUR SEASONS PHARMACY,FOUR SEASONS PHARMACY INC.,300 MORRISON DRIVE, ,PRINCETON,WV,MERCER,24740,304-487-0015,-81.108795000000001,37.359972300000003,0
CVS - 6314,HOOK SUPERX LLC,1298 STAFFORD DRIVE, ,PRINCETON,WV,MERCER,24740,304-487-2445,-81.097881000000001,37.362236600000003,0
MCDOWELL PHARMACY,MCDOWELL PHARMACY INC,608 MAIN STREET, ,WAR,WV,MCDOWELL,24892,304-875-2291,-81.688371000000004,37.302063799999999,0
BLACK DIAMOND PHARMACY,"BLACK DIAMOND PHARMACY, LLC",99 EAST MAIN STREET, ,NORTHFORK,WV,MCDOWELL,24868,304-862-2105,-81.436505999999994,37.415815799999997,0
RITE AID - 2459,RITE AID OF KENTUCKY INC,262 STATE ROUTE 122, ,MARTIN,KY,FLOYD,41649,606-285-9908,-82.759324000000007,37.560410400000002,0
BREATHITT PRESCRIPTION CENTER,"JORDAN DRUG, INC.",1112 MAIN STREET, ,JACKSON,KY,BREATHITT,41339,606-666-7574,-83.385576000000000,37.553266600000001,0
KNOTT PRESCRIPTION CENTER,"KNOTT PRESCRIPTION CENTER, INC.",59 WEST HIGHWAY 80,SUITE 1,HINDMAN,KY,KNOTT,41822,606-785-0889,-82.992464999999996,37.355798900000003,0
WHITLEY PHARMACY,"WHITLEY PHARMACY, INC.",475 NORTH UNITED STATES HIGHWAY 25 WEST, ,WILLIAMSBURG,KY,WHITLEY,40769,606-549-4300,-84.159278000000000,36.750282400000003,0
BOONEVILLE DISCOUNT DRUG,PUBLIC DRUG CO INC,HIGHWAY 11 NORTH, ,BOONEVILLE,KY,OWSLEY,41314,606-593-0382,-83.683882999999994,37.477739300000003,0
OWSLEY PRESCRIPTION CENTER,"JORDAN DRUG, INC.",HIGHWAY 11 NORTH, ,BOONEVILLE,KY,OWSLEY,41314,606-593-6306,-83.689451000000005,37.478857599999998,0
LAUREL HEIGHTS NURSING HOME,LAUREL HEIGHTS NURSING HOME PHCY,208 WEST 12TH STREET, ,LONDON,KY,LAUREL,40741,606-864-4155,-84.090671000000000,37.131789200000000,0
HOMETOWN PHARMACY OF MANCHESTER,HOMETOWN PHARMACY OF MANCHESTER LLC,397 OLD UNITED STATES HIGHWAY 421, ,MANCHESTER,KY,CLAY,40962,606-598-6337,-83.769437999999994,37.140009999999997,0
CLAY DISCOUNT PHARMACY,RX DISCOUNT PHARMACY OF HARLAN INC,2734 SOUTH HIGHWAY 421, ,MANCHESTER,KY,CLAY,40962,606-598-0330,-83.749401000000006,37.124979199999999,0
CUMBERLAND DRUG COMPANY,"CUMBERLAND DRUG CO, INC",1803 EAST MAIN STREET, ,CUMBERLAND,KY,HARLAN,40823,606-589-0003,-82.979213999999999,36.974785799999999,0
WALGREENS - 12152,WALGREEN CO.,1775 HIGHWAY 192 WEST, ,LONDON,KY,LAUREL,40741,606-877-2727,-84.091700000000003,37.111382100000000,1
CORNER PRESCRIPTION SHOPPE,CORNER PRESCRIPTION SHOPPE INC,401 EAST SYCAMORE STREET, ,WILLIAMSBURG,KY,WHITLEY,40769,606-549-0884,-84.161218000000005,36.742524099999997,0
KIM'S HOMETOWN PHARMACY,KIMS HOMETOWN PHARMACY INC,865 SOUTH HIGHWAY 25 WEST, ,WILLIAMSBURG,KY,WHITLEY,40769,606-549-8700,-84.156070000000000,36.732436800000002,0
CEDAR TRACE PHARMACY,"CEDAR TRACE PHARMACY, INC.",95 WEDDINGTON BRANCH ROAD, ,PIKEVILLE,KY,PIKE,41501,606-432-2424,-82.569152000000003,37.523328499999998,0
ELKHORN DRUG,ELKHORN DRUG INC,105 EAST ELKHORN STREET, ,ELKHORN CITY,KY,PIKE,41522,606-754-0221,-82.353845000000007,37.305539400000001,0
NOVA PHARMACY,"BARR-THORN ENTERPRISES, INC.",1330 SOUTH MAYO TRAIL,SUITE 102,PIKEVILLE,KY,PIKE,41501,606-432-2274,-82.525127999999995,37.443125999999999,0
COMMONWEALTH PHARMACY,HOLLAND DRUG COMPANY,5425 NORTH MAYO TRAIL,SUITE 102,PIKEVILLE,KY,PIKE,41501,606-437-0701,-82.582249000000004,37.539316599999999,0
MIDDLESBORO APPALACHIAN REGIONAL HEALTHCARE HOSPITAL,APPALACHIAN REGIONAL HEALTHCARE INC,3600 WEST CUMBERLAND AVENUE,PROFESSIONAL OFFICE BUILDING,MIDDLESBORO,KY,BELL,40965,606-242-1166,-83.741039999999998,36.606172500000000,0
RITE AID - 3408,RITE AID OF WEST VIRGINIA INC,101 MORRISON DRIVE, ,PRINCETON,WV,MERCER,24740,304-425-3024,-81.114407999999997,37.365705800000001,0
KROGER,KROGER LIMITED PARTNERSHIP I,3032 EAST CUMBERLAND ROAD, ,BLUEFIELD,WV,MERCER,24701,304-327-0823,-81.204603000000006,37.252594100000003,1
MARROWBONE CLINIC PHARMACY,MARROWBONE CLINIC PHARMACY,10363 REGINA BELCHER HIGHWAY, ,REGINA,KY,PIKE,41559,606-754-7085,-82.409915999999996,37.365713900000003,0
VALLEY DISCOUNT PHARMACY,VIRGIE CLINIC PHARMACY INC,6758 UNITED STATES HIGHWAY 23 SOUTH,SUITE 7,PIKEVILLE,KY,PIKE,41501,606-639-2415,-82.543358999999995,37.372748199999997,0
TOTAL PHARMACY CARE,WEDDS ENTERPRISES INC,533 HAMBLEY BOULEVARD,SUITE 6,PIKEVILLE,KY,PIKE,41501,606-433-0555,-82.524604999999994,37.485657799999998,0
LACKEY PHARMACY,LACKEY PHARMACY,ROUTE 550 AND MILLARD ALLEN DRIVE, ,LACKEY,KY,FLOYD,41643,606-358-2661,-82.829031999999998,37.466193599999997,0
RITE AID - 1359,RITE AID OF WEST VIRGINIA INC,781 VIRGINIA AVENUE, ,WELCH,WV,MCDOWELL,24801,304-436-6360,-81.569415000000006,37.431117899999997,0
WAL-MART SUPERCENTER - 3811,WAL-MART STORES EAST LP,61 PLAZA DRIVE, ,WELCH,WV,MCDOWELL,24801,304-585-7820,-81.524390999999994,37.412329900000003,1
CHARLIES PHARMACY,CHARLIES PHARMACY INC,233 MAIN AVENUE, ,PINEVILLE,WV,WYOMING,24874,304-732-6969,-81.539672999999993,37.583004099999997,0
RITE AID - 113,RITE AID OF WEST VIRGINIA INC,MAIN AVENUE, ,PINEVILLE,WV,WYOMING,24874,304-732-8886,-81.533192000000000,37.587345900000003,0
KROGER,KROGER LIMITED PARTNERSHIP I,5717 MACCORKLE AVENUE SOUTHEAST, ,CHARLESTON,WV,KANAWHA,25304,304-925-8400,-81.565214999999995,38.311204400000001,1
FRUTH PHARMACY - 14,FRUTH PHARMACY INC,864 OAKWOOD ROAD, ,CHARLESTON,WV,KANAWHA,25314,304-343-2807,-81.662296999999995,38.342593600000001,0
KMART,K MART CORP,201 CROSSINGS MALL, ,ELKVIEW,WV,KANAWHA,25071,304-965-7261,-81.500624000000002,38.458222599999999,0
KMART,K MART CORP,6531 MACCORKLE AVENUE, ,CHARLESTON,WV,KANAWHA,25304,304-925-4721,-81.564791999999997,38.302815799999998,0
RITE AID - 1407,RITE AID OF WEST VIRGINIA INC,ROUTE 20 AND ROUTE 55, ,CRAIGSVILLE,WV,NICHOLAS,26205,304-742-3072,-80.652516000000006,38.330164199999999,0
CLENDENIN PHARMACY,CLENDENIN PHARMACY INC,10 MAIN STREET, ,CLENDENIN,WV,KANAWHA,25045,304-965-5451,-81.348493000000005,38.489097800000003,0
CVS - 7792,REVCO DISCOUNT DRUG CENTERS INC,1827 HARPER ROAD, ,BECKLEY,WV,RALEIGH,25801,304-253-3088,-81.208517999999998,37.789736499999997,0
CVS - 6305,HOOK SUPERX LLC,1414 NORTH EISENHOWER DRIVE, ,BECKLEY,WV,RALEIGH,25801,304-255-0551,-81.183457000000004,37.805518200000002,0
KMART,K MART CORP,6540 MALL ROAD, ,MORGANTOWN,WV,MONONGALIA,26501,304-983-6082,-80.002449999999996,39.630881199999997,0
CHARLESTON AREA MEDICAL CENTER,"CHARLESTON AREA MEDICAL CENTER, INC.",3200 MACCORKLE AVENUE SOUTHEAST, ,CHARLESTON,WV,KANAWHA,25304,304-388-9547,-81.603188000000003,38.330266399999999,0
RURAL ACRES HEALTH CENTER,"COMMUNITY HEALTH SYSTEMS, INC.",252 RURAL ACRES DRIVE, ,BECKLEY,WV,RALEIGH,25801,304-255-6800,-81.179057999999998,37.791330600000002,0
RITE AID - 1419,RITE AID OF WEST VIRGINIA INC,101-103 SOUTH MAIN STREET, ,PHILIPPI,WV,BARBOUR,26416,304-457-4911,-80.037673999999996,39.150671600000003,0
CVS - 6313,HOOK SUPERX LLC,21 RITTER DRIVE, ,BEAVER,WV,RALEIGH,25813,304-255-6630,-81.136020000000002,37.750647399999998,0
WALGREENS - 11978,WALGREEN CO.,2933 ROBERT C BYRD DRIVE, ,BECKLEY,WV,RALEIGH,25801,304-252-0531,-81.195375999999996,37.776833900000000,1
ACCESS HEALTH PHARMACY,COMMUNITY HEALTH SYSTEMS INC,2157 RITTER DRIVE, ,DANIELS,WV,RALEIGH,25832,304-461-0300,-81.104633000000007,37.728376799999999,0
RITE AID - 1694,RITE AID OF WEST VIRGINIA INC,1731 HARPER ROAD, ,BECKLEY,WV,RALEIGH,25801,304-255-1251,-81.204307000000000,37.788429399999998,0
BOND'S DRUG STORE,BOND'S DRUG STORE,1649 HARRIS HIGHWAY, ,WASHINGTON,WV,WOOD,26181,304-863-3051,-81.630269999999996,39.235711700000003,0
GIANT EAGLE,GIANT EAGLE INC,999 NORTH EIGHTY EIGHT ROAD, ,RICES LANDING,PA,GREENE,15357,724-592-6057,-80.015124999999998,39.942898000000000,1
KROGER,KROGER LIMITED PARTNERSHIP I,505 VIRGINIA AVENUE, ,SMITHERS,WV,FAYETTE,25186,304-442-2156,-81.303865999999999,38.170478199999998,1
COX FAMILY PHARMACY,COX FAMILY PHARMACY CORP,110 GIHON VILLAGE,FOODLAND,PARKERSBURG,WV,WOOD,26101,304-485-4501,-81.545507000000001,39.231760199999997,0
BROWNSVILLE FAMILY PHARMACY,BROWNSVILLE PHARMACY INC,25 MARKET STREET, ,BROWNSVILLE,PA,FAYETTE,15417,724-785-7095,-79.887294999999995,40.022119300000000,0
UNIONTOWN HOSPITAL,UNIONTOWN HOSPITAL,500 WEST BERKELEY STREET, ,UNIONTOWN,PA,FAYETTE,15401,724-430-5000,-79.738423999999995,39.901779500000004,0
KROGER,KROGER LIMITED PARTNERSHIP I,10635 MACCORKLE AVENUE, ,MARMET,WV,KANAWHA,25315,304-949-3045,-81.559938000000002,38.240066599999999,1
KMART,K MART CORP,99 MATTHEW DRIVE, ,UNIONTOWN,PA,FAYETTE,15401,724-430-0174,-79.752581000000006,39.906079900000002,0
WAL-MART SUPERCENTER - 2019,WAL-MART STORES EAST LP,355 WALMART DRIVE, ,UNIONTOWN,PA,FAYETTE,15401,724-438-3335,-79.756657000000004,39.914362799999999,1
RITE AID - 1748,RITE AID OF WEST VIRGINIA INC,10404 MACCORKLE AVENUE, ,MARMET,WV,KANAWHA,25315,304-949-2838,-81.561013000000003,38.242259900000001,0
BOND'S DRUG HEALTH MART PHARMACY,D & B DEVELOPMENT GROUP LLC,800 GRAND CENTRAL MALL,SUITE 5,VIENNA,WV,WOOD,26105,304-295-7356,-81.554522000000006,39.298180100000003,0
BELINGTON HEALTH MART PHARMACY,"BELINGTON PRESCRIPTION CENTER,INC",206 BRIDGE STREET, ,BELINGTON,WV,BARBOUR,26250,304-823-1198,-79.936026999999996,39.025451300000000,0
FAMILY LIFE PHARMACY,COAL RIVER PHARMACY,21189 COAL RIVER ROAD, ,COMFORT,WV,BOONE,25049,304-837-3777,-81.617507000000003,38.134059999999998,0
RITE AID - 1564,RITE AID OF WEST VIRGINIA INC,381 PATTESON DRIVE,SUNCREST SHOPPING PLAZA,MORGANTOWN,WV,MONONGALIA,26505,304-598-2265,-79.967903000000007,39.651969100000002,0
RITE AID - 919,RITE AID OF WEST VIRGINIA INC,405 FAIRMONT ROAD, ,WESTOVER,WV,MONONGALIA,26501,304-296-2547,-79.970271999999994,39.634085499999998,0
WALGREENS - 9343,WALGREEN CO.,897 CHESTNUT RIDGE ROAD, ,MORGANTOWN,WV,MONONGALIA,26505,304-598-2534,-79.954933999999994,39.658645000000000,1
WAL-MART SUPERCENTER - 2083,WAL MART STORES EAST LP,215 HORNBECK ROAD, ,MORGANTOWN,WV,MONONGALIA,26508,304-292-9887,-79.959413999999995,39.578779900000001,0
CITY PHARMACY,MCBEE INC.,162 HIGH STREET, ,MORGANTOWN,WV,MONONGALIA,26505,304-292-5919,-79.956568000000004,39.628560200000003,0
RENNER'S PHARMACY,RENNER'S PHARMACY,781 CHESTNUT RIDGE ROAD, ,MORGANTOWN,WV,MONONGALIA,26505,304-598-5455,-79.959140000000005,39.659366400000003,0
SUNCREST PHARMACY,SUNCREST PHARMACY,3121 UNIVERSITY AVENUE, ,MORGANTOWN,WV,MONONGALIA,26505,304-599-2159,-79.971055000000007,39.653946400000002,0
WAL-MART SUPERCENTER - 3215,WAL-MART STORES EAST LP,6051 UNIVERSITY TOWN CENTRE DRIVE, ,MORGANTOWN,WV,MONONGALIA,26501,304-598-3404,-79.998687000000004,39.645887899999998,1
WATERFRONT FAMILY PHARMACY,WATERFRONT FAMILY PHARMACY LLC,215 DON KNOTTS BOULEVARD,SUITE 120,MORGANTOWN,WV,MONONGALIA,26501,304-225-7979,-79.970747000000003,39.612040899999997,0
KROGER,KROGER LIMITED PARTNERSHIP I,1851 EARL L CORE ROAD, ,MORGANTOWN,WV,MONONGALIA,26505,304-296-0657,-79.924982999999997,39.622198699999998,1
REDSTONE PHARMACY,RONALD J. MESSICK,322 3RD STREET, ,CALIFORNIA,PA,WASHINGTON,15419,724-938-2395,-79.890818999999993,40.066800800000003,0
CVS - 3475,REVCO DISCOUNT DRUG CENTERS INC,1201 BEVERLY ROAD, ,FAIRMONT,WV,MARION,26554,304-366-6182,-80.154374000000004,39.469390699999998,0
RITE AID - 1914,RITE AID OF WEST VIRGINIA INC,401 BUCKHANNON PIKE, ,NUTTER FORT,WV,HARRISON,26301,304-622-1204,-80.326627000000002,39.264701400000000,0
WAL-MART SUPERCENTER - 1499,WAL-MART STORES EAST LP,520 NORTH JEFFERSON STREET, ,LEWISBURG,WV,GREENBRIER,24901,304-645-5291,-80.429282000000001,37.811945799999997,1
BYARD-MERCER PHARMACY,BYARD-MERCER PHARMACY INC,440 WEST MAIN STREET, ,CLARKSBURG,WV,HARRISON,26301,304-624-5679,-80.341965999999999,39.280109500000002,0
LUMBERPORT HEALTH MART PHARMACY,LUMBERPORT PHARMACY INC,308 MAIN STREET, ,LUMBERPORT,WV,HARRISON,26386,304-584-4210,-80.348879999999994,39.373643199999997,0
RITE AID - 2605,RITE AID OF WEST VIRGINIA INC,415 EAST MAIN STREET, ,KINGWOOD,WV,PRESTON,26537,304-329-2212,-79.671499999999995,39.469466699999998,0
CVS - 6280,HOOK SUPERX LLC,1608 EARL L CORE ROAD, ,MORGANTOWN,WV,MONONGALIA,26505,304-296-7721,-79.926120999999995,39.625311699999997,0
WAL-MART - 1653,WAL-MART STORES EAST LP,110 BERLIN ROAD, ,WESTON,WV,LEWIS,26452,304-269-2443,-80.414828000000000,39.019822200000000,1
KROGER,KROGER LIMITED PARTNERSHIP I,450 11TH STREET, ,ELKINS,WV,RANDOLPH,26241,304-636-6891,-79.843862999999999,38.918679400000002,1
KINGWOOD PHARMACY,KINGWOOD PHARMACY LLC,220 WEST MAIN STREET, ,KINGWOOD,WV,PRESTON,26537,304-329-3600,-79.691113999999999,39.472334600000003,0
KMART,K MART CORP,731 BEVERLY PIKE, ,ELKINS,WV,RANDOLPH,26241,304-636-6295,-79.843534000000005,38.890362699999997,0
RAINELLE MEDICAL CENTER,RAINELLE MEDICAL CENTER INC,645 KANAWHA AVENUE, ,RAINELLE,WV,GREENBRIER,25962,304-438-6188,-80.778611999999995,37.968509200000000,0
WAL-MART SUPERCENTER - 5088,WAL-MART PHARMACY,450 STEWART LANE, ,TRIADELPHIA,WV,OHIO,26059,304-547-1950,-80.605259000000004,40.058318100000001,1
KROGER,THE KROGER CO,200 MOUNT DE CHANTAL ROAD, ,WHEELING,WV,OHIO,26003,304-233-5485,-80.699608999999995,40.073782000000001,1
RITE AID - 1277,RITE AID OF WEST VIRGINIA INC,173 MAIN STREET, ,CLAY,WV,CLAY,25043,304-587-2224,-81.084095000000005,38.459628100000003,0
WAL-MART SUPERCENTER - 1360,WAL-MART STORES EAST LP,100 FAYETTE TOWN SQUARE, ,FAYETTEVILLE,WV,FAYETTE,25840,304-574-1279,-81.119684000000007,38.034315499999998,1
RITE AID - 1687,RITE AID OF WEST VIRGINIA INC,306 NORTH MAIN STREET, ,WEBSTER SPRINGS,WV,WEBSTER,26288,304-847-2900,-80.412639999999996,38.479883899999997,0
CVS - 7649,REVCO DISCOUNT DRUG CENTERS INC,74 WEST MAIN STREET, ,BUCKHANNON,WV,UPSHUR,26201,304-473-0151,-80.233266000000000,38.992825600000003,0
CENTERVILLE CLINICS,CENTERVILLE CLINICS INC. PHARMACY,1070 OLD NATIONAL PIKE, ,FREDERICKTOWN,PA,WASHINGTON,15333,724-632-6801,-79.983575000000002,40.047451000000002,0
CVS - 6311,HOOK SUPERX LLC,ROUTE 60 EAST,JOHNSON SQUARE SHOPPING CENTER,GAULEY BRIDGE,WV,FAYETTE,25085,304-632-2218,-81.189651999999995,38.159525299999999,0
WETZEL COUNTY HOMECARE,WETZEL COUNTY HOSPITAL,299 NORTH STATE ROUTE 2, ,NEW MARTINSVILLE,WV,WETZEL,26155,304-455-5515,-80.856888999999995,39.676935999999998,0
PHILLIPS HEALTH MART PHARMACY,JAMES B PHILLIPS,615 NORTH WELLS STREET, ,SISTERSVILLE,WV,TYLER,26175,304-652-3080,-80.995142000000001,39.564252099999997,0
WETZEL COUNTY HOSPITAL,WETZEL COUNTY HOSPITAL ASSOCIATION,3 EAST BENJAMIN DRIVE, ,NEW MARTINSVILLE,WV,WETZEL,26155,304-455-8107,-80.850075000000004,39.681106800000002,0
BECKLEY PHARMACY,BECKLEY PHARMACY INC.,269A STANAFORD ROAD, ,BECKLEY,WV,RALEIGH,25801,304-252-1200,-81.170455000000004,37.798430500000002,0
WEST VIRGINIA ARMY NATIONAL GUARD - CAMP DAWSON TROOP MEDICAL CLINIC,CAMP DAWSON,240 ARMY ROAD,BUILDING 215B,KINGWOOD,WV,PRESTON,26537,304-791-4314,-79.664886999999993,39.452736600000001,0
RITE AID - 1382,RITE AID OF WEST VIRGINIA INC,1380 NORTH PLEASANTS HIGHWAY, ,SAINT MARYS,WV,PLEASANTS,26170,304-684-2297,-81.189200000000000,39.413578899999997,0
WEST VIRGINIA HEALTH RIGHT,WV HEALTH RIGHT,1520 WASHINGTON STREET, ,CHARLESTON,WV,KANAWHA,25311,304-414-5933,-81.621530000000007,38.343079600000003,0
TRIVILLIANS PHARMACY,TRIVILLIANS PHARMACY,215 35TH STREET, ,CHARLESTON,WV,KANAWHA,25304,304-343-8621,-81.598805999999996,38.329596199999997,0
RITE AID - 2571,RITE AID OF WEST VIRGINIA INC,4402 PENNSYLVANIA AVENUE, ,BIG CHIMNEY,WV,KANAWHA,25302,304-965-7301,-81.540965999999997,38.406880200000003,0
RITE AID - 944,RITE AID OF WEST VIRGINIA INC,1015 BRIDGE ROAD, ,CHARLESTON,WV,KANAWHA,25314,304-344-2030,-81.643721999999997,38.340664900000000,0
RITE AID - 948,RITE AID OF WEST VIRGINIA INC,1719 WEST WASHINGTON STREET, ,CHARLESTON,WV,KANAWHA,25312,304-344-2565,-81.664302000000006,38.373535199999999,0
RITE AID - 452,RITE AID OF WEST VIRGINIA INC,8 ELK PLAZA, ,ELKVIEW,WV,KANAWHA,25071,304-965-1111,-81.486248000000003,38.439709999999998,0
CVS - 7604,REVCO DISCOUNT DRUG CENTERS INC,1900 SAINT MARYS AVENUE, ,PARKERSBURG,WV,WOOD,26101,304-422-2884,-81.543284000000000,39.275321499999997,0
CVS - 6274,HOOK SUPERX LLC,1605 7TH STREET, ,PARKERSBURG,WV,WOOD,26101,304-485-5428,-81.533130999999997,39.267322299999996,0
KROGER,KROGER LIMITED PARTNERSHIP I,2007 7TH STREET, ,PARKERSBURG,WV,WOOD,26101,304-428-4705,-81.521383000000000,39.269789000000003,1
KMART,K MART CORP,800 GRAND CENTRAL AVENUE, ,VIENNA,WV,WOOD,26105,304-295-4506,-81.549158000000006,39.305997599999998,0
CABIN CREEK HEALTH CENTER PHARMACY,WV RURAL HEALTH CARE PARTNERSHIP,5722 CABIN CREEK ROAD, ,DAWES,WV,KANAWHA,25054,304-595-5065,-81.453220000000002,38.141190500000000,0
WAL-MART CLINIC PHARMACY - 2219,WAL-MART STORES EAST LP,2500 CHEROKEE AVENUE SOUTHEAST,ROBERT C BYRD CENTER,CHARLESTON,WV,KANAWHA,25304,304-342-0166,-81.614292000000006,38.332158700000001,1
LOOP COMPOUNDING PHARMACY,LOOP PLAZA PHARMACY CO INC,4918 MACCORKLE AVENUE SOUTHWEST, ,CHARLESTON,WV,KANAWHA,25304,304-720-7866,-81.578464999999994,38.320042000000001,0
MEDICAL CENTER PHARMACY,CHARLESTON MEDICAL CENTER PHARMACY,3100 MACCORKLE AVENUE SOUTHEAST,SUITE 100,CHARLESTON,WV,KANAWHA,25304,304-344-8021,-81.603964000000005,38.329464600000001,0
KROGER,KROGER LIMITED PARTNERSHIP I,1734 HARPER ROAD, ,BECKLEY,WV,RALEIGH,25801,304-254-0523,-81.202534000000000,37.789087100000003,1
KROGER,KROGER LIMITED PARTNERSHIP I,133 BECKLEY CROSSING, ,BECKLEY,WV,RALEIGH,25801,304-252-3480,-81.181653999999995,37.801248399999999,1
KMART,K MART CORP,301 BECKLEY PLAZA, ,BECKLEY,WV,RALEIGH,25801,304-252-8522,-81.184261000000006,37.813175600000001,0
BECKLEY APPALACHIAN REGIONAL HEALTHCARE PHARMACY,APPALACHIAN REGIONAL HEALTHCARE INC.,250 STANAFORD ROAD, ,BECKLEY,WV,RALEIGH,25801,304-255-3598,-81.170058999999995,37.797446100000002,0
ACCESS HEALTH PHARMACY,"COMMUNITY HEALTH SYTEMS, INC",7127 HARPER ROAD, ,GLEN DANIEL,WV,RALEIGH,25844,304-934-4001,-81.340779999999995,37.778136099999998,0
RITE AID - 3252,RITE AID OF WEST VIRGINIA INC,2198 RITTER DRIVE, ,DANIELS,WV,RALEIGH,25832,304-763-5131,-81.104072000000002,37.727556900000003,0
RITE AID - 2789,RITE AID OF WEST VIRGINIA INC,7031 HARPER ROAD, ,GLEN DANIEL,WV,RALEIGH,25844,304-934-5200,-81.337812000000000,37.778775400000001,0
SMITHFIELD PHARMACY,JAMES E LYNN,102 MAIN STREET, ,SMITHFIELD,PA,FAYETTE,15478,724-569-5280,-79.811059000000000,39.801725900000001,0
RITE AID - 1963,RITE AID OF PENNSYLVANIA INC,262 CONNELLSVILLE STREET, ,UNIONTOWN,PA,FAYETTE,15401,724-438-9799,-79.706890999999999,39.900530799999999,0
GIANT EAGLE,GIANT EAGLE INC,581 PITTSBURGH ROAD, ,UNIONTOWN,PA,FAYETTE,15401,724-438-2570,-79.728866999999994,39.923327100000002,1
MEDICINE STOP PHARMACY,PHARMACON INC,609 NATIONAL PIKE EAST, ,BROWNSVILLE,PA,FAYETTE,15417,724-785-7900,-79.869765000000001,40.012583499999998,0
GABLERS DRUG,GABLERS ENTERPRISES INC,250 SOUTH MOUNT VERNON AVENUE, ,UNIONTOWN,PA,FAYETTE,15401,724-437-9700,-79.738958999999994,39.895890100000003,0
RITE AID - 1802,RITE AID OF WEST VIRGINIA INC,300 WEST MAIN STREET, ,BRIDGEPORT,WV,HARRISON,26330,304-842-3131,-80.256674000000004,39.283440400000003,0
WAL-MART SUPERCENTER - 2696,WAL-MART STORES EAST LP,11 HARNESS ROAD, ,MOOREFIELD,WV,HARDY,26836,304-538-3481,-78.958827999999997,39.084745699999999,1
KROGER,KROGER LIMITED PARTNERSHIP I,788 WEST PIKE STREET, ,CLARKSBURG,WV,HARRISON,26301,304-623-2598,-80.349447999999995,39.282721799999997,1
HIXENBAUGH'S DRUG STORE,RLH INC.,304 MORGANTOWN STREET, ,UNIONTOWN,PA,FAYETTE,15401,724-437-2828,-79.732517000000001,39.893853100000001,0
KROGER,KROGER LIMITED PARTNERSHIP I,350 PATTESON DRIVE, ,MORGANTOWN,WV,MONONGALIA,26505,304-599-8316,-79.968228999999994,39.650415799999998,1
WAL-MART SUPERCENTER - 5379,WAL-MART STORES EAST LP,1450 MORRELL AVENUE, ,CONNELLSVILLE,PA,FAYETTE,15425,724-626-4482,-79.607682999999994,40.004261100000001,1
RITE AID - 914,RITE AID OF WEST VIRGINIA INC,690 BEVERLY PIKE, ,ELKINS,WV,RANDOLPH,26241,304-636-7349,-79.846502999999998,38.896719400000002,0
CVS - 4021,REVCO DISCOUNT DRUG CENTERS INC,401 MARION SQUARE, ,FAIRMONT,WV,MARION,26554,304-367-1300,-80.176072000000005,39.474869599999998,0
NICKMAN'S DRUG,WESCLARE CORPORATION,107 MEMORIAL BOULEVARD, ,CONNELLSVILLE,PA,FAYETTE,15425,724-628-8125,-79.594939999999994,40.022171800000002,0
RITE AID - 173,RITE AID OF WEST VIRGINIA INC,902 NORTH LEWIS STREET, ,GLENVILLE,WV,GILMER,26351,304-462-4438,-80.818988000000004,38.941544399999998,0
RITE AID - 2799,RITE AID OF WEST VIRGINIA INC,627 FAIRMONT AVENUE, ,FAIRMONT,WV,MARION,26554,304-366-4526,-80.151072999999997,39.477236699999999,0
WALGREENS - 9804,WALGREEN CO,180 WEST MAIN STREET, ,UNIONTOWN,PA,FAYETTE,15401,724-434-2704,-79.731644000000003,39.901560300000000,1
WHITE HALL PHARMACY,WHITE HALL PHARMACY LLC,1325 LOCUST AVENUE, ,FAIRMONT,WV,MARION,26554,304-368-9355,-80.165361000000004,39.482411800000001,0
CVS - 5957,REVCO DISCOUNT DRUG CENTERS INC,219 THE CROSSING MALL, ,ELKVIEW,WV,KANAWHA,25071,304-965-0460,-81.499391000000003,38.459043200000004,0
PRESCRIPTION SHOP,PRESCRIPTION SHOP LLC,1212 JOHNSON AVENUE, ,BRIDGEPORT,WV,HARRISON,26330,304-842-3763,-80.275507000000005,39.299673900000002,0
DUTTON PHARMACY,DUTTON PHARMACY,3201 GRAND CENTRAL AVENUE, ,VIENNA,WV,WOOD,26105,304-295-9594,-81.548693999999998,39.327251900000000,0
CVS - 5749,WHITE CROSS STORES INC NO 14,1845 MCCLELLANDTOWN ROAD, ,MASONTOWN,PA,FAYETTE,15461,724-583-2080,-79.892150999999998,39.866292199999997,0
CVS - 5947,REVCO DISCOUNT DRUG CENTERS INC,250 COURT AVENUE, ,WESTON,WV,LEWIS,26452,304-269-5189,-80.463891000000004,39.037711399999999,0
RIVESVILLE COMMUNITY PHARMACY,"RIVESVILLE COMMUNITY PHARMACY, INC.",426 MAIN STREET, ,RIVESVILLE,WV,MARION,26588,304-278-7884,-80.123345999999998,39.529288600000001,0
WILLIAMSTOWN PHARMACY,WILLIAMSTOWN PHARMACY INC,426 HIGHLAND AVENUE, ,WILLIAMSTOWN,WV,WOOD,26187,304-375-6547,-81.448604000000003,39.402005600000003,0
MONONGAHELA VALLEY ASSOCIATION FAIRMONT CLINIC PHARMACY,MONONGAHELA VALLEY ASSOCIATION OF HEALTH CENTERS INC.,1322 LOCUST AVENUE, ,FAIRMONT,WV,MARION,26554,304-366-0700,-80.164192000000000,39.480434099999997,0
ACCESS HEALTH PHARMACY MABSCOTT,COMMUNITY HEALTH SYSTEMS INC,200 RALEIGH AVENUE, ,BECKLEY,WV,RALEIGH,25801,304-461-1200,-81.197996000000003,37.770799400000001,0
GIANT EAGLE,GIANT EAGLE INC,4500 UNIVERSITY TOWN CENTRE DRIVE, ,MORGANTOWN,WV,MONONGALIA,26501,304-599-2369,-80.004745999999997,39.649774800000003,1
GREGG'S PHARMACY,"GREGG'S PHARMACY WV, INC.",101 GREGG MEMORIAL DRIVE, ,TERRA ALTA,WV,PRESTON,26764,304-789-2200,-79.539783999999997,39.443360800000001,0
MACDONALD'S PHARMACY,DBT INC,105 SOUTH 3RD STREET, ,MC CONNELLSBURG,PA,FULTON,17233,717-485-3622,-77.997707000000005,39.931798899999997,0
RHONDA'S PHARMACY,RHONDAS PHARMACY INC,3159 ROBERT C BYRD DRIVE, ,BECKLEY,WV,RALEIGH,25801,304-255-6337,-81.190689000000006,37.782790700000000,0
YOUGH VALLEY PHARMACY,JONICO INC,511 WILLIAMS STREET,SUITE 2,CONFLUENCE,PA,SOMERSET,15424,814-395-5300,-79.355850000000004,39.812063500000001,0
CVS - 6318,HOOK SUPERX LLC,105 SOUTH STATE STREET, ,ATHENS,WV,MERCER,24712,304-384-7851,-81.015584000000004,37.422725000000000,0
MANCHIN FAMILY PHARMACY,JOHN MANCHIN III,181 MIDDLETOWN CIRCLE, ,FAIRMONT,WV,MARION,26554,304-367-9122,-80.183605999999997,39.427645599999998,0
RITE AID - 1503,RITE AID OF WEST VIRGINIA INC,205 MARSHALL STREET, ,BENWOOD,WV,MARSHALL,26031,304-232-6103,-80.728800000000007,40.028933899999998,0
PLEASANT VALLEY PHARMACY,PLEASANT VALLEY PHARMACY LLC,49 VIP WAY, ,FAIRMONT,WV,MARION,26554,304-366-3145,-80.160757000000004,39.445791499999999,0
RITE AID - 2728,RITE AID OF WEST VIRGINIA INC,4248 COAL HERITAGE ROAD, ,BLUEFIELD,WV,MERCER,24701,304-589-6868,-81.262074999999996,37.314915399999997,0
LOUIS A JOHNSON VETERANS AFFAIRS MEDICAL CENTER,CLARKSBURG VAMC,1 MED CENTER DRIVE, ,CLARKSBURG,WV,HARRISON,26301,304-623-3461,-80.362065999999999,39.270165499999997,0
VALLEY PHARMACY,KATHY COLLINS MCNEILL,ROUTE 7,REEDSVILLE MEDICAL ARTS,REEDSVILLE,WV,PRESTON,26547,304-864-6935,-79.792534000000003,39.508419799999999,0
CHEAT LAKE PHARMACY,SUNCREST PHARMACY,509 ASHEBROOKE SQUARE, ,MORGANTOWN,WV,MONONGALIA,26508,304-594-0132,-79.855233999999996,39.672915699999997,0
RITE AID - 972,RITE AID OF WEST VIRGINIA INC,MAIN STREET AND FLORENCE ALLEY, ,GRANTSVILLE,WV,CALHOUN,26147,304-354-9232,-81.094060999999996,38.924443799999999,0
KROGER,KROGER LIMITED PARTNERSHIP I,500 SUNCREST TOWN CENTRE DRIVE, ,MORGANTOWN,WV,MONONGALIA,26505,304-285-6781,-79.941282000000001,39.650675700000001,1
KMART,K MART CORP,3977 EAST CUMBERLAND ROAD, ,BLUEFIELD,WV,MERCER,24701,304-325-6750,-81.188209999999998,37.263345999999999,0
WALGREENS - 11238,WALGREEN CO.,615 RANDOLPH AVENUE, ,ELKINS,WV,RANDOLPH,26241,304-636-8180,-79.850111999999996,38.928857700000002,1
ALDERMANS PHARMACY,ALDERMANS PHARMACY,STATE HIGHWAY 92, ,WHITE SULPHUR SPRINGS,WV,GREENBRIER,24986,304-536-2454,-80.286904000000007,37.805855299999997,0
RAINELLE PHARMACY,RAINELLE PHARMACY INC,611 MAIN STREET, ,RAINELLE,WV,GREENBRIER,25962,304-438-4005,-80.763042999999996,37.971416900000001,0
TARGET,TARGET CORPORATION AND SUBSIDIARIES,300 CABELA DRIVE, ,TRIADELPHIA,WV,OHIO,26059,304-547-2981,-80.598758000000004,40.056450400000003,1
OMNICARE,COMPASS HEALTH SERVICES LLC,1401 EARL L CORE ROAD, ,MORGANTOWN,WV,MONONGALIA,26505,304-292-3080,-79.931047000000007,39.627954099999997,0
WESTERN GREENBRIER PHARMACY,WESTERN GREENBRIER PHARMACY,404 NICHOLAS STREET, ,RUPERT,WV,GREENBRIER,25984,304-392-6348,-80.693353999999999,37.964149499999998,0
CVS - 6278,HOOK SUPERX LLC,842 NATIONAL ROAD, ,WHEELING,WV,OHIO,26003,304-232-3410,-80.695396000000002,40.075940199999998,0
TARGET,TARGET CORPORATION AND SUBSIDIARIES,5001 UNIVERSITY TOWN CENTRE DRIVE, ,MORGANTOWN,WV,MONONGALIA,26501,304-599-5581,-80.000397000000007,39.649488499999997,1
RITE AID - 1982,RITE AID OF WEST VIRGINIA INC,98 NORTH PIKE STREET, ,GRAFTON,WV,TAYLOR,26354,304-265-0758,-80.004058999999998,39.347247199999998,0
WAL-MART SUPERCENTER - 1544,WAL-MART STORES EAST LP,550 EMILY DRIVE, ,CLARKSBURG,WV,HARRISON,26301,304-622-2784,-80.285625999999993,39.263368800000002,1
KROGER,KROGER LIMITED PARTNERSHIP I,STATE ROUTE 107,BELLEPOINT PLAZA,HINTON,WV,SUMMERS,25951,304-466-6612,-80.891058999999998,37.659974099999999,1
RITE AID - 733,RITE AID OF WEST VIRGINIA INC,111 KRUGER STREET, ,WHEELING,WV,OHIO,26003,304-242-0273,-80.657235999999997,40.042701100000002,0
BLANDS DRUG STORE,BLANDS DRUG STORE,217 WEST PIKE STREET, ,CLARKSBURG,WV,HARRISON,26301,304-624-5491,-80.338294000000005,39.280068800000002,0
RITE AID - 286,RITE AID OF WEST VIRGINIA INC,513 STOKES DRIVE, ,HINTON,WV,SUMMERS,25951,304-466-5069,-80.888316000000003,37.657369600000003,0
RITE AID - 915,RITE AID OF WEST VIRGINIA INC,505 ROSEBUD PLAZA, ,CLARKSBURG,WV,HARRISON,26301,304-622-6330,-80.373835000000000,39.264313100000003,0
CAMDEN ON GAULEY MEDICAL CENTER,CAMDEN ON GAULEY MEDICAL CENTER INC,10003 WEBSTER ROAD, ,CAMDEN ON GAULEY,WV,WEBSTER,26208,304-226-5725,-80.610922000000002,38.365205199999998,0
CVS - 4132,REVCO DISCOUNT DRUG CENTERS INC,617 BELLVIEW BOULEVARD,FAIR HILLS PLAZA,FAIRMONT,WV,MARION,26554,304-363-8111,-80.139985999999993,39.498908299999997,0
WAL-MART SUPERCENTER - 1522,WAL-MART STORES EAST LP,721 BEVERLY PIKE, ,ELKINS,WV,RANDOLPH,26241,304-636-3728,-79.843813999999995,38.892538100000003,1
MOUNTAIN LAKE PHARMACY,MOUNTAIN LAKE PHARMACY INC,1129 BROAD STREET,SUITE 100,SUMMERSVILLE,WV,NICHOLAS,26651,304-872-9000,-80.842571000000007,38.269820199999998,0
CRAIGSVILLE HOMETOWN PHARMACY,MEADOW RIVER HEALTH CARE ASSOCIATES INC,18077 WEBSTER ROAD, ,CRAIGSVILLE,WV,NICHOLAS,26205,304-742-6040,-80.652685000000005,38.330880200000003,0
RITE AID - 917,RITE AID OF WEST VIRGINIA INC,208 SOUTH PIKE STREET, ,SHINNSTON,WV,HARRISON,26431,304-592-8003,-80.305860999999993,39.393590799999998,0
CVS - 3017,REVCO DISCOUNT DRUG CENTERS INC,1126 MARKET STREET, ,WHEELING,WV,OHIO,26003,304-233-4425,-80.722291999999996,40.068009600000003,0
SALEM COLONIAL PHARMACY,ASSOCIATED PHARMACISTS INC,120 EAST MAIN STREET, ,SALEM,WV,HARRISON,26426,304-782-2171,-80.558434000000005,39.282504400000001,0
GAULEY RIVER PHARMACY,GAULEY RIVER PHARMACY INC,433 CRAIGSVILLE ROAD,SUITE 2,CRAIGSVILLE,WV,NICHOLAS,26205,304-742-5001,-80.652371000000002,38.324332800000001,0
WALGREENS - 12277,WALGREEN CO.,38 VICTORY AVENUE, ,GRAFTON,WV,TAYLOR,26354,304-265-0926,-80.002886000000004,39.346899499999999,1
SUMMERSVILLE REGIONAL MEDICAL CENTER PHARMACY,SMH PHARMACY,400 FAIRVIEW HEIGHTS ROAD, ,SUMMERSVILLE,WV,NICHOLAS,26651,304-872-8437,-80.829227000000003,38.292516700000000,0
BLUEWELLS FAMILY PHARMACY,"BLUEWELLS FAMILY PHARMACY, INC.",3675 COAL HERITAGE ROAD, ,BLUEWELL,WV,MERCER,24701,304-589-7788,-81.258638000000005,37.307445199999997,0
AMERICAN PHARMACY,S N S FOODS INC,9789 MALL LOOP, ,FAIRMONT,WV,MARION,26554,304-368-9123,-80.186507000000006,39.426496000000000,0
RITE AID - 121,RITE AID OF WEST VIRGINIA INC,200 KANAWHA AVENUE, ,RAINELLE,WV,GREENBRIER,25962,304-438-9204,-80.769107000000005,37.968354200000000,0
RITE AID - 3341,RITE AID OF WEST VIRGINIA INC,1490 EAST MAIN STREET, ,HARRISVILLE,WV,RITCHIE,26362,304-643-2902,-81.041377999999995,39.212875099999998,0
RITE AID - 2265,RITE AID OF WEST VIRGINIA INC,134 MAIN STREET, ,PARSONS,WV,TUCKER,26287,304-478-4864,-79.680614000000006,39.094487299999997,0
RITE AID - 2444,RITE AID OF WEST VIRGINIA INC,3 ALVON ROAD,BATTLEGROUND CROSSING SHOPPING CENTER,WHITE SULPHUR SPRINGS,WV,GREENBRIER,24986,304-536-2350,-80.284182000000001,37.803661900000002,0
RITE AID - 1373,RITE AID OF WEST VIRGINIA INC,401 MORAN AVENUE, ,MULLENS,WV,WYOMING,25882,304-294-0343,-81.379399000000006,37.585437400000004,0
RITE AID - 2742,RITE AID OF WEST VIRGINIA INC,168 MAIN STREET, ,SUTTON,WV,BRAXTON,26601,304-765-2562,-80.711967999999999,38.664934600000002,0
THOMPSON'S PHARMACY INCORPORATED,"THOMPSON'S PHARMACY, INC.",4 EAST MAIN STREET, ,BUCKHANNON,WV,UPSHUR,26201,304-472-1120,-80.230517000000006,38.994122800000000,0
RITE AID - 1408,RITE AID OF WEST VIRGINIA INC,109 EAST MAIN STREET, ,MANNINGTON,WV,MARION,26582,304-986-2280,-80.341791000000001,39.531673900000001,0
THE DRUG STORE,THE DRUG STORE,1021 MAIN STREET, ,FARMINGTON,WV,MARION,26571,304-825-1275,-80.249481000000003,39.513594500000004,0
MAIN PHARMACY,MAIN PHARMACY,4 EAST DEPOT WAY, ,REEDSVILLE,WV,PRESTON,26547,304-864-5711,-79.797537000000005,39.552160299999997,0
NEW RIVER HEALTH CENTER PHARMACY,NEW RIVER HEALTH ASSOCIATION INC,908 SCARBRO ROAD, ,SCARBRO,WV,FAYETTE,25917,304-469-3424,-81.160449000000000,37.940568100000000,0
CVS - 5955,REVCO DISCOUNT DRUG CENTERS INC,ROUTE 250 SOUTH,RAINBOW PLAZA,MANNINGTON,WV,MARION,26582,304-986-2830,-80.321937000000005,39.518003700000001,0
ACCESS HEALTH PHARMACY,"COMMUNITY HEALTH SYSTEMS, INC.",ONE PHYSICIANS DRIVE, ,LOCHGELLY,WV,FAYETTE,25866,304-469-3334,-81.145268000000002,38.010536799999997,0
KMART,K MART CORP,9000 FAYETTEVILLE ROAD, ,OAK HILL,WV,FAYETTE,25901,304-469-6091,-81.126846999999998,38.013489300000003,0
CARDINAL PHARMACY,CARDINAL PHARMACY,STATE ROUTE 14 NORTH, ,ELIZABETH,WV,WIRT,26143,304-275-4687,-81.402688999999995,39.066161200000003,0
TARGET,TARGET CORPORATION AND SUBSIDIARIES,2800 MEADOWBROOK MALL, ,BRIDGEPORT,WV,HARRISON,26330,304-842-7779,-80.274175999999997,39.311304200000002,1
WALGREENS - 11981,WALGREEN CO.,5870 WEBSTER ROAD, ,SUMMERSVILLE,WV,NICHOLAS,26651,304-872-4394,-80.835211000000001,38.310545699999999,1
WITSCHEY'S MARKET,WITSCHEY'S MARKETS INC.,155 NORTH STREET, ,NEW MARTINSVILLE,WV,WETZEL,26155,304-455-2171,-80.864558000000002,39.642453900000000,0
KMART,K MART CORP,102 EMILY DRIVE, ,CLARKSBURG,WV,HARRISON,26301,304-623-4488,-80.279621000000006,39.279069800000002,0
HIGHLANDER PHARMACY,HIGHLANDER PHARMACY INC.,324 MILLER MOUNTAIN DRIVE,SUITE B,WEBSTER SPRINGS,WV,WEBSTER,26288,304-847-5151,-80.410386000000003,38.482324800000001,0
MEDICAP PHARMACY,OWMA PLLC,85 TAVERN ROAD, ,MARTINSBURG,WV,BERKELEY,25401,304-260-9040,-77.969148000000004,39.473576700000002,0
PRUNTYS PHARMACY INC,PRUNTYS PHARMACY INC,717 WELLS ST, ,SISTERSVILLE,WV,TYLER,26175,304-652-3711,-80.995992000000001,39.563760500000001,0
NICHOLAS PHARMACY,NICHOLAS PHARMACY INC,421 MAIN STREET, ,SUMMERSVILLE,WV,NICHOLAS,26651,304-872-2777,-80.854651000000004,38.281492900000003,0
RITE AID - 1305,RITE AID OF WEST VIRGINIA INC,218 EAST 3RD STREET, ,WESTON,WV,LEWIS,26452,304-269-7963,-80.464681999999996,39.038509400000002,0
PRUNTYS PHARMACY INC,PRUNTYS PHARMACY INC,220 MAIN ST, ,MIDDLEBOURNE,WV,TYLER,26149,304-758-4300,-80.903273999999996,39.493635200000000,0
BEST CARE PHARMACY INC,BEST CARE PHARMACY INC,4 GARTON PLZ, ,WESTON,WV,LEWIS,26452,304-269-3737,-80.471051000000003,39.054060100000001,0
GIANT EAGLE,GIANT EAGLE INC,130 GREENBAG ROAD,MOUNTAINEER MALL,MORGANTOWN,WV,MONONGALIA,26501,304-292-0385,-79.962152000000003,39.607842599999998,1
CVS - 3186,REVCO DISCOUNT DRUG CENTERS INC,STATE ROUTE 98 AND UNITED STATES ROUTE 19, ,CLARKSBURG,WV,HARRISON,26301,304-624-0161,-80.372600000000006,39.268051800000002,0
WHITE HALL PHARMACY,WHITEHALL PHARMACY LLC,162 MIDDLETOWN ROAD,SUITE 1,WHITE HALL,WV,MARION,26554,304-368-9355,-80.194864999999993,39.426386800000003,0
MICHELS PHARMACY INC,MICHELS PHARMACY INC.,103 E MAIN ST, ,WEST UNION,WV,DODDRIDGE,26456,304-873-1010,-80.774427000000003,39.295003000000001,0
RITE AID - 2255,RITE AID OF WEST VIRGINIA INC,520 NORTH STATE ROUTE 2, ,NEW MARTINSVILLE,WV,WETZEL,26155,304-455-1790,-80.858290999999994,39.680242000000000,0
HICKMANS EAST PHARMACY,HICKMANS PRESCRIPTION DRUGGIST INC,306 ROGERS STREET, ,PRINCETON,WV,MERCER,24740,304-425-1077,-81.083102999999994,37.363867499999998,0
POCAHONTAS PHARMACY,BAT JAC OF SOUTH CAROLINA,105 DUNCAN ROAD,SUITE C,MARLINTON,WV,POCAHONTAS,24954,304-799-4944,-80.108649000000000,38.202545200000003,0
GREENBRIER MEDICAL ARTS PHARMACY EXPRESS,GREENBRIER MEDICAL ARTS PHARMACY INC,200 MAPLEWOOD AVENUE, ,RONCEVERTE,WV,GREENBRIER,24970,304-647-5121,-80.469744000000006,37.772482599999996,0
TRI COUNTY PHARMACY,TRI COUNTY HEALTH CLINIC INC,COUNTY ROAD 4/18, ,ROCK CAVE,WV,UPSHUR,26234,304-924-6784,-80.341941000000006,38.839111400000000,0
RED DOT PHARMACY,RED DOT PHARMACY INC,131 MARKET STREET, ,MANNINGTON,WV,MARION,26582,304-986-3486,-80.343609000000001,39.531501100000000,0
"J&B DRUG STORE, INC","J&B DRUG STORE, INC.",352 MAIN STREET, ,GRANTSVILLE,WV,CALHOUN,26147,304-354-7737,-81.093716000000001,38.925303599999999,0
CVS - 3971,WHITE CROSS STORES INC NO 14,UNITED STATES HIGHWAY 40 EAST, ,RICHEYVILLE,PA,WASHINGTON,15358,724-632-6555,-80.000271999999995,40.051439000000002,0
KROGER,KROGER LIMITED PARTNERSHIP I,7 MARKET PLACE MALL, ,WESTON,WV,LEWIS,26452,304-269-3824,-80.420903999999993,39.017719100000001,1
PHILLIPS PHARMACY INC,PHILLIPS PHARMACY INC.,329 2ND ST, ,SAINT MARYS,WV,PLEASANTS,26170,304-684-3784,-81.206715000000003,39.390582899999998,0
CVS - 4432,REVCO DISCOUNT DRUG CENTERS INC,300 4TH AVENUE, ,MONTGOMERY,WV,FAYETTE,25136,304-442-2431,-81.322457000000000,38.181930500000000,0
RIDER PHARMACY,RIDER PHARMACY INC,303 MERCHANT STREET, ,FAIRMONT,WV,MARION,26554,304-366-2710,-80.137701000000007,39.481455300000000,0
PRESTON TAYLOR COMM HEALTH CENTERS INC,PRESTON TAYLOR COMM HEALTH CENTERS INC,725 N PIKE ST, ,GRAFTON,WV,TAYLOR,26354,304-265-7400,-80.018523999999999,39.345418400000000,0
MEDICINE SHOPPE PHARMACY,MEDICINE SHOPPE PHARMACY,1513 HARRISON AVE, ,ELKINS,WV,RANDOLPH,26241,304-637-4500,-79.867791999999994,38.932154799999999,0
GREENBRIER MEDICAL ARTS PHARMACY,"GREENBRIER MEDICAL ARTS PHARMACY, INC-NORTH",840 NORTH JEFFERSON STREET, ,LEWISBURG,WV,GREENBRIER,24901,304-647-1377,-80.417499000000007,37.832097200000000,0
PILL BOX HEALTH MART PHARMACY,"PENDLETON COMMUNITY CARE, INC",203 NORTH MAIN STREET, ,FRANKLIN,WV,PENDLETON,26807,304-358-2887,-79.331153999999998,38.642829300000002,0
BURNSVILLE DRUG STORE,BURNSVILLE DRUG STORE,110 MUNICIPAL STREET, ,BURNSVILLE,WV,BRAXTON,26335,304-853-2500,-80.655646000000004,38.855923699999998,0
HOOK SUPERX LLC,HOOK SUPERX LLC,1129 STATE ST, ,GASSAWAY,WV,BRAXTON,26624,304-364-5161,-80.750703999999999,38.659953700000003,0
ELM GROVE PHARMACY,HOGE DAVIS DRUG COMPANY,102 EAST BETHLEHEM BOULEVARD, ,WHEELING,WV,OHIO,26003,304-242-1500,-80.658863999999994,40.043372900000001,0
MINNIE HAMILTON HEALTH CARE CENTER,MINNIE HAMILTON HEALTH CARE CENTER,186 HOSPITAL DR, ,GRANTSVILLE,WV,CALHOUN,26147,304-354-9244,-81.092169999999996,38.924025299999997,0
LETRENT'S PHARMACY,RICHARD L. LETRENT,135 WEST PITT STREET, ,BEDFORD,PA,BEDFORD,15522,814-623-1442,-78.505364000000000,40.018606499999997,0
ZIMM PHARMACY,ZIMM PHARMACY INC,239 NORTH COURT STREET, ,FAYETTEVILLE,WV,FAYETTE,25840,304-574-4100,-81.105441999999996,38.055347500000003,0
COMMUNITY CARE PHARMACY,COMMUNITY CARE PHARMACY,307 MAIN ST, ,PARSONS,WV,TUCKER,26287,304-478-2319,-79.682736000000006,39.098314199999997,0
NORRIS PHARMACY,"NORRIS PHARMACY, INC.",300 STATE ROUTE 20, ,PINE GROVE,WV,WETZEL,26419,304-889-3131,-80.688685000000007,39.560839199999997,0
GOMPERS PHARMACY,"GOMPERS PHARMACY, INC.",2202 CHAPLINE STREET, ,WHEELING,WV,OHIO,26003,304-234-0002,-80.722646999999995,40.059454500000001,0
WHEELING HOSPITAL PHARMACY,"WHEELING HOSPITAL, INC.",1 MEDICAL PARK,LEVEL 1,WHEELING,WV,OHIO,26003,304-243-3000,-80.684804000000000,40.058976000000001,0
PADDEN PHARMACY,DECARIA BROTHERS INC,1414 EOFF STREET, ,WHEELING,WV,OHIO,26003,304-233-3010,-80.719605999999999,40.065466399999998,0
HOMETOWN PHARMACY INC LLC,HOMETOWN PHARMACY INC. LLC,1607 E MAIN ST, ,HARRISVILLE,WV,RITCHIE,26362,304-643-4001,-81.042445000000001,39.213182099999997,0
RITE AID - 1343,RITE AID OF WEST VIRGINIA INC,COOK PARKWAY, ,OCEANA,WV,WYOMING,24870,304-682-8586,-81.626311999999999,37.692451200000001,0
BIG FOUR DRUGSTORE INC,BIG FOUR DRUGSTORE INC,300 TEMPLE ST, ,HINTON,WV,SUMMERS,25951,304-466-2323,-80.889483999999996,37.674091400000002,0
DEFELICECARE,"DEFELICECARE, INC.",76 16TH STREET,SUITE 200,WHEELING,WV,OHIO,26003,304-232-4210,-80.718545000000006,40.064006300000003,0
WAL-MART SUPERCENTER - 2810,WAL-MART STORES EAST LP,97 WILLIAMS DRIVE, ,SPENCER,WV,ROANE,25276,304-927-6931,-81.350437999999997,38.797773599999999,1
STAATS PHARMACY & HEALTH CARE INC,STAATS PHARMACY & HEALTH CARE INC,100 E MAIN ST, ,SPENCER,WV,ROANE,25276,304-927-2980,-81.347487000000001,38.800132699999999,0
RITE AID - 2258,RITE AID OF WEST VIRGINIA INC,1000 SENECA TRAIL NORTH, ,MARLINTON,WV,POCAHONTAS,24954,304-799-6617,-80.087494000000007,38.237375999999998,0
PETERSTOWN PHARMACY,PETERSTOWN PHARMACY,105 MARKET STREET, ,PETERSTOWN,WV,MONROE,24963,304-753-5074,-80.798260999999997,37.397247000000000,0
THE MEDICINE SHOPPE PHARMACY,J C ENTERPRISES INC,620 NATIONAL ROAD,SUITE 400,WHEELING,WV,OHIO,26003,304-232-4984,-80.704654000000005,40.075023500000000,0
GIL-CO FAITH PHARMACY,GIL-CO FAITH PHARMACY,356 STATE HIGHWAY 5 EAST, ,GLENVILLE,WV,GILMER,26351,304-462-8300,-80.816159999999996,38.936816399999998,0
REVCO DISCOUNT DRUG CENTERS INC,REVCO DISCOUNT DRUG CENTERS INC,505 RANDOLPH AVE, ,ELKINS,WV,RANDOLPH,26241,304-636-5696,-79.848534999999998,38.927438199999997,0
KROGER,KROGER LIMITED PARTNERSHIP I,637 FAYETTE SQUARE, ,OAK HILL,WV,FAYETTE,25901,304-465-0321,-81.128474999999995,38.011551200000000,1
CVS - 4167,REVCO DISCOUNT DRUG CENTERS INC,700 PROFESSIONAL PARK DRIVE, ,SUMMERSVILLE,WV,NICHOLAS,26651,304-872-4980,-80.831591000000003,38.301394600000002,0
GASSAWAY DRUG COMPANY,GASSAWAY DRUG COMPANY,620 ELK ST, ,GASSAWAY,WV,BRAXTON,26624,304-364-5193,-80.774850000000001,38.673676700000001,0
RITE AID - 906,RITE AID OF WEST VIRGINIA INC,71 WEST MAIN STREET, ,BUCKHANNON,WV,UPSHUR,26201,304-472-0150,-80.232722999999993,38.994129200000003,0
HEALTH CENTER PHARMACY,HEALTH CENTER PHARMACY,909 GORMAN AVE, ,ELKINS,WV,RANDOLPH,26241,304-636-6767,-79.852040000000002,38.928126399999996,0
MAIN STREET PHARMACY,"MAIN STREET PHARMACY, INC.",435 WEST MAIN STREET, ,OAK HILL,WV,FAYETTE,25901,304-465-7200,-81.148690000000002,37.971759700000000,0
WAL-MART SUPERCENTER - 2809,WAL-MART STORES EAST LP,100 BUCKHANNON CROSS ROADS, ,BUCKHANNON,WV,UPSHUR,26201,304-472-0834,-80.234997000000007,38.998027999999998,1
FRANK B THOMAS DRUG STORE,F. B. THOMAS DRUG STORE,327 MAIN STREET, ,MEYERSDALE,PA,SOMERSET,15552,814-634-8614,-79.024681999999999,39.815516899999999,0
RXBYTEL,RXBYTEL INC,425 WEST WASHINGTON STREET, ,CHARLESTON,WV,KANAWHA,25302,304-342-6001,-81.642234000000002,38.362893200000002,0
KROGER,KROGER LIMITED PARTNERSHIP I,STATE HIGHWAY 20, ,BUCKHANNON,WV,UPSHUR,26201,304-472-0715,-80.230821000000006,38.973481499999998,1
RITE AID - 2736,RITE AID OF WEST VIRGINIA INC,200 VIRGINIA STREET, ,SMITHERS,WV,FAYETTE,25186,304-442-7500,-81.304359000000005,38.175650099999999,0
THE MEDICINE SHOPPE PHARMACY,GENMAR EB INC,131 SOUTH PLEASANT AVENUE, ,SOMERSET,PA,SOMERSET,15501,814-443-9500,-79.074006999999995,40.007614500000003,0
FRUTH PHARMACY INC,FRUTH PHARMACY INC,211 BOWMAN ST, ,SPENCER,WV,ROANE,25276,304-927-0011,-81.352434000000002,38.805806300000000,0
RITE AID - 1562,RITE AID OF WEST VIRGINIA INC,1301 WASHINGTON STREET EAST, ,CHARLESTON,WV,KANAWHA,25301,304-346-9382,-81.626485000000002,38.345989400000001,0
HOME CARE PLUS INCORPORATED,"HOME CARE PLUS, INC.",DAWKINS DRIVE,GRAYROCK PROFESSIONAL PARK,LEWISBURG,WV,GREENBRIER,24901,304-645-1706,-80.475325999999995,37.764888200000001,0
WALGREENS - 12454,WALGREEN CO.,655 WEST WASHINGTON STREET, ,CHARLESTON,WV,KANAWHA,25302,304-342-1798,-81.646788000000001,38.365225500000001,1
"MACE'S PHARMACY, INC","MACE'S PHARMACY, INC.",303 S MAIN ST, ,PHILIPPI,WV,BARBOUR,26416,304-457-4233,-80.035587000000007,39.146389499999998,0
WAL-MART SUPERCENTER - 2684,WAL-MART STORES EAST LP,1142 SOUTH BRIDGE STREET, ,NEW MARTINSVILLE,WV,WETZEL,26155,304-455-6402,-80.859527000000000,39.656622499999997,1
CVS - 6276,HOOK SUPERX LLC,1800 BROADWAY AVENUE, ,PARKERSBURG,WV,WOOD,26101,304-485-4533,-81.541482999999999,39.237185799999999,0
MONONGALIA GENERAL HOSPITAL,MONONGALIA CTY GENERAL HOSPITAL CO,1200 J D ANDERSON DRIVE, ,MORGANTOWN,WV,MONONGALIA,26505,304-598-1200,-79.946708000000001,39.663816699999998,0
NAVAL RADIO STATION - SUGAR GROVE BRANCH CLINIC-DOD,SUGAR GROVE PHCY,NAVAL RADIO STATION SUGAR GROVE,BUILDING 63,SUGAR GROVE,WV,PENDLETON,26815,304-249-6380,-79.293629999999993,38.543211900000003,0
TRI-COUNTY HEALTH CLINIC INC,TRI-COUNTY HEALTH CLINIC INC,122 CENTER ST, ,CLAY,WV,CLAY,25043,304-587-4555,-81.078570999999997,38.474969999999999,0
RITE AID - 1405,RITE AID OF WEST VIRGINIA INC,2107 PIKE STREET,SUITE 4,PARKERSBURG,WV,WOOD,26101,304-485-5517,-81.540672999999998,39.235408000000000,0
CVS - 5946,REVCO DISCOUNT DRUG CENTERS INC,72 WHITEWATER AVENUE, ,FAYETTEVILLE,WV,FAYETTE,25840,304-574-2071,-81.124533000000000,38.032344999999999,0
WAL-MART SUPERCENTER - 2823,WAL-MART STORES EAST LP,2900 PIKE STREET, ,PARKERSBURG,WV,WOOD,26101,304-489-3268,-81.548688999999996,39.215754900000000,1
CVS - 6312,HOOK SUPERX LLC,2801 ROBERT C BYRD DRIVE, ,BECKLEY,WV,RALEIGH,25801,304-253-2738,-81.195796999999999,37.771875600000001,0
RITE AID - 1460,RITE AID OF WEST VIRGINIA INC,1960 EAST 7TH STREET, ,PARKERSBURG,WV,WOOD,26101,304-422-2577,-81.523925000000006,39.267535600000002,0
GABLERS DRUG,GABLERS ENTERPRISES INC,106 SOUTH MARKET STREET, ,CARMICHAELS,PA,GREENE,15320,724-966-2020,-79.974361000000002,39.896516499999997,0
HIGHLAND PHARMACY,"HIGHLAND BEHAVIORAL HEALTH SERVICES, INC.",511 MORRIS STREET, ,CHARLESTON,WV,KANAWHA,25301,304-341-0257,-81.625895000000000,38.347985199999997,0
MARTINSBURG VETERANS AFFAIRS MEDICAL CENTER PHARMACY,MARTINSBURG VAMC,510 BUTLER AVENUE, ,MARTINSBURG,WV,BERKELEY,25405,304-263-0811,-77.911084000000002,39.417769300000003,0
RITE AID - 2667,RITE AID OF WEST VIRGINIA INC,719 JOHNSTOWN ROAD, ,BECKLEY,WV,RALEIGH,25801,304-256-3800,-81.171560999999997,37.779140099999999,0
KMART,K MART CORP,1701 4TH AVENUE WEST, ,CHARLESTON,WV,KANAWHA,25312,304-346-0820,-81.668154999999999,38.369580599999999,0
CVS - 4207,"WEST VIRGINIA CVS PHARMACY, L.L.C",4205 MACCORKLE AVENUE, ,CHARLESTON,WV,KANAWHA,25304,304-925-0786,-81.587743000000003,38.324610499999999,1
PIERPONT LANDING PHARMACY,DBS LLC,1349 CHEAT ROAD, ,MORGANTOWN,WV,MONONGALIA,26508,304-594-9955,-79.890759000000003,39.647346599999999,0
WAL-MART SUPERCENTER - 4372,WAL-MART STORES EAST LP,100 WALMART DRIVE, ,KINGWOOD,WV,PRESTON,26537,304-329-4031,-79.733688999999998,39.486947100000002,1
CVS - 1682,REA AND DERICK INC P1852,644 EAST PENN STREET, ,BEDFORD,PA,BEDFORD,15522,814-623-1973,-78.491539000000003,40.017634800000003,0
JARRELL'S HEALTH MART PHARMACY,JARRELLS PHARMACY INC,2122 RITTER DRIVE, ,DANIELS,WV,RALEIGH,25832,304-763-2442,-81.105575000000002,37.727889599999997,0
CVS - 4127,REVCO DISCOUNT DRUG CENTERS INC,1327 PLAZA EAST, ,CHARLESTON,WV,KANAWHA,25301,304-343-9497,-81.623118000000005,38.346697499999998,0
COX FAMILY PHARMACY,COX FAMILY PHARMACY CORP,1212 GARFIELD AVENUE,SUITE 102,PARKERSBURG,WV,WOOD,26101,304-865-7600,-81.556972000000002,39.273524700000003,0
SAM'S CLUB - 4860,SAMS EAST INC,1220 NORTH EISENHOWER DRIVE, ,BECKLEY,WV,RALEIGH,25801,304-252-1265,-81.173978000000005,37.802834599999997,0
CAMERON DRUG STORE,"CAMERON DRUG STORE, INC",1 BRIDGE STREET, ,CAMERON,WV,MARSHALL,26033,304-686-2101,-80.566787000000005,39.826852500000001,0
RITE AID - 1002,RITE AID OF WEST VIRGINIA INC,3175 WEST DUPONT AVENUE, ,BELLE,WV,KANAWHA,25015,304-926-6889,-81.565832999999998,38.264614199999997,0
GIANT EAGLE,GIANT EAGLE INC,100 SUGAR RUN ROAD, ,WAYNESBURG,PA,GREENE,15370,724-627-5456,-80.168075999999999,39.894597200000000,1
CAREPOINT PARTNERS OF WEST VIRGINIA,CARE POINT PARTNERS OF WEST VIRGINIA LLC,9503 MIDDLETOWN MALL, ,FAIRMONT,WV,MARION,26554,304-534-7080,-80.185959999999994,39.428058700000001,0
RITE AID - 1380,RITE AID OF WEST VIRGINIA INC,3400 DUDLEY AVENUE, ,PARKERSBURG,WV,WOOD,26104,304-428-0946,-81.533710999999997,39.286566399999998,0
WAL-MART SUPERCENTER - 1782,WAL-MART STORES EAST LP,701 GRAND CENTRAL AVENUE, ,VIENNA,WV,WOOD,26105,304-422-3526,-81.553769000000003,39.306219700000000,1
RITE AID - 2610,RITE AID OF WEST VIRGINIA INC,111 MAIN STREET, ,ANSTED,WV,FAYETTE,25812,304-658-4426,-81.099337000000006,38.136409399999998,0
KROGER,KROGER LIMITED PARTNERSHIP I,518 PARK CENTER, ,RAINELLE,WV,GREENBRIER,25962,304-438-7182,-80.774784999999994,37.966468100000000,1
RITE AID - 926,RITE AID OF PENNSYLVANIA INC,1440 EAST HIGH STREET, ,WAYNESBURG,PA,GREENE,15370,724-627-9849,-80.168546000000006,39.895761800000002,0
WESTSIDE PHARMACY,WESTSIDE PHARMACY,COOK PARKWAY AND LOGAN STREET, ,OCEANA,WV,WYOMING,24870,304-682-0444,-81.634382000000002,37.693012899999999,0
FRUTH EXPRESS - 25,FRUTH PHARMACY INC,701 LEE STREET EAST, ,CHARLESTON,WV,KANAWHA,25301,304-720-8341,-81.634141000000000,38.351433900000004,0
KROGER,KROGER LIMITED PARTNERSHIP I,1100 FLEDDERJOHN ROAD, ,CHARLESTON,WV,KANAWHA,25314,304-342-8832,-81.677494999999993,38.339841900000003,1
FAIRCHANCE PHARMACY,"SERPENTO PHARMACIES, INC.",90 WEST CHURCH STREET, ,FAIRCHANCE,PA,FAYETTE,15436,724-564-7817,-79.755942000000005,39.820653999999998,0
WOODS PHARMACY,WOODS PHARMACY INC,400 VIRGINIA STREET, ,OAK HILL,WV,FAYETTE,25901,304-469-2923,-81.156400000000005,37.976105599999997,0
WAL-MART SUPERCENTER - 2852,WAL-MART STORES EAST LP,10 WALMART DRIVE, ,MOUNDSVILLE,WV,MARSHALL,26041,304-843-1507,-80.748165000000000,39.926428600000001,1
RITE AID - 3443,RITE AID OF PENNSYLVANIA INC,6039 NATIONAL PIKE, ,GRINDSTONE,PA,FAYETTE,15442,724-785-4522,-79.866563999999997,40.007478800000001,0
WALGREENS - 10928,WALGREEN CO,886 RITTER DRIVE, ,BEAVER,WV,RALEIGH,25813,304-256-0412,-81.135118000000006,37.748479300000000,1
RITE AID - 961,RITE AID OF WEST VIRGINIA INC,2 RED OAK SHOPPING CENTER,RED OAK SHOPPING CENTER,RONCEVERTE,WV,GREENBRIER,24970,304-645-2096,-80.467234000000005,37.767054999999999,0
MEDMART PHARMACY,PRESCRIPTIONS PLUS OF CONNELLSVILLE,2618 MEMORIAL BOULEVARD,SUITE A,CONNELLSVILLE,PA,FAYETTE,15425,724-628-7500,-79.563283999999996,40.058541499999997,0
REED'S PHARMACY - 5,RPCB LLC,UNITED STATES ROUTE 50,BEAR GARDEN PLAZA,CAPON BRIDGE,WV,HAMPSHIRE,26711,304-856-2901,-78.430378000000005,39.297150400000000,0
CVS - 6309,HOOK SUPERX LLC,1325 ROBERT C BYRD DRIVE,LESTER SQUARE SHOPPING CENTER,CRAB ORCHARD,WV,RALEIGH,25827,304-255-2761,-81.244748999999999,37.728033699999997,0
WAL-MART - 5446,WAL-MART STORES EAST LP,405 MURTHA DRIVE, ,WAYNESBURG,PA,GREENE,15370,724-627-3546,-80.126512000000005,39.893992099999998,1
WHITE HALL PHARMACY,WHITE HALL PHARMACY LLC,51 SOUTHLAND DRIVE, ,FAIRMONT,WV,MARION,26554,304-368-9355,-80.182862999999998,39.433521499999998,0
RITE AID - 953,RITE AID OF WEST VIRGINIA INC,69 LEWIS STREET, ,WHITESVILLE,WV,BOONE,25209,304-854-2373,-81.542062999999999,37.984930300000002,0
MOUNTAIN STATE VITAL CARE,JANE H CONDEE,4401 MACCORKLE AVENUE, ,CHARLESTON,WV,KANAWHA,25304,304-414-3660,-81.585575000000006,38.323312899999998,0
RITE AID - 7938,RITE AID OF WEST VIRGINIA INC,74 JOSHUA M FREEMAN BOULEVARD, ,RANSON,WV,JEFFERSON,25438,304-728-7713,-77.851319000000004,39.319968199999998,0
VALENTINE PHARMACY,VALENTINE PHARMACY,92 NORTH MORGANTOWN STREET, ,FAIRCHANCE,PA,FAYETTE,15436,724-564-1700,-79.753156000000004,39.825945599999997,0
KROGER,KROGER LIMITED PARTNERSHIP I,180 RED OAKS SHOPPING CENTER, ,RONCEVERTE,WV,GREENBRIER,24970,304-645-0310,-80.467033000000001,37.768237900000003,1
BECKLEY VETERANS AFFAIRS MEDICAL CENTER,BECKLEY VAMC,200 VETERANS AVENUE, ,BECKLEY,WV,RALEIGH,25801,304-255-2121,-81.193274000000002,37.765186300000003,0
RITE AID - 284,RITE AID OF WEST VIRGINIA INC,8 CHERRY RIVER PLAZA, ,RICHWOOD,WV,NICHOLAS,26261,304-846-2406,-80.529488000000001,38.223865400000001,0
WALGREENS - 10979,WALGREEN CO.,1395 EAST HIGH STREET, ,WAYNESBURG,PA,GREENE,15370,724-852-5171,-80.168622999999997,39.896602600000001,1
KROGER,KROGER LIMITED PARTNERSHIP I,151 BEAVER PLAZA, ,BEAVER,WV,RALEIGH,25813,304-255-5599,-81.136482000000001,37.750787899999999,1
RITE AID - 1013,RITE AID OF WEST VIRGINIA INC,2700 EAST DUPONT AVENUE,QUINCY CENTER SHOPPING CENTER SUITE 9,BELLE,WV,KANAWHA,25015,304-949-6237,-81.506562000000002,38.206220299999998,0
RITE AID - 949,RITE AID OF WEST VIRGINIA INC,1201 MAIN STREET EAST, ,OAK HILL,WV,FAYETTE,25901,304-465-5658,-81.137609999999995,37.984487399999999,0
RITE AID - 2694,RITE AID OF WEST VIRGINIA INC,2 FIRST AVENUE SOUTH, ,CLENDENIN,WV,KANAWHA,25045,304-548-6593,-81.350207999999995,38.490388600000003,0
WALNUT HILL PHARMACY,WALNUT HILL PHARMACY LLC,150 WALNUT HILL ROAD, ,UNIONTOWN,PA,FAYETTE,15401,724-438-7455,-79.737862000000007,39.881393899999999,0
WEST VIRGINIA VETERANS NURSING FACILITY,STATE OF WEST VIRGINIA DEPT OF VETERANS AFFAIR,ONE FREEDOMS WAY, ,CLARKSBURG,WV,HARRISON,26301,304-626-1600,-80.361108999999999,39.271157299999999,0
HEALTHLAND PHARMACY,LAUREL DRUGS INC,601 YORK AVENUE, ,CONNELLSVILLE,PA,FAYETTE,15425,724-628-1100,-79.593697000000006,40.023347700000002,0
RX PLUS PHARMACY,FREDERICK J. BONCHOSKY,1238 NATIONAL PIKE, ,HOPWOOD,PA,FAYETTE,15445,724-437-2353,-79.699798999999999,39.873930399999999,0
WAL-MART SUPERCENTER - 2833,WAL-MART STORES EAST LP,1 WALMART LANE, ,GRAFTON,WV,TAYLOR,26354,304-265-6329,-79.996430000000004,39.358443200000004,1
HEALTH CENTER PHARMACY,"HEALTH CENTER PHARMACY, INC.",4164 NATIONAL PIKE,FARMINGTON CENTER,FARMINGTON,PA,FAYETTE,15437,724-329-4620,-79.536430999999993,39.792503400000001,0
NICKMAN'S DRUG,"NICKMAN'S DRUG, INC.",3 NICKMANS PLAZA, ,LEMONT FURNACE,PA,FAYETTE,15456,724-437-2144,-79.676698000000002,39.922591599999997,0
APOTHECARE PHARMACY,CHERRYTREE PHARMACY INC,278 MCCLELLANDTOWN ROAD, ,UNIONTOWN,PA,FAYETTE,15401,724-437-7801,-79.749339000000006,39.902689299999999,0
WAL-MART SUPERCENTER - 1477,WAL-MART STORES EAST LP,200 WAL STREET, ,SUMMERSVILLE,WV,NICHOLAS,26651,304-872-7039,-80.835693000000006,38.304757400000000,1
RITE AID - 3399,RITE AID OF WEST VIRGINIA INC,ROUTE 33 AND ROUTE 220, ,FRANKLIN,WV,PENDLETON,26807,304-358-3272,-79.334126999999995,38.655363999999999,0
TARGET,TARGET CORPORATION AND SUBSIDIARIES,436 RETAIL COMMONS PARKWAY, ,MARTINSBURG,WV,BERKELEY,25403,304-264-5201,-77.992728999999997,39.437495400000003,1
REED'S PHARMACY,REEDS PHARMACY LLC,261 BERKMORE PLACE,SUITE 1C,BERKELEY SPRINGS,WV,MORGAN,25411,304-258-3800,-78.234503000000004,39.611214500000003,0
RITE AID - 10962,THRIFT DRUG INC,575 MORGANTOWN ROAD, ,UNIONTOWN,PA,FAYETTE,15401,724-437-2140,-79.733709000000005,39.884040900000002,0
ADVANCE PHARMACY SERVICES,"HIGHLAND BEHAVIORAL HEALTH SERVICES, INC.",1418 MACCORKLE AVENUE SOUTHWEST,SUITE E,CHARLESTON,WV,KANAWHA,25303,304-348-1407,-81.668021999999993,38.363430700000002,0
MARTINS PHARMACY,GIANT FOOD STORES LLC,800 VANDERBILT ROAD, ,CONNELLSVILLE,PA,FAYETTE,15425,724-626-7690,-79.602378000000002,40.020083499999998,0
PECHIN PHARMACY,PHARMANA LLC,309 LAUREL DRIVE, ,CONNELLSVILLE,PA,FAYETTE,15425,724-626-9600,-79.648300000000006,39.958248300000001,0
STOUTS PHARMACY,STOUTS PHARMACY INC,3007 DUDLEY AVENUE, ,PARKERSBURG,WV,WOOD,26104,304-422-6511,-81.536327000000000,39.284199299999997,0
ACCESS HEALTH PHARMACY PEDIATRICS,COMMUNITY HEALTH SYSTEMS INC,131 MELLON STREET, ,BECKLEY,WV,RALEIGH,25801,304-461-0420,-81.179582999999994,37.790667599999999,0
MCCRACKEN PHARMACY,MCCRACKEN PHARMACY INC,595 EAST HIGH STREET, ,WAYNESBURG,PA,GREENE,15370,724-627-5454,-80.179361999999998,39.896527100000000,0
CRAB ORCHARD PHARMACY,CRAB ORCHARD PHARMACY,1277 ROBERT C BYRD DRIVE, ,CRAB ORCHARD,WV,RALEIGH,25827,304-253-7474,-81.234542000000005,37.739773800000002,0
CVS - 4256,WHITE CROSS STORES INC NO 14,25 PITTSBURGH STREET, ,UNIONTOWN,PA,FAYETTE,15401,724-438-5443,-79.727238999999997,39.902454900000002,0
RITE AID - 10964,THRIFT DRUG INC,200 MEMORIAL BOULEVARD, ,CONNELLSVILLE,PA,FAYETTE,15425,724-628-8460,-79.595191000000000,40.023964700000001,0
COLONY DRUG AND WELLNESS CENTER,"JOHNSTON & JOHNSTON, INC",2810 ROBERT C BYRD DRIVE, ,BECKLEY,WV,RALEIGH,25801,304-252-5305,-81.195153000000005,37.771462600000000,0
WAL-MART SUPERCENTER - 1351,WAL-MART STORES EAST LP,1330 NORTH EISENHOWER DRIVE, ,BECKLEY,WV,RALEIGH,25801,304-252-9523,-81.176831000000007,37.805514299999999,1
RITE AID - 2543,RITE AID OF WEST VIRGINIA INC,26 MADDEX SQUARE DRIVE, ,SHEPHERDSTOWN,WV,JEFFERSON,25443,304-876-0505,-77.819530000000000,39.434727899999999,0
TARGET,TARGET CORPORATION AND SUBSIDIARIES,120 MATTHEW DRIVE, ,UNIONTOWN,PA,FAYETTE,15401,724-439-6681,-79.758679000000001,39.907919000000000,1
RITE AID - 7882,RITE AID OF WEST VIRGINIA INC,7916 WINCHESTER AVENUE, ,INWOOD,WV,BERKELEY,25428,304-229-0935,-78.040035000000003,39.358269800000002,0
MARTIN'S,GIANT FOOD STORES LLC,190 FLOWING SPRINGS ROAD, ,CHARLES TOWN,WV,JEFFERSON,25414,304-728-8705,-77.842354000000000,39.298167300000003,0
CVS - 5700,WHITE CROSS STORES INC NO 14,3161 MOUNT MORRIS ROAD, ,WAYNESBURG,PA,GREENE,15370,724-627-8108,-80.162908999999999,39.895356300000003,0
THE MEDICINE SHOPPE PHARMACY,HUNTER PHARMACY GROUP INC,171 WEST CRAWFORD AVENUE, ,CONNELLSVILLE,PA,FAYETTE,15425,724-626-1091,-79.591150999999996,40.017346699999997,0
CVS - 1428,CVS OF WEST VIRGINIA INC,809 NORTH MILDRED STREET,RANSON SQUARE SHOPPING CENTER SUITE 2,RANSON,WV,JEFFERSON,25438,304-728-7418,-77.865083999999996,39.306332400000002,1
CVS - 6277,HOOK SUPERX LLC,1114 LAFAYETTE AVENUE, ,MOUNDSVILLE,WV,MARSHALL,26041,304-845-0504,-80.746778000000006,39.913767600000000,0
PERRY DRUG STORE,PERRY DRUG STORE LLC,301 INDEPENDENCE STREET, ,PERRYOPOLIS,PA,FAYETTE,15473,724-736-4422,-79.750119999999995,40.087224599999999,0
GRANT MEMORIAL HOSPITAL,GRANT MEMORIAL HOSPITAL,STATE ROUTE 28 AND HOSPITAL DRIVE, ,PETERSBURG,WV,GRANT,26847,304-257-1026,-79.137120999999993,39.001368300000003,0
CVS - 4136,REVCO DISCOUNT DRUG CENTERS INC,3521 MONONGAHELA BOULEVARD, ,STAR CITY,WV,MONONGALIA,26505,304-599-3180,-79.990604000000005,39.656740200000002,0
WAL-MART SUPERCENTER - 5319,WAL-MART STORES EAST LP,1881 ROBERT C BYRD DRIVE, ,BECKLEY,WV,RALEIGH,25801,304-256-6496,-81.222132000000002,37.754308899999998,1
FRUTH PHARMACY,FRUTH PHARMACY INC,1506 ELIZABETH PIKE, ,MINERAL WELLS,WV,WOOD,26150,304-489-2710,-81.517381999999998,39.179488900000003,0
CLAY-BATELLE PHARMACY,TRI-COUNTY HEALTH CLINIC INC,5851 MASON DIXON HIGHWAY, ,BLACKSVILLE,WV,MONONGALIA,26521,304-432-8268,-80.206886999999995,39.719674300000001,0
WALGREENS - 12085,WALGREEN CO.,4006 ROBERT C BYRD DRIVE, ,BECKLEY,WV,RALEIGH,25801,304-252-0456,-81.184291999999999,37.806423000000002,1
WEST VIRGINIA UNIVERSITY HEALTH MEDICAL CENTER PHARMACY,WVUH INC. MEDICAL CENTER PHARMACY,1 MEDICAL CENTER DRIVE,PHYSICIAN OFFICE CENTER 1ST FLOOR,MORGANTOWN,WV,MONONGALIA,26505,304-598-4848,-79.958365999999998,39.652767599999997,0
CARRIAGE DRIVE PHARMACY,PROFESSIONAL PHARMACY INC,350 CARRIAGE DRIVE, ,BECKLEY,WV,RALEIGH,25801,304-252-5349,-81.199648999999994,37.788134399999997,0
SAM'S CLUB - 4936,SAMS EAST INC,6001 UNIVERSITY TOWN CENTRE DRIVE, ,MORGANTOWN,WV,MONONGALIA,26501,304-598-2931,-79.999988999999999,39.647834500000002,0
RITE AID - 957,RITE AID OF WEST VIRGINIA INC,4077 ROBERT C BYRD DRIVE, ,BECKLEY,WV,RALEIGH,25801,304-252-7313,-81.186296999999996,37.809198400000000,0
KROGER,KROGER LIMITED PARTNERSHIP I,198 EMILY DRIVE, ,CLARKSBURG,WV,HARRISON,26301,304-623-1482,-80.279760999999993,39.276857700000001,1
EPPY'S DRUG STORE,EPPY'S DRUG STORE,2987A ROBERT C BYRD DRIVE, ,BECKLEY,WV,RALEIGH,25801,304-252-6331,-81.194096999999999,37.778551100000001,0
KMART,K MART CORP,97 SENECA TRAIL, ,LEWISBURG,WV,GREENBRIER,24901,304-645-5169,-80.453744999999998,37.788751699999999,0
CVS - 4166,REVCO DISCOUNT DRUG CENTERS INC,743 NORTH MAIN STREET, ,MOOREFIELD,WV,HARDY,26836,304-538-3478,-78.964924999999994,39.074881800000000,0
DRUG EMPORIUM,DISCOUNT EMPORIUM INC,1603 KANAWHA BOULEVARD WEST, ,CHARLESTON,WV,KANAWHA,25312,304-345-3784,-81.667426000000006,38.367431799999999,0
THE MEDICINE MINE,THE MEDICINE MINE INC.,555 STATE ROUTE 88, ,CARMICHAELS,PA,GREENE,15320,724-966-5237,-79.968131999999997,39.880901799999997,0
OCEANA PHARMACY,OCEANA PHARMACY,COOK PARKWAY, ,OCEANA,WV,WYOMING,24870,304-682-8289,-81.626887999999994,37.692341499999998,0
MOUNDSVILLE PHARMACY,PHARMACOLE INC.,115 LAFAYETTE AVENUE, ,MOUNDSVILLE,WV,MARSHALL,26041,304-845-0390,-80.751981000000001,39.929544100000001,0
WAL-MART SUPERCENTER - 1714,WAL-MART STORES EAST LP,32 TYGART MALL LOOP, ,FAIRMONT,WV,MARION,26554,304-366-9115,-80.191243000000000,39.424938900000001,1
RITE AID - 699,RITE AID OF WEST VIRGINIA INC,120 JEFFERSON AVENUE, ,MOUNDSVILLE,WV,MARSHALL,26041,304-845-4230,-80.742119000000002,39.924108300000000,0
RITE AID - 294,RITE AID OF WEST VIRGINIA INC,6401 SISSONVILLE DRIVE, ,CHARLESTON,WV,KANAWHA,25312,304-984-9597,-81.671481000000000,38.475994900000003,0
KINES FAMILY PHARMACY,KINES FAMILY PHARMACY INC,6097 SISSONVILLE DRIVE, ,CHARLESTON,WV,KANAWHA,25312,304-984-1001,-81.669307000000003,38.466772599999999,0
DRUG EMPORIUM,DISCOUNT EMPORIUM INC,5101 MACCORKLE AVENUE SOUTHEAST, ,CHARLESTON,WV,KANAWHA,25304,304-925-8022,-81.575539000000006,38.317570699999997,0
REYNOLDS MEMORIAL HOSPITAL,"REYNOLDS MEMORIAL HOSPITAL, INC.",800 WHEELING AVENUE, ,GLEN DALE,WV,MARSHALL,26038,304-843-3218,-80.752332999999993,39.946080700000003,0
RITE AID - 934,RITE AID OF WEST VIRGINIA INC,3801 MACCORKLE AVENUE SOUTHEAST, ,CHARLESTON,WV,KANAWHA,25304,304-925-2168,-81.592888000000002,38.327131100000003,0
KROGER,THE KROGER CO,1212 LAFAYETTE AVENUE, ,MOUNDSVILLE,WV,MARSHALL,26041,304-845-8298,-80.745964999999998,39.910919900000003,1
KROGER,THE KROGER CO,211 MARSHALL STREET NORTH, ,BENWOOD,WV,MARSHALL,26031,304-232-1482,-80.729705999999993,40.027887000000000,1
AMERICAN PHARMACY USA,HACKETT AND HACKETT LLC,889 VENTURE DRIVE,SHOP N SAVE,MORGANTOWN,WV,MONONGALIA,26508,304-292-2787,-79.896264000000002,39.650564199999998,0
CVS - 6333,HOOK SUPERX LLC,127 SENECA TRAIL, ,LEWISBURG,WV,GREENBRIER,24901,304-645-7053,-80.456573000000006,37.783161700000001,0
RITE AID - 935,RITE AID OF WEST VIRGINIA INC,406 WEST WASHINGTON STREET, ,CHARLESTON,WV,KANAWHA,25302,304-343-8807,-81.641268999999994,38.362677499999997,0
MEDWOOD PHARMACY,ASI PHARMA LLC,200 ROUTE 98 WEST STREET,SUITE 105A,NUTTER FORT,WV,HARRISON,26301,304-624-0974,-80.330755999999994,39.265076999999998,0
CVS - 6281,HOOK SUPERX LLC,4418 EMERSON AVENUE, ,PARKERSBURG,WV,WOOD,26104,304-485-3245,-81.523922999999996,39.292434399999998,0
RITE AID - 1514,RITE AID OF PENNSYLVANIA INC,404 3RD STREET, ,CALIFORNIA,PA,WASHINGTON,15419,724-938-3515,-79.889651999999998,40.066762300000001,0
PROCARE PHARMACY,PROCARE PHARMACY INC.,720 PIKE STREET, ,SHINNSTON,WV,HARRISON,26431,304-592-2680,-80.297381999999999,39.397629899999998,0
MEDBROOK MEDICAL ASSOCIATES,MEDBROOK MEDICAL ASSOCIATES INC,1370 JOHNSON AVENUE, ,BRIDGEPORT,WV,HARRISON,26330,304-842-8328,-80.277906999999999,39.300472100000000,0
RITE AID - 1473,RITE AID OF WEST VIRGINIA INC,2300 GRAND CENTRAL AVENUE, ,VIENNA,WV,WOOD,26105,304-295-4573,-81.551534000000004,39.321865299999999,0
KROGER,KROGER LIMITED PARTNERSHIP I,930 DIVISION STREET, ,PARKERSBURG,WV,WOOD,26101,304-428-8534,-81.557413999999994,39.249419600000003,1
KMART,K MART CORP,1050 DIVISION STREET, ,PARKERSBURG,WV,WOOD,26101,304-485-6444,-81.557696000000007,39.248495400000003,0
NEWPOINTE PHARMACY,NEWPOINTE PHARMACY LLC,463 EMILY DRIVE, ,CLARKSBURG,WV,HARRISON,26301,304-423-5000,-80.285945999999996,39.271159300000001,0
KROGER,KROGER LIMITED PARTNERSHIP I,500 DELAWARE AVENUE, ,CHARLESTON,WV,KANAWHA,25302,304-342-6916,-81.644850000000005,38.362710999999997,1
VILLAGE PHARMACY,"VILLAGE PHARMACY, INC.",102 RAILROAD STREET, ,LOST CREEK,WV,HARRISON,26385,304-745-3301,-80.351674000000003,39.160338000000003,0
BELLDINA'S PHARMACY,"BELLDINA'S HEALTH MART PHARMACY, LLC",107 MAIN STREET, ,REEDSVILLE,WV,PRESTON,26547,304-864-4000,-79.797984000000000,39.550944700000002,0
WAL-MART SUPERCENTER - 1703,WAL-MART STORES EAST LP,800 FOXCROFT AVENUE, ,MARTINSBURG,WV,BERKELEY,25401,304-263-6030,-77.986157000000006,39.450058900000002,1
MARTIN'S,GIANT FOOD STORES LLC,901 FOXCROFT AVENUE, ,MARTINSBURG,WV,BERKELEY,25401,304-267-6414,-77.988026000000005,39.448226300000002,0
CITY PHARMACY,CITY PHARMACY,970 FOXCROFT AVENUE,SUITE 101,MARTINSBURG,WV,BERKELEY,25401,304-262-6555,-77.985845999999995,39.446449700000002,0
WALGREENS - 11677,WALGREEN CO.,101 FORBES DRIVE, ,MARTINSBURG,WV,BERKELEY,25404,304-262-4697,-77.957927999999995,39.474921399999999,1
WAL-MART SUPERCENTER - 4423,WAL-MART STORES EAST LP,5680 HAMMONDS MILL ROAD, ,MARTINSBURG,WV,BERKELEY,25404,304-274-3873,-77.910134999999997,39.542808899999997,1
LOWERS PHARMACY,LOWERS PHARMACY INC,33 EAST MAIN STREET, ,EVERETT,PA,BEDFORD,15537,814-652-5633,-78.372451999999996,40.011764999999997,0
FINDLEY'S PHARMACY,FINDLEYS PHARMACY INC,136 WEST MAIN STREET, ,SOMERSET,PA,SOMERSET,15501,814-445-7939,-79.079787999999994,40.008579800000000,0
BERLIN PHARMACY,JONICO INC,413 BROADWAY STREET, ,BERLIN,PA,SOMERSET,15530,814-267-4013,-78.961189000000005,39.921994599999998,0
SOMERSET DRUG,SOMERSET DRUG CO. INC.,168 WEST MAIN STREET, ,SOMERSET,PA,SOMERSET,15501,814-445-6511,-79.080530999999993,40.008642299999998,0
CVS - 4159,REVCO DISCOUNT DRUG CENTERS INC,188 FLOWING SPRINGS ROAD, ,CHARLES TOWN,WV,JEFFERSON,25414,304-725-9707,-77.842327999999995,39.297618600000000,0
JEFFERSON PHARMACY,JEFFERSON PHARMACY INC,201 SOUTH PRESTON STREET, ,RANSON,WV,JEFFERSON,25438,304-725-6533,-77.858233999999996,39.296739000000002,0
RITE AID - 2289,RITE AID OF WEST VIRGINIA INC,8 GAYLE DRIVE, ,BERKELEY SPRINGS,WV,MORGAN,25411,304-258-4955,-78.237872999999993,39.607674799999998,0
WAL-MART SUPERCENTER - 2474,WAL-MART STORES EAST LP,UNITED STATES HIGHWAY 220, ,KEYSER,WV,MINERAL,26726,304-788-8170,-79.011489999999995,39.401390999999997,1
WARDENSVILLE HEALTH MART PHARMACY,WARDENSVILLE PHARMACY LLC,333 EAST MAIN STREET, ,WARDENSVILLE,WV,HARDY,26851,304-874-3687,-78.591686999999993,39.080170600000002,0
RITE AID - 3606,RITE AID OF WEST VIRGINIA INC,609 WINCHESTER AVENUE,MARTINSBURG PLAZA,MARTINSBURG,WV,BERKELEY,25401,304-267-2955,-77.976254999999995,39.453156100000001,0
KMART,K MART CORP,1287 WINCHESTER AVENUE, ,MARTINSBURG,WV,BERKELEY,25405,304-264-9008,-77.979989000000003,39.439357500000000,0
WEIS,WEIS MARKETS INC,1102 NORTH QUEEN STREET, ,MARTINSBURG,WV,BERKELEY,25404,304-260-9185,-77.956716000000000,39.469919599999997,0
CVS - 1308,WEST VIRGINIA CVS PHARMACY LLC,46 MIDDLEWAY PIKE, ,INWOOD,WV,BERKELEY,25428,304-229-4318,-78.039218000000005,39.357126299999997,1
REED'S PHARMACY - 2,RPHV LLC,71 COWARDLY LION DRIVE,UNIT A,HEDGESVILLE,WV,BERKELEY,25427,304-754-5800,-77.988123000000002,39.542744300000003,0
MOORE'S PHARMACY,MED FAST PHARMACY LLC,1311 OLD COURTHOUSE SQUARE, ,MARTINSBURG,WV,BERKELEY,25404,304-264-0300,-77.957046000000005,39.478096299999997,0
EVERETT PHARMACY,MAIN STREET DRUG STORE INC,108 EAST MAIN STREET, ,EVERETT,PA,BEDFORD,15537,814-652-5532,-78.371941000000007,40.011421700000000,0
POTOMAC VALLEY PHARMACY - 2,"POTOMAC VALLEY PHARMACY, INC.",138 WASHINGTON STREET, ,HYNDMAN,PA,BEDFORD,15545,814-842-3201,-78.719927999999996,39.820172800000002,0
WAL-MART - 1684,WAL-MART STORES EAST LP,72 BEDFORD SQUARE, ,EVERETT,PA,BEDFORD,15537,814-623-1995,-78.447035999999997,40.023121600000003,1
CVS - 5720,WHITE CROSS STORES INC NO 14,110 SOUTH PLEASANT AVENUE, ,SOMERSET,PA,SOMERSET,15501,814-443-1634,-79.074807000000007,40.007899700000003,0
WAL-MART SUPERCENTER - 1765,WAL-MART STORES EAST LP,2028 NORTH CENTER AVENUE, ,SOMERSET,PA,SOMERSET,15501,814-443-6963,-79.070594999999997,40.052246300000000,1
GIANT EAGLE,GIANT EAGLE INC,1606 NORTH CENTER AVENUE, ,SOMERSET,PA,SOMERSET,15501,814-443-0544,-79.073085000000006,40.036520000000003,1
WEIS MARKETS,WEIS MARKETS INC,217 OAK LEE DRIVE,SUITE 15,RANSON,WV,JEFFERSON,25438,304-728-9041,-77.848374000000007,39.322075499999997,0
CVS - 1425,CVS OF WEST VIRGINIA INC,130 AUGUSTINE AVENUE, ,CHARLES TOWN,WV,JEFFERSON,25414,304-725-9313,-77.864046000000002,39.285305200000003,1
CVS - 5961,REVCO DISCOUNT DRUG CENTERS INC,UNITED STATES ROUTE 50 EAST,HAMPSHIRE SQUARE SHOPPING PLAZA,ROMNEY,WV,HAMPSHIRE,26757,304-822-8806,-78.702918999999994,39.330354100000001,0
REEDS PHARMACY - 4,RPSM LLC,5078 WILLIAMSPORT PIKE, ,MARTINSBURG,WV,BERKELEY,25404,304-274-6655,-77.908288999999996,39.537436700000001,0
MCLAUGHLINS DRUG STORE,MODNUR INC.,182 BUCHANAN TRAIL WEST,PENNVILLAGE SHOPPING CENTER SUITE 150,MC CONNELLSBURG,PA,FULTON,17233,717-485-3724,-77.988929999999996,39.927691799999998,0
RITE AID - 2675,RITE AID OF WEST VIRGINIA INC,UNITED STATES HIGHWAY 220, ,KEYSER,WV,MINERAL,26726,304-788-5931,-78.990329000000003,39.428042300000001,0
SAVALOT PHARMACY,SAVALOT PHCY OF FT ASHBY INC,10 WASHINGTON STREET, ,FORT ASHBY,WV,MINERAL,26719,304-298-3639,-78.767686999999995,39.503067199999997,0
CVS - 1429,CVS OF WEST VIRGINIA INC,1200 EDWIN MILLER BOULEVARD, ,MARTINSBURG,WV,BERKELEY,25404,304-263-4951,-77.958618999999999,39.475785500000001,1
SOUTH BERKELEY PHARMACY,JSB ENTERPRISES INC,5054 GERRARDSTOWN ROAD, ,INWOOD,WV,BERKELEY,25428,304-229-2400,-78.039968000000002,39.361115300000002,0
RITE AID - 1429,RITE AID OF PENNSYLVANIA INC,211 EAST MAIN STREET, ,EVERETT,PA,BEDFORD,15537,814-652-2052,-78.370063000000002,40.012388700000002,0
ICKES DRUG STORE,ICKES DRUG STORE,122 SOUTH JULIANA STREET, ,BEDFORD,PA,BEDFORD,15522,814-623-5615,-78.504045000000005,40.018302800000001,0
GIANT EAGLE,GIANT EAGLE INC,510 EAST PITT STREET, ,BEDFORD,PA,BEDFORD,15522,814-623-1188,-78.495346999999995,40.018964500000003,1
FISHER'S PHARMACY,WEISSANG INC,106 EAST PITT STREET, ,BEDFORD,PA,BEDFORD,15522,814-623-5512,-78.503371999999999,40.018833000000001,0
GIANT EAGLE,GIANT EAGLE INC,4192 GLADES PIKE, ,SOMERSET,PA,SOMERSET,15501,814-443-3152,-79.107954000000007,40.011587400000003,1
WAL-MART SUPERCENTER - 2566,WAL-MART STORES EAST LP,96 PATRICK HENRY WAY, ,CHARLES TOWN,WV,JEFFERSON,25414,304-728-2190,-77.827385000000007,39.300333600000002,1
RITE AID - 3395,RITE AID OF WEST VIRGINIA INC,50 SOUTH MAIN STREET, ,PETERSBURG,WV,GRANT,26847,304-257-2072,-79.123863000000000,38.989610700000000,0
RITE AID - 921,RITE AID OF WEST VIRGINIA INC,150 WEST MAIN STREET, ,ROMNEY,WV,HAMPSHIRE,26757,304-822-3313,-78.758472999999995,39.342156600000003,0
REEDS DRUG STORE HEALTH MART PHARMACY - 2,REEDS DRUG STORE LLC,UNITED STATES ROUTE 50 EAST, ,ROMNEY,WV,HAMPSHIRE,26757,304-822-1000,-78.710455999999994,39.330776600000000,0
EA HAWSE HEALTH CENTER,"E.A. HAWSE HEALTH CENTER, INC",17978 OLD STATE HIGHWAY 55, ,BAKER,WV,HARDY,26801,304-897-8220,-78.736358999999993,39.048011199999998,0
JUDYS DRUG STORE INC,JUDYS DRUG STORE INC,24 N MAIN ST, ,PETERSBURG,WV,GRANT,26847,304-257-1044,-79.123885999999999,38.994684700000001,0
KEYSER CVS LLC,KEYSER CVS LLC,45 S MINERAL ST, ,KEYSER,WV,MINERAL,26726,304-788-9774,-78.977754000000004,39.439474500000003,1
REEDS DRUG STORE LLC,REEDS DRUG STORE LLC,43 N MAIN ST, ,KEYSER,WV,MINERAL,26726,304-788-1643,-78.975617000000000,39.439773400000000,0
JUDYS DRUG STORE 2 LLC,JUDYS DRUG STORE 2 LLC,414 S MAIN ST, ,MOOREFIELD,WV,HARDY,26836,304-530-1044,-78.973866999999998,39.052692499999999,0
KEYSER MED I SAVE PHARMACY INC,KEYSER MED I SAVE PHARMACY INC,433 SOUTH MINERAL STREET, ,KEYSER,WV,MINERAL,26726,304-788-7920,-78.983830999999995,39.433778099999998,0
RITE AID - 10916,THRIFT DRUG INC,517 BEAVER STREET, ,SEWICKLEY,PA,ALLEGHENY,15143,412-741-9250,-80.179603999999998,40.540087700000001,0
CVS - 2447,LIBRARY ROAD CVS INC,5190 LIBRARY ROAD, ,BETHEL PARK,PA,ALLEGHENY,15102,412-833-6029,-80.024619999999999,40.334024399999997,1
RITE AID - 10905,THRIFT DRUG INC,1701 DUNCAN AVENUE, ,ALLISON PARK,PA,ALLEGHENY,15101,412-364-0588,-79.998935000000003,40.567391200000003,0
RITE AID - 10892,THRIFT DRUG INC,417 CHARTIERS STREET, ,BRIDGEVILLE,PA,ALLEGHENY,15017,412-221-8184,-80.113282999999996,40.355839699999997,0
FRANCK'S AVALON COMMUNITY PHARMACY,FRANCK'S AVALON COMMUNITY PHCY,550 CALIFORNIA AVENUE, ,AVALON,PA,ALLEGHENY,15202,412-761-5625,-80.069449000000006,40.501767500000000,0
SHOP'N SAVE,"FAYETTE FOODS, LLC",3239 WASHINGTON PIKE, ,BRIDGEVILLE,PA,ALLEGHENY,15017,412-914-0830,-80.118450999999993,40.340966700000003,0
WAL-MART - 5040,WAL-MART STORES EAST LP,2200 WASHINGTON PIKE, ,CARNEGIE,PA,ALLEGHENY,15106,412-429-1649,-80.096158000000003,40.386850799999998,1
SPARTAN PHARMACY,SPARTAN PHARMACY INC,414 MCMURRAY ROAD, ,BETHEL PARK,PA,ALLEGHENY,15102,412-831-1333,-80.066789000000000,40.312940800000000,0
CVS - 5103,CVS BDI INC,1721 UNION AVENUE, ,NATRONA HEIGHTS,PA,ALLEGHENY,15065,724-224-7772,-79.724350000000001,40.622805600000000,1
AYRES DRUG STORE,CHARLES F TRAEGER,3000 WALNUT STREET, ,MCKEESPORT,PA,ALLEGHENY,15132,412-672-3000,-79.844676000000007,40.331373300000003,0
THE MEDICINE SHOPPE PHARMACY,ASHLEX INC,1770 PINE HOLLOW ROAD, ,MC KEES ROCKS,PA,ALLEGHENY,15136,412-331-7080,-80.100818000000004,40.476589400000002,0
THE MEDICINE SHOPPE PHARMACY,CLG HEALTH CARE INC,514 WASHINGTON ROAD, ,MOUNT LEBANON,PA,ALLEGHENY,15228,412-344-3411,-80.044061999999997,40.383926299999999,0
RITE AID - 3571,RITE AID OF PENNSYLVANIA INC,103 WEST ALLEGHENY ROAD, ,IMPERIAL,PA,ALLEGHENY,15126,724-695-7317,-80.239216999999996,40.442652799999998,0
RITE AID - 4419,RITE AID OF PENNSYLVANIA INC,1529 FREEPORT ROAD, ,NATRONA HEIGHTS,PA,ALLEGHENY,15065,724-226-4725,-79.729307000000006,40.621040499999999,0
RITE AID - 10909,THRIFT DRUG INC,1710 MOUNT ROYAL BOULEVARD, ,GLENSHAW,PA,ALLEGHENY,15116,412-487-8767,-79.961946999999995,40.525830200000001,0
THE MEDICINE SHOPPE PHARMACY,CREVAR INC,645 MILLER AVENUE, ,CLAIRTON,PA,ALLEGHENY,15025,412-233-3303,-79.884039000000001,40.291326300000001,0
THE MEDICINE SHOPPE PHARMACY,ADVANCED PHARMACY INC,20 BAILEY AVENUE, ,MOUNT WASHINGTON,PA,ALLEGHENY,15211,412-481-2400,-80.004574000000005,40.426791799999997,0
THE MEDICINE SHOPPE PHARMACY,WESSEL AND ASSOCIATES INC,725 WEST INGOMAR ROAD, ,PITTSBURGH,PA,ALLEGHENY,15237,412-367-5778,-80.055018000000004,40.581349299999999,0
RITE AID - 10911,THRIFT DRUG INC,2001 LINCOLN WAY, ,WHITE OAK,PA,ALLEGHENY,15131,412-678-2755,-79.805266000000003,40.336907900000000,0
RITE AID - 10917,THRIFT DRUG INC,4011 WILLIAM PENN HIGHWAY, ,MONROEVILLE,PA,ALLEGHENY,15146,412-372-5288,-79.767757000000003,40.439194399999998,0
RITE AID - 1769,RITE AID OF PENNSYLVANIA INC,1615 LINCOLN WAY, ,WHITE OAK,PA,ALLEGHENY,15131,412-672-5576,-79.816265000000001,40.347742699999998,0
WALGREENS - 9043,WALGREEN CO,1701 WILLIAM FLYNN HIGHWAY, ,GLENSHAW,PA,ALLEGHENY,15116,412-492-7902,-79.963403000000000,40.538715099999997,1
WALGREENS - 9187,WALGREEN CO,1741 WASHINGTON ROAD, ,PITTSBURGH,PA,ALLEGHENY,15241,412-835-3549,-80.054070999999993,40.346775100000002,1
GIANT EAGLE,GIANT EAGLE INC,1701 LINCOLN HIGHWAY, ,NORTH VERSAILLES,PA,ALLEGHENY,15137,412-824-3221,-79.784969000000004,40.371125700000000,1
RITE AID - 4965,RITE AID OF PENNSYLVANIA INC,201 GRACE STREET, ,PITTSBURGH,PA,ALLEGHENY,15211,412-381-1464,-80.009968999999998,40.430554899999997,0
RITE AID - 3404,RITE AID OF PENNSYLVANIA INC,4934 2ND AVENUE, ,PITTSBURGH,PA,ALLEGHENY,15207,412-421-6948,-79.944132999999994,40.408969399999997,0
RITE AID - 1944,RITE AID OF PENNSYLVANIA INC,900 MOUNT ROYAL BOULEVARD, ,PITTSBURGH,PA,ALLEGHENY,15223,412-487-5706,-79.958693999999994,40.515694199999999,0
CVS - 2333,CLAIRTON BOULEVARD CVS INC,5242 CLAIRTON BOULEVARD, ,PITTSBURGH,PA,ALLEGHENY,15236,412-885-5860,-79.970554000000007,40.343158199999998,1
TARGET,TARGET CORPORATION AND SUBSIDIARIES,4801 MCKNIGHT ROAD,SUITE 60,PITTSBURGH,PA,ALLEGHENY,15237,412-536-1808,-80.007996000000006,40.526160300000001,1
CVS - 2348,FORBES AVENUE CVS INC,3440 FORBES AVENUE, ,PITTSBURGH,PA,ALLEGHENY,15213,412-687-4181,-79.959655999999995,40.439227000000002,1
RITE AID - 272,RITE AID OF PENNSYLVANIA INC,209 ATWOOD STREET, ,PITTSBURGH,PA,ALLEGHENY,15213,412-621-4302,-79.957031999999998,40.440910199999998,0
THE MEDICINE SHOPPE PHARMACY,JOSEPH DI MATTEO INC,12238 FRANKSTOWN ROAD, ,PENN HILLS,PA,ALLEGHENY,15235,412-798-9800,-79.819016000000005,40.472099999999998,0
CVS - 3189,WHITE CROSS STORES INC NO 14,500 BROOKLINE BOULEVARD, ,PITTSBURGH,PA,ALLEGHENY,15226,412-531-2190,-80.023565000000005,40.395641200000000,0
TARGET,TARGET CORPORATION AND SUBSIDIARIES,2661 FREEPORT ROAD, ,PITTSBURGH,PA,ALLEGHENY,15238,412-820-6781,-79.836493000000004,40.538353499999999,1
MED-FAST PHARMACY,MEDFAST PHARMACY,1886 HOMEVILLE ROAD, ,WEST MIFFLIN,PA,ALLEGHENY,15122,412-346-0220,-79.873373999999998,40.365286599999997,0
MEDICINE STOP,MICHAEL J ASHMORE INC,915 MOUNT ROYAL BOULEVARD, ,PITTSBURGH,PA,ALLEGHENY,15223,412-486-5200,-79.959500000000006,40.516456800000000,0
RITE AID - 10935,THRIFT DRUG INC,331 PENN AVENUE, ,WILKINSBURG,PA,ALLEGHENY,15221,412-731-9822,-79.889546999999993,40.445867399999997,0
RITE AID - 10924,THRIFT DRUG INC,5633 BAUM BOULEVARD, ,PITTSBURGH,PA,ALLEGHENY,15206,412-441-6991,-79.934439999999995,40.458592699999997,0
RITE AID - 10936,THRIFT DRUG INC,519 PENN AVENUE, ,PITTSBURGH,PA,ALLEGHENY,15222,412-391-0969,-80.003484999999998,40.442755499999997,0
RITE AID - 10938,THRIFT DRUG INC,880 BUTLER STREET, ,PITTSBURGH,PA,ALLEGHENY,15223,412-782-2466,-79.944370000000006,40.511522900000003,0
RITE AID - 10956,THRIFT DRUG INC,1121 BOWER HILL ROAD, ,PITTSBURGH,PA,ALLEGHENY,15243,412-923-1550,-80.069243000000000,40.375044600000003,0
CVS - 7612,WHITE CROSS STORES INC NO 14,237 MONROEVILLE AVENUE, ,TURTLE CREEK,PA,ALLEGHENY,15145,412-824-5137,-79.823171000000002,40.406284800000002,0
RITE AID - 7825,RITE AID OF PENNSYLVANIA INC,201 DEVINE DRIVE, ,WEXFORD,PA,ALLEGHENY,15090,724-935-1880,-80.091133999999997,40.617322500000000,0
PENN TAFT PHARMACY,PENN TAFT PHARMACY,1815 PENNSYLVANIA AVENUE, ,WEST MIFFLIN,PA,ALLEGHENY,15122,412-466-0100,-79.862223999999998,40.361796200000001,0
RITE AID - 10922,THRIFT DRUG INC,200 CRAFTON INGRAM SHOPPING CENTER, ,PITTSBURGH,PA,ALLEGHENY,15205,412-921-5755,-80.070088999999996,40.442019199999997,0
RITE AID - 10945,THRIFT DRUG INC,3434 WILLIAM PENN HIGHWAY, ,PITTSBURGH,PA,ALLEGHENY,15235,412-824-8860,-79.812447000000006,40.429117400000003,0
RITE AID - 10902,THRIFT DRUG INC,411 CORBET STREET, ,TARENTUM,PA,ALLEGHENY,15084,724-224-1111,-79.752408000000003,40.602446800000003,0
RITE AID - 4682,RITE AID OF PENNSYLVANIA INC,100 WILLIAM MARKS WAY, ,MUNHALL,PA,ALLEGHENY,15120,412-461-4699,-79.902574999999999,40.409629799999998,0
GIANT EAGLE,GIANT EAGLE INC,6320 SHAKESPEARE STREET, ,PITTSBURGH,PA,ALLEGHENY,15206,412-361-5248,-79.920693999999997,40.458692100000000,1
CVS - 4029,"PENNSYLVANIA CVS PHARMACY, L.L.C.",1181 FREEDOM ROAD, ,CRANBERRY TOWNSHIP,PA,BUTLER,16066,724-742-1888,-80.124364999999997,40.682588400000000,1
RITE AID - 10893,THRIFT DRUG INC,1200 PITTSBURGH STREET, ,CHESWICK,PA,ALLEGHENY,15024,724-274-7111,-79.803736999999998,40.540597200000001,0
WALGREENS - 9020,WALGREEN CO.,600 ADAMS SHOPPES, ,MARS,PA,BUTLER,16046,724-742-1701,-80.054693999999998,40.688384499999998,1
GIANT EAGLE,GIANT EAGLE INC,4250 MURRAY AVENUE, ,PITTSBURGH,PA,ALLEGHENY,15217,412-421-1340,-79.929598999999996,40.422418200000003,1
RITE AID - 10997,THRIFT DRUG INC,217 MARKET STREET, ,KITTANNING,PA,ARMSTRONG,16201,724-543-1500,-79.519431999999995,40.814636499999999,0
GIANT EAGLE,GIANT EAGLE INC,5260 GROVE ROAD, ,PITTSBURGH,PA,ALLEGHENY,15236,412-881-4602,-80.002232000000006,40.357394300000003,1
JEFFREYS DRUGSTORE,JEFFREYS DRUG STORE,66 WEST PIKE STREET, ,CANONSBURG,PA,WASHINGTON,15317,724-745-6480,-80.188238999999996,40.258665800000003,0
GIANT EAGLE,GIANT EAGLE INC,318-320 CEDAR AVENUE, ,PITTSBURGH,PA,ALLEGHENY,15212,412-321-3553,-79.999654000000007,40.451489000000002,1
GIANT EAGLE,GIANT EAGLE INC,9901 MOUNTAIN VIEW DRIVE, ,WEST MIFFLIN,PA,ALLEGHENY,15122,412-655-7333,-79.949706000000006,40.339637300000000,1
CVS - 2449,PERRY HIGHWAY CVS INC,11240 PERRY HIGHWAY, ,WEXFORD,PA,ALLEGHENY,15090,724-935-7890,-80.053843999999998,40.621328099999999,1
WAL-MART SUPERCENTER - 2281,WAL-MART STORES EAST LP,2351 CENTURY DRIVE, ,WEST MIFFLIN,PA,ALLEGHENY,15122,412-655-3909,-79.946419000000006,40.341791000000001,1
GIANT EAGLE,GIANT EAGLE INC,600 TOWNE SQUARE WAY, ,PITTSBURGH,PA,ALLEGHENY,15227,412-881-5120,-79.983306999999996,40.365601300000002,1
COORDINATED CARE NETWORK,CCN AMERICA LP,300 PENN CENTER BOULEVARD,SUITE 505,PITTSBURGH,PA,ALLEGHENY,15235,412-349-6300,-79.812421000000001,40.428004299999998,0
GIANT EAGLE,GIANT EAGLE INC,1901 MURRAY AVENUE, ,PITTSBURGH,PA,ALLEGHENY,15217,412-421-2903,-79.922516999999999,40.435696999999998,1
PHARMERICA,FAMILY CENTER PHARMACY LLC,4000 HEMPFIELD PLAZA BOULEVARD,SUITE 966,GREENSBURG,PA,WESTMORELAND,15601,724-836-8412,-79.582436999999999,40.310903300000000,0
CHICORA DRUG,KIRK B EDWARDS,100 WEST SLIPPERY ROCK STREET, ,CHICORA,PA,BUTLER,16025,724-445-2210,-79.743575000000007,40.948153300000001,0
RITE AID - 754,RITE AID OF PENNSYLVANIA INC,118 SOUTH MAIN STREET, ,BUTLER,PA,BUTLER,16001,724-287-6751,-79.895543000000004,40.860551600000001,0
QUALITY PHARMACY,QUALITY PHARMACY,164 MEDICAL CENTER ROAD, ,CHICORA,PA,BUTLER,16025,724-445-3027,-79.749205000000003,40.939062499999999,0
THE MEDICINE SHOPPE PHARMACY,SHADY MED INC,5020 CENTRE AVENUE, ,PITTSBURGH,PA,ALLEGHENY,15213,412-586-5410,-79.943554000000006,40.454190199999999,0
RITE AID - 1698,RITE AID OF PENNSYLVANIA INC,221 GROVE CITY ROAD, ,SLIPPERY ROCK,PA,BUTLER,16057,724-794-6365,-80.052464999999998,41.070740499999999,0
WALGREENS - 10894,WALGREEN CO,280 NEW CASTLE ROAD, ,BUTLER,PA,BUTLER,16001,724-282-9414,-79.939432999999994,40.873334800000002,1
GIANT EAGLE,GIANT EAGLE INC,700 MORAINE POINTE PLAZA, ,BUTLER,PA,BUTLER,16001,724-283-3779,-79.949630999999997,40.874942300000001,1
CVS - 4055,WHITE CROSS STORES INC NO 14,2719 BRODHEAD ROAD, ,ALIQUIPPA,PA,BEAVER,15001,724-378-4411,-80.283582999999993,40.608203600000003,0
WAL-MART SUPERCENTER - 3838,WAL-MART STORES EAST LP,2010 VILLAGE CENTER DRIVE, ,TARENTUM,PA,ALLEGHENY,15084,724-274-0272,-79.804091999999997,40.564075899999999,1
KMART,K MART CORP,300 PULLMAN SQUARE, ,BUTLER,PA,BUTLER,16001,724-282-2435,-79.908147000000000,40.856838600000003,0
GIANT EAGLE,GIANT EAGLE INC,1521 NORTH MAIN STREET EXTENSION, ,BUTLER,PA,BUTLER,16001,724-282-9160,-79.904731999999996,40.899625999999998,1
CVS - 258,"PENNSYLVANIA CVS PHARMACY, L.L.C.",5703 STEUBENVILLE PIKE, ,MC KEES ROCKS,PA,ALLEGHENY,15136,412-788-4676,-80.134157000000002,40.451408800000003,1
THE MEDICINE SHOPPE PHARMACY,GLENN N COOK AND ASSOCIATES INC,997 PERRY HIGHWAY, ,PITTSBURGH,PA,ALLEGHENY,15237,412-366-5337,-80.036584000000005,40.538795600000000,0
LEECHBURG HEALTH MART PHARMACY / LEECHBURG PHARMACY LONG TERM CARE,"HEIGHTS PRESCRIPTION PHARMACY, INC",165 MARKET STREET, ,LEECHBURG,PA,ARMSTRONG,15656,724-842-1771,-79.605650999999995,40.626864300000001,0
RITE AID - 10972,THRIFT DRUG INC,1008 LATROBE THIRTY PLAZA, ,LATROBE,PA,WESTMORELAND,15650,724-539-3353,-79.383681999999993,40.287100700000003,0
KLINGENSMITH'S,"KLINGENSMITH'S DRUG STORES, INC",313 FORD STREET, ,FORD CITY,PA,ARMSTRONG,16226,724-763-1201,-79.531675000000007,40.770951900000000,0
TIONESTA HEALTH MART PHARMACY,JOHN R SLAGLE,340 TIONESTA PLAZA, ,TIONESTA,PA,FOREST,16353,814-755-3557,-79.458785000000006,41.494920000000000,0
RITE AID - 10953,THRIFT DRUG INC,1130 PERRY HIGHWAY,SUITE 35,PITTSBURGH,PA,ALLEGHENY,15237,412-369-4267,-80.035454999999999,40.547854299999997,0
CVS - 4039,WHITE CROSS STORES INC NO 14,300 8TH STREET, ,AMBRIDGE,PA,BEAVER,15003,724-266-9194,-80.228206000000000,40.588827000000002,0
GIANT EAGLE MARKET DISTRICT,GIANT EAGLE INC,100 SETTLERS RIDGE CENTER DRIVE, ,PITTSBURGH,PA,ALLEGHENY,15205,412-490-5160,-80.151176000000007,40.441772800000003,1
CVS - 4232,WHITE CROSS STORES INC NO 14,850 PENNSYLVANIA AVENUE, ,MONACA,PA,BEAVER,15061,724-728-4238,-80.281796999999997,40.691165200000000,0
KLINGENSMITH'S,KLINGENSMITHS DRUG STORES INC,200 MARKET STREET, ,KITTANNING,PA,ARMSTRONG,16201,724-543-3400,-79.519411000000005,40.814059200000003,0
MCDONALD PHARMACY,LHEUREAU INC,303 WEST BARR STREET, ,MC DONALD,PA,WASHINGTON,15057,724-926-2117,-80.236936999999998,40.366800400000002,0
WAL-MART - 1820,WAL-MART STORES EAST LP,1 HILLTOP PLAZA, ,KITTANNING,PA,ARMSTRONG,16201,724-543-2041,-79.542111000000006,40.814692399999998,1
WALGREENS - 9802,WALGREEN CO,827 MAGILL DRIVE, ,NORTH HUNTINGDON,PA,WESTMORELAND,15642,724-861-7201,-79.690464000000006,40.319114399999997,1
RITE AID - 2277,RITE AID OF PENNSYLVANIA INC,1799 THIRD STREET, ,BEAVER,PA,BEAVER,15009,724-774-2210,-80.320499999999996,40.688076100000004,0
WALGREENS - 10549,WALGREEN CO,2801 SHARKYS DRIVE, ,LATROBE,PA,WESTMORELAND,15650,724-539-8467,-79.389572999999999,40.285634100000003,1
BEAVER HEALTH MART PHARMACY,HMD INC,457 3RD STREET, ,BEAVER,PA,BEAVER,15009,724-774-0919,-80.302408999999997,40.695981500000002,0
THE MEDICINE SHOPPE PHARMACY,GAMS INC,2665 BRODHEAD ROAD, ,ALIQUIPPA,PA,BEAVER,15001,724-375-5561,-80.281492000000000,40.605001600000001,0
CENTRAL PHARMACY,CENTRAL PHARMACY INC,108 SIMPSON HOWELL ROAD, ,ELIZABETH,PA,ALLEGHENY,15037,412-751-6100,-79.837335999999993,40.271823800000000,0
EXPRESS MED PHARMACEUTICALS,"EXPRESS MED PHARMACEUTICALS, INC.",3950 BRODHEAD ROAD,SUITE 100,MONACA,PA,BEAVER,15061,724-775-8688,-80.299555999999995,40.680985700000001,0
MED-FAST PHARMACY,MEDFAST PHARMACY,825 BEAVER GRADE ROAD,KUHN'S MARKET,CORAOPOLIS,PA,ALLEGHENY,15108,412-262-7979,-80.216280999999995,40.516437199999999,0
WALGREENS - 10520,WALGREEN CO.,3727 PEACH STREET, ,ERIE,PA,ERIE,16508,814-864-0292,-80.081097999999997,42.097428000000001,1
TOPS - 602,"TOPS MARKETS, LLC",1520 WEST 26TH STREET, ,ERIE,PA,ERIE,16508,814-455-9500,-80.104785000000007,42.101068599999998,0
HOFFMAN'S DRUG STORE,"HOFFMAN'S DRUG STORE,INC.",536 FRANKLIN AVENUE, ,ALIQUIPPA,PA,BEAVER,15001,724-375-4111,-80.249256000000003,40.615203600000001,0
RITE AID - 213,RITE AID OF PENNSYLVANIA INC,2715 PARADE STREET, ,ERIE,PA,ERIE,16504,814-454-5148,-80.063912000000002,42.114185200000001,0
RITE AID - 11010,THRIFT DRUG INC,4145 BUFFALO ROAD, ,ERIE,PA,ERIE,16510,814-899-6924,-80.006193999999994,42.144009199999999,0
RITE AID - 10888,THRIFT DRUG INC,2302 SHEFFIELD ROAD, ,ALIQUIPPA,PA,BEAVER,15001,724-375-5558,-80.281541000000004,40.606919900000001,0
RITE AID - 11008,THRIFT DRUG INC,353 EAST SIXTH STREET, ,ERIE,PA,ERIE,16507,814-455-2910,-80.076779999999999,42.131813000000001,0
RITE AID - 11009,THRIFT DRUG INC,5430 PEACH STREET, ,ERIE,PA,ERIE,16509,814-868-4624,-80.094097000000005,42.074953800000003,0
UNION CITY PHARMACY,"BONTRAL, INC.",16395 STATE ROUTE 8, ,UNION CITY,PA,ERIE,16438,814-438-7570,-79.845800999999994,41.888314100000002,0
GIANT EAGLE,GIANT EAGLE INC,111 WEST MADISON STREET, ,ROCHESTER,PA,BEAVER,15074,724-775-1820,-80.288379000000006,40.701494699999998,1
GIANT EAGLE,GIANT EAGLE INC,289 STATE ROUTE 288, ,ELLWOOD CITY,PA,BEAVER,16117,724-752-2101,-80.258332999999993,40.847787099999998,1
TOPS - 665,PENN TRAFFIC CO,712 WEST 38TH STREET,LIBERTY PLAZA,ERIE,PA,ERIE,16508,814-864-0653,-80.084323999999995,42.097239600000002,0
COLLEGE HILL PHARMACY,COLLEGE HILL PHARMACY,3211 4TH AVENUE, ,BEAVER FALLS,PA,BEAVER,15010,724-846-1784,-80.324050000000000,40.773062899999999,0
GIANT EAGLE,TAMARKIN COMPANY,4500 BUFFALO ROAD, ,ERIE,PA,ERIE,16510,814-899-6063,-80.000266999999994,42.149067600000002,1
THE MEDICAP PHARMACY,EAST LAKE PHARMACY INC,1896 EAST LAKE ROAD, ,ERIE,PA,ERIE,16511,814-456-4108,-80.043760000000006,42.145536399999997,0
GIANT EAGLE,TAMARKIN COMPANY,2877 WEST 26TH STREET, ,ERIE,PA,ERIE,16506,814-833-2939,-80.137602000000001,42.086229600000003,1
HERITAGE VALLEY PHARMACY BEAVER CAMPUS,HERITAGE VALLEY PHARMACY BEAVER CAMPUS,1000 DUTCH RIDGE ROAD,2ND FLOOR,BEAVER,PA,BEAVER,15009,724-773-7777,-80.322113000000002,40.712196599999999,0
HOMETOWN APOTHECARY DRUGS,HOMETOWN APOTHECARY DRUGS INC.,807 3RD AVENUE, ,NEW BRIGHTON,PA,BEAVER,15066,724-891-7383,-80.313894000000005,40.735090399999997,0
SAM'S CLUB - 6678,SAMS EAST INC,289 MOUNT NEBO POINTE DRIVE, ,PITTSBURGH,PA,ALLEGHENY,15237,412-364-6815,-80.067899999999995,40.534200300000002,0
WEGMANS,"WEGMANS FOOD MARKETS, INC",6143 PEACH STREET, ,ERIE,PA,ERIE,16509,814-866-6580,-80.091645999999997,42.060431999999999,0
WEGMANS,"WEGMANS FOOD MARKETS, INC",5028 WEST RIDGE ROAD, ,ERIE,PA,ERIE,16506,814-835-1910,-80.190832999999998,42.070097300000000,0
FRONTIER PHARMACY,FRONTIER PHARMACY INC,1216 WEST 6TH STREET, ,ERIE,PA,ERIE,16507,814-452-2347,-80.111607000000006,42.120092900000003,0
BAYSIDE PHARMACY,BAYSIDE PHARMACY AND PHYSICIAN SUPPLY,300 STATE STREET,SUITE 102,ERIE,PA,ERIE,16507,814-877-6764,-80.087176999999997,42.131829500000002,0
THE REGIONAL CANCER CENTER,THE REGIONAL CANCER CENTER,2500 WEST 12TH STREET, ,ERIE,PA,ERIE,16505,814-838-0475,-80.137146999999999,42.103686699999997,0
WALGREENS - 9675,WALGREEN CO,6201 SALTSBURG ROAD, ,PITTSBURGH,PA,ALLEGHENY,15235,412-793-7328,-79.816597999999999,40.485318800000002,1
RX PARTNERS LONG TERM CARE,RX PARTNERS LTC LLC,500 OLD POND ROAD,SUITE 406,BRIDGEVILLE,PA,ALLEGHENY,15017,412-257-1263,-80.120063000000002,40.353169399999999,0
CENTURY SQUARE PHARMACY,LIBRARY PHARMACY INC,2381 MOUNTAIN VIEW DRIVE, ,WEST MIFFLIN,PA,ALLEGHENY,15122,412-655-1919,-79.946741000000003,40.344592900000002,0
WATERFORD PHARMACY,JOHN R SLAGLE,216 HIGH STREET, ,WATERFORD,PA,ERIE,16441,814-796-6655,-79.984172999999998,41.941760000000002,0
STANTON NEGLEY DRUG COMPANY,STANTON NEGLEY DRUG CO,804 NORTH NEGLEY AVENUE, ,PITTSBURGH,PA,ALLEGHENY,15206,412-661-3315,-79.926035999999996,40.471679100000003,0
VETERANS AFFAIRS PITTSBURGH HEALTHCARE SYSTEM,PITTSBURGH VAMC,UNIVERSITY DRIVE C, ,PITTSBURGH,PA,ALLEGHENY,15240,412-688-6000,-79.962046000000001,40.447059799999998,0
WAL-MART SUPERCENTER - 1883,WAL-MART STORES EAST LP,STATE ROUTE 18 AND WAL-MART PLAZA, ,MONACA,PA,BEAVER,15061,724-773-0240,-80.301398000000006,40.678679000000002,1
SAXONBURG DRUG,CHARLES TRAINOR CORPORATION,115 PITTSBURGH STREET, ,SAXONBURG,PA,BUTLER,16056,724-352-3000,-79.813837000000007,40.749847899999999,0
BURRELL HEALTH MART PHARMACY,"BURRELL PHARMACY, INC",2885 LEECHBURG ROAD, ,LOWER BURRELL,PA,WESTMORELAND,15068,724-334-1067,-79.724655999999996,40.589915699999999,0
RITE AID - 890,RITE AID OF PENNSYLVANIA INC,328-334 MAIN STREET, ,IRWIN,PA,WESTMORELAND,15642,724-863-3700,-79.711065000000005,40.332188199999997,0
KMART,K MART CORP,451 HYDE PARK ROAD, ,LEECHBURG,PA,WESTMORELAND,15656,724-845-1880,-79.606802999999999,40.606026200000002,0
BURNS DRUG,BURNS DRUG COMPANY,544 WEST MAIN STREET, ,MOUNT PLEASANT,PA,WESTMORELAND,15666,724-547-6300,-79.542918000000000,40.149494300000001,0
GIANT EAGLE,"GIANT EAGLE, INC",4810 OLD WILLIAM PENN HIGHWAY, ,EXPORT,PA,WESTMORELAND,15632,724-327-5493,-79.661857999999995,40.424581000000003,1
RITE AID - 10970,ECKERD CORPORATION,3550 ROUTE 130, ,IRWIN,PA,WESTMORELAND,15642,724-744-7399,-79.677070999999998,40.368043100000001,0
NORWIN PHARMACY,NORTH HUNTINGDON MEDICAL INC,8731 STATE ROUTE 30, ,IRWIN,PA,WESTMORELAND,15642,724-978-0110,-79.687400999999994,40.319010499999997,0
NORTHWEST PHARMACY SOLUTIONS,NORTHWEST PHARMACY SOLUTIONS LLC,740 NORTH MAIN STREET EXTENSION, ,MEADVILLE,PA,CRAWFORD,16335,814-724-3107,-80.135648000000003,41.667262100000002,0
CVS - 5099,CVS BDI INC,392 NORTH STREET, ,MEADVILLE,PA,CRAWFORD,16335,814-333-6370,-80.147639999999996,41.639926299999999,1
CVS - 5096,CVS BDI INC,204 EAST 2ND STREET, ,OIL CITY,PA,VENANGO,16301,814-677-4007,-79.707246999999995,41.428266200000003,1
CVS - 5097,CVS BDI INC,110 EAST CENTRAL AVENUE, ,TITUSVILLE,PA,CRAWFORD,16354,814-827-4631,-79.672758000000002,41.627480700000000,1
RITE AID - 11005,THRIFT DRUG INC,123 ERIE STREET, ,LINESVILLE,PA,CRAWFORD,16424,814-683-5575,-80.422747000000001,41.656413700000002,0
THE MEDICINE SHOPPE PHARMACY,GARY CLERICI,102 EAST ATLANTIC AVENUE, ,FRANKLIN,PA,VENANGO,16323,814-437-9115,-79.830689000000007,41.403746900000002,0
COMMUNITY DRUGS,COMMUNITY DRUGS CO,123 NORTH 13TH STREET, ,FRANKLIN,PA,VENANGO,16323,814-437-4594,-79.832080000000005,41.404064300000002,0
WAL-MART SUPERCENTER - 2597,WAL-MART STORES EAST LP,10 KIMBERLY LANE, ,CRANBERRY,PA,VENANGO,16319,814-676-1813,-79.718057999999999,41.348964600000002,1
LINMAS PHARMACY,LINMAS DRUGS INC,603 MAIN STREET, ,EMLENTON,PA,VENANGO,16373,724-867-2400,-79.710075000000003,41.177026400000003,0
CHARTWELL PENNSYLVANIA,"CHARTWELL PENNSYLVANIA, L.P.",215 BEECHAM DRIVE, ,PITTSBURGH,PA,ALLEGHENY,15205,412-920-7500,-80.103809999999996,40.452022999999997,0
CVS - 4216,WHITE CROSS STORES INC NO 14,1407 BUFFALO ROAD, ,ERIE,PA,ERIE,16503,814-451-0937,-80.044045999999994,42.128044099999997,0
THE MEDICINE SHOPPE PHARMACY,BAY FY INC,501 HARRISON AVENUE, ,JEANNETTE,PA,WESTMORELAND,15644,724-523-3550,-79.605878000000004,40.332257599999998,0
HERITAGE VALLEY MASONIC VILLAGE,"VALLEY MEDICAL FACILITIES, INC.",1000 MASONIC DRIVE,VALLEY CARE MASONIC CENTER,SEWICKLEY,PA,ALLEGHENY,15143,412-741-0104,-80.142927999999998,40.529783000000002,0
CVS - 3168,WHITE CROSS STORES INC NO 14,3800 PINE AVENUE, ,ERIE,PA,ERIE,16504,814-825-1564,-80.049633000000000,42.107959000000001,0
WAL-MART SUPERCENTER - 2300,WAL-MART STORES EAST LP,250 SUMMIT PARK DRIVE, ,PITTSBURGH,PA,ALLEGHENY,15275,412-788-9110,-80.176288000000000,40.447307600000002,1
KEYSTONE PHARMACY,THEODORE J. STOKLOSA,8279 STATE ROUTE 22, ,NEW ALEXANDRIA,PA,WESTMORELAND,15670,724-668-2284,-79.422725000000000,40.397508700000003,0
SCOTTDALE PHARMACY,SCOTTDALE PHARMACY INC,222 PITTSBURGH STREET, ,SCOTTDALE,PA,WESTMORELAND,15683,724-887-6870,-79.589065000000005,40.101734100000002,0
WALGREENS - 10837,WALGREEN CO.,379 NORTH STREET, ,MEADVILLE,PA,CRAWFORD,16335,814-337-0582,-80.147677000000002,41.640569300000003,1
RITE AID - 10914,THRIFT DRUG INC,500 PINE HOLLOW ROAD, ,MC KEES ROCKS,PA,ALLEGHENY,15136,412-771-6366,-80.097581000000005,40.474005699999999,0
RITE AID - 1496,RITE AID OF PENNSYLVANIA INC,508 EAST SECOND STREET, ,OIL CITY,PA,VENANGO,16301,814-677-2215,-79.704891000000003,41.427228800000002,0
RITE AID - 10955,THRIFT DRUG INC,1804 GOLDEN MILE HIGHWAY, ,PITTSBURGH,PA,ALLEGHENY,15239,724-327-4850,-79.713167999999996,40.446586300000000,0
CVS - 7684,WHITE CROSS STORES INC NO 14,1535 WEST 26TH STREET, ,ERIE,PA,ERIE,16508,814-461-1215,-80.105704000000003,42.099684900000000,0
MED-FAST PHARMACY,MEDFAST PHARMACY,2003 SHEFFIELD ROAD, ,ALIQUIPPA,PA,BEAVER,15001,724-375-3336,-80.275616999999997,40.607081800000003,0
CVS - 4089,WHITE CROSS STORES INC NO 14,700 STATE ROUTE 819 SOUTH, ,MOUNT PLEASANT,PA,WESTMORELAND,15666,724-547-4563,-79.547898000000004,40.142710299999997,0
RITE AID - 1398,RITE AID OF PENNSYLVANIA INC,1 EAST HIGH STREET, ,UNION CITY,PA,ERIE,16438,814-438-3112,-79.844994000000000,41.900009300000001,0
COSTCO,COSTCO WHOLESALE CORP,501 WEST WATERFRONT DRIVE, ,WEST HOMESTEAD,PA,ALLEGHENY,15120,412-205-1009,-79.921730999999994,40.402637400000003,0
RITE AID - 1376,RITE AID OF PENNSYLVANIA INC,916 STATE STREET, ,ERIE,PA,ERIE,16501,814-456-0560,-80.083371999999997,42.125869399999999,0
THE MEDICINE SHOPPE PHARMACY,"JOSEPH DIMATTEO, INC.",215 ALLEGHENY AVENUE, ,OAKMONT,PA,ALLEGHENY,15139,412-826-9500,-79.843995000000007,40.514476299999998,0
PLEASANT RIDGE MANOR - WEST,PLEASANT RIDGE MANOR PHARMACY,8300 WEST RIDGE ROAD, ,GIRARD,PA,ERIE,16417,814-474-5521,-80.273803000000001,42.022342199999997,0
GIANT EAGLE,GIANT EAGLE INC,254 YOST BOULEVARD, ,PITTSBURGH,PA,ALLEGHENY,15221,412-271-4445,-79.855534000000006,40.414653800000004,1
PRECISION CARE PHARMACY,PRECISION CARE PHARMACY,1906 DAILEY AVENUE,LINCOLN PLAZA,LATROBE,PA,WESTMORELAND,15650,724-532-2120,-79.372235000000003,40.308900899999998,0
GIANT EAGLE,GIANT EAGLE INC,2650 CONSTITUTION BOULEVARD, ,BEAVER FALLS,PA,BEAVER,15010,724-843-3922,-80.378277999999995,40.776275499999997,1
MED-FAST PHARMACY,MEDFAST PHARMACY,1647 WEST STATE STREET,NORTHERN LIGHTS SHOPPING CENTER,BADEN,PA,BEAVER,15005,724-869-9925,-80.233756999999997,40.656761699999997,0
GIANT EAGLE,GIANT EAGLE INC,1050 MOUNTAIN LAUREL PLAZA, ,LATROBE,PA,WESTMORELAND,15650,724-537-4995,-79.391262999999995,40.282895799999999,1
GIANT EAGLE,GIANT EAGLE INC,155 TOWNE CENTRE DRIVE, ,WEXFORD,PA,ALLEGHENY,15090,724-934-0201,-80.054277999999996,40.632125500000001,1
RITE AID - 10952,THRIFT DRUG INC,9805 MCKNIGHT ROAD, ,PITTSBURGH,PA,ALLEGHENY,15237,412-366-5151,-80.039169000000001,40.584590499999997,0
WAL-MART SUPERCENTER - 5445,WAL-MART STORES EAST LP,2711 ELM STREET, ,ERIE,PA,ERIE,16504,814-459-3653,-80.041165000000007,42.123000300000001,1
GIANT EAGLE,GIANT EAGLE INC,51 WALSH ROAD, ,PITTSBURGH,PA,ALLEGHENY,15205,412-921-7250,-80.072220000000002,40.440446799999997,1
JOHNSONS PHARMACEUTICAL SERVICES,JOHNSONS PARMMACEUTICAL SERVICES INC,600 OLD CLAIRTON ROAD, ,PITTSBURGH,PA,ALLEGHENY,15236,412-655-2151,-79.957037999999997,40.325428600000002,0
WALGREENS - 13788,WALGREEN CO,120 5TH AVENUE,SUITE 300,PITTSBURGH,PA,ALLEGHENY,15222,412-471-5901,-80.003443000000004,40.441947200000001,1
THE MEDICINE SHOPPE PHARMACY,TITUSVILLE MS LLC,329 WEST CENTRAL AVENUE, ,TITUSVILLE,PA,CRAWFORD,16354,814-827-1849,-79.678779000000006,41.626851299999998,0
GIANT EAGLE,GIANT EAGLE INC,4110 BRIGHTON ROAD, ,PITTSBURGH,PA,ALLEGHENY,15212,412-761-1133,-80.044123999999996,40.489237000000003,1
KMART,K MART CORP,2873 WEST 26TH STREET, ,ERIE,PA,ERIE,16506,814-835-2353,-80.136379000000005,42.086672299999996,0
WAL-MART SUPERCENTER - 5360,WAL-MART STORES EAST LP,11415 HYDETOWN ROAD, ,TITUSVILLE,PA,CRAWFORD,16354,814-827-0415,-79.698903999999999,41.633328499999998,1
RITE AID - 10986,THRIFT DRUG INC,25 NORTHGATE PLAZA,UNIT 19,HARMONY,PA,BUTLER,16037,724-452-6851,-80.135977999999994,40.803144500000002,0
HOMETOWN PHARMACY - 5,PROFESSIONAL SPECILIZED PHARMACIES,2103 NOBLESTOWN ROAD, ,PITTSBURGH,PA,ALLEGHENY,15205,412-921-7731,-80.051983000000007,40.430661299999997,0
WALGREENS - 9281,WALGREEN CO.,5956 PENN CIRCLE SOUTH, ,PITTSBURGH,PA,ALLEGHENY,15206,412-362-6328,-79.926432000000005,40.459233200000000,1
GIANT EAGLE,GIANT EAGLE INC,8080 MCINTYRE SQUARE DRIVE, ,PITTSBURGH,PA,ALLEGHENY,15237,412-364-8747,-80.018800999999996,40.555242499999999,1
SAM'S CLUB - 4952,SAMS EAST INC,2000 VILLAGE CENTER DRIVE, ,TARENTUM,PA,ALLEGHENY,15084,724-274-1730,-79.804124999999999,40.565840600000001,0
ALBION PHARMACY,ALBION PHARMACY,9 EAST STATE STREET, ,ALBION,PA,ERIE,16401,814-756-3429,-80.365942000000004,41.890678100000002,0
THE MEDICINE SHOPPE PHARMACY,MERCER MS LLC,315 SOUTH ERIE STREET,SUITE A,MERCER,PA,MERCER,16137,724-662-2240,-80.239177999999995,41.223361199999999,0
COMPLETE RX SERVICES INCORPORATED,COMPLETE RX SERVICES INC,1840 MAYVIEW ROAD,SUITE 103,BRIDGEVILLE,PA,ALLEGHENY,15017,412-319-7290,-80.118655000000004,40.318209799999998,0
GREAT LAKES HOME HEALTH CARE SERVICES,LIFE CARE HOME SERVICES OF NW PA,1700 PEACH STREET,SUITE 201,ERIE,PA,ERIE,16501,814-877-6121,-80.081261999999995,42.118722099999999,0
MANNS DRUG STORE,MANNS DRUG STORE,1101 LINCOLN WAY, ,WHITE OAK,PA,ALLEGHENY,15131,412-672-7617,-79.824198999999993,40.354222600000000,0
RITE AID - 3449,RITE AID OF PENNSYLVANIA INC,335 MAIN STREET, ,GREENVILLE,PA,MERCER,16125,724-588-3398,-80.379067000000006,41.407763500000001,0
ERIE VETERANS AFFAIRS MEDICAL CENTER,ERIE VAMC,135 EAST 38TH STREET, ,ERIE,PA,ERIE,16504,814-860-2124,-80.062970000000007,42.102081400000003,0
GIANT EAGLE,GIANT EAGLE INC,1165 MCKINNEY LANE,PARKWAY CENTER MALL,PITTSBURGH,PA,ALLEGHENY,15220,412-921-1610,-80.035432000000000,40.422857100000002,1
KMART,K MART CORP,2235 EAST STATE STREET, ,HERMITAGE,PA,MERCER,16148,724-981-4155,-80.468391999999994,41.234210300000001,0
LINCOLN PHARMACY,LINCOLN PHARMACY,232 NORTH AVENUE, ,PITTSBURGH,PA,ALLEGHENY,15209,412-821-2379,-79.974273999999994,40.481371400000000,0
GIANT EAGLE,GIANT EAGLE INC,9001 FRANKSTOWN ROAD, ,PITTSBURGH,PA,ALLEGHENY,15235,412-371-0040,-79.865228999999999,40.462658099999999,1
PHARMACY INNOVATIONS,SOUTHERN TIER HOME INFUSION,3330 WEST 26TH STREET,SUITE 31,ERIE,PA,ERIE,16506,814-838-2102,-80.148218000000000,42.084840100000001,0
RITE AID - 10891,THRIFT DRUG INC,843 ROSTRAVER ROAD, ,BELLE VERNON,PA,WESTMORELAND,15012,724-929-8311,-79.843549999999993,40.136499299999997,0
RITE AID - 2685,RITE AID OF PENNSYLVANIA INC,838 FIFTH AVENUE, ,FORD CITY,PA,ARMSTRONG,16226,724-763-4260,-79.530600000000007,40.769053399999997,0
RITE AID - 1628,RITE AID OF PENNSYLVANIA INC,222 Y STREET, ,DERRY,PA,WESTMORELAND,15627,724-694-9811,-79.300085999999993,40.331353399999998,0
RITE AID - 10985,THRIFT DRUG INC,41 PINE GROVE SQUARE, ,GROVE CITY,PA,MERCER,16127,724-458-5880,-80.113170999999994,41.167531500000003,0
NUTRIFARMACY,DANAURA ENTERPRISES,2506 WILDWOOD ROAD, ,ALLISON PARK,PA,ALLEGHENY,15101,412-486-4588,-79.968181999999999,40.593603000000002,0
WAL-MART SUPERCENTER - 3228,WAL-MART STORES EAST LP,6700 HOLLYWOOD BOULEVARD, ,DELMONT,PA,WESTMORELAND,15626,724-468-5928,-79.590086999999997,40.399082200000002,1
RITE AID - 10968,THRIFT DRUG INC,8775 NORWIN AVENUE,NORWIN HILL SHOPPING CENTER,NORTH HUNTINGDON,PA,WESTMORELAND,15642,724-863-9074,-79.694236000000004,40.319771699999997,0
RITE AID - 10991,THRIFT DRUG INC,1730 WILMINGTON ROAD, ,NEW CASTLE,PA,LAWRENCE,16105,724-658-1515,-80.353827999999993,41.018793700000003,0
SALEM CROSSROADS APOTHECARY,THEODORE J. STOKLOSA,195 SHEFFIELD DRIVE,SUITE B,DELMONT,PA,WESTMORELAND,15626,724-468-5565,-79.571494999999999,40.395428899999999,0
GIANT EAGLE EXPRESS,GIANT EAGLE INC,2611 FREEPORT ROAD, ,PITTSBURGH,PA,ALLEGHENY,15238,412-828-2277,-79.838834000000006,40.537883500000000,1
GIANT EAGLE,GIANT EAGLE INC,1025 WASHINGTON PIKE, ,BRIDGEVILLE,PA,ALLEGHENY,15017,412-257-3050,-80.109334000000004,40.367547199999997,1
WALGREENS - 9586,WALGREEN CO,1210 WILMINGTON AVENUE, ,NEW CASTLE,PA,LAWRENCE,16105,724-652-0750,-80.350497000000004,41.013432000000002,1
RITE AID - 1726,RITE AID OF PENNSYLVANIA INC,6531 ROUTE 22, ,DELMONT,PA,WESTMORELAND,15626,724-468-6282,-79.585080000000005,40.399977000000000,0
ANEWRX,ANEWRX LP,523 PARKWAY VIEW DRIVE, ,PITTSBURGH,PA,ALLEGHENY,15205,877-788-8908,-80.131817999999996,40.434789600000002,0
GRANE SUPPLY,"GRANE SUPPLY, INC.",105 GAMMA DRIVE, ,PITTSBURGH,PA,ALLEGHENY,15238,412-449-0680,-79.871984999999995,40.494797400000003,0
RITE AID - 10982,THRIFT DRUG INC,101 CLEARVIEW CIRCLE, ,BUTLER,PA,BUTLER,16001,724-282-8113,-79.904871999999997,40.897701400000003,0
CVS - 4003,WHITE CROSS STORES INC NO 14,311 5TH AVENUE, ,MCKEESPORT,PA,ALLEGHENY,15132,412-678-6769,-79.864469000000000,40.351286899999998,0
KMART,K MART CORP,2652 ELLWOOD ROAD, ,NEW CASTLE,PA,LAWRENCE,16101,724-658-9013,-80.308628999999996,40.965090099999998,0
CAREMARK - 2921,"PROCARE PHARMACY DIRECT, LLC.",105 MALL BOULEVARD, ,MONROEVILLE,PA,ALLEGHENY,15146,800-238-7828,-79.794196999999997,40.432131200000001,0
GIANT EAGLE,GIANT EAGLE INC,223 GROVE CITY ROAD, ,SLIPPERY ROCK,PA,BUTLER,16057,724-794-0100,-80.054469999999995,41.071159299999998,1
VANTAGE CARE APOTHECARY,VANTAGE LTC LIMITED,1305 SOUTH MAIN STREET, ,MEADVILLE,PA,CRAWFORD,16335,814-336-1301,-80.153454999999994,41.627952499999999,0
RITE AID - 2482,RITE AID OF PENNSYLVANIA INC,300 MARKET STREET, ,ELIZABETH,PA,ALLEGHENY,15037,412-384-2890,-79.885501000000005,40.272545500000000,0
RX BLUE STAR SOLUTIONS,RX BLUESTAR SOLUTIONS LLC,107 GEORGE ROAD, ,EVANS CITY,PA,BUTLER,16033,412-294-1985,-80.048934000000003,40.748097100000003,0
RITE AID - 1370,RITE AID OF PENNSYLVANIA INC,725 LYSLE BOULEVARD, ,MCKEESPORT,PA,ALLEGHENY,15132,412-672-3853,-79.857337000000001,40.352535699999997,0
FERRI PHARMACY,"FERRI SUPERMARKETS,INC D/B/A FERRI PHARMACY",3907 OLD WILLIAM PENN HIGHWAY, ,MURRYSVILLE,PA,WESTMORELAND,15668,724-327-6611,-79.697374999999994,40.428018000000002,0
TARGET,TARGET CORPORATION AND SUBSIDIARIES,1717 STATE ROUTE 228, ,CRANBERRY TOWNSHIP,PA,BUTLER,16066,724-778-9007,-80.084461000000005,40.688535899999998,1
SHARON PHARMACY,WALLIER INC,197 EAST SILVER STREET, ,SHARON,PA,MERCER,16146,724-347-7000,-80.505342999999996,41.234696900000003,0
GIANT EAGLE,GIANT EAGLE INC,5990 UNIVERSITY BOULEVARD,SUITE 4,CORAOPOLIS,PA,ALLEGHENY,15108,412-269-0254,-80.220481000000007,40.521743100000002,1
WAL-MART SUPERCENTER - 1885,WAL-MART STORES EAST LP,400 BUTLER COMMONS, ,BUTLER,PA,BUTLER,16001,724-282-7722,-79.943141999999995,40.878142500000003,1
WALGREENS - 10917,WALGREEN CO.,6906 UNIVERSITY BOULEVARD, ,MOON TOWNSHIP,PA,ALLEGHENY,15108,412-269-2501,-80.221163000000004,40.517706500000003,1
RITE AID - 3857,RITE AID OF PENNSYLVANIA INC,304 DEPOT STREET, ,LATROBE,PA,WESTMORELAND,15650,724-532-3219,-79.385193999999998,40.317465700000000,0
KMART,K MART CORP,996 WEST VIEW PARK DRIVE, ,PITTSBURGH,PA,ALLEGHENY,15229,412-931-1702,-80.036287000000002,40.516283000000001,0
RITE AID - 1814,RITE AID OF PENNSYLVANIA INC,113 WEST MAIN STREET, ,WEST NEWTON,PA,WESTMORELAND,15089,724-872-6401,-79.770505999999997,40.211994099999998,0
RITE AID - 10907,THRIFT DRUG INC,2100 WASHINGTON PIKE, ,CARNEGIE,PA,ALLEGHENY,15106,412-276-7077,-80.093446000000000,40.388125400000000,0
GIANT EAGLE,GIANT EAGLE INC,206 SEVEN FIELDS BOULEVARD, ,SEVEN FIELDS,PA,BUTLER,16046,724-779-3232,-80.059044000000000,40.689966099999999,1
RITE AID - 3388,RITE AID OF WEST VIRGINIA INC,126 12TH STREET, ,WELLSBURG,WV,BROOKE,26070,304-737-0205,-80.609836000000001,40.273651299999997,0
GIANT EAGLE,"GIANT EAGLE, INC",1120 EAST PITTSBURGH STREET,EASTGATE PLAZA,GREENSBURG,PA,WESTMORELAND,15601,724-836-7613,-79.497487000000007,40.300644100000000,1
HEARTLAND HOME HEALTH CARE,"IN HOME HEALTH, LLC.",750 HOLIDAY DRIVE,"FOSTER PLAZA 9, SUITE 110",PITTSBURGH,PA,ALLEGHENY,15220,412-928-2126,-80.063908999999995,40.423057800000002,0
RITE AID - 10895,THRIFT DRUG INC,400 LINCOLN HIGHWAY, ,EAST MCKEESPORT,PA,ALLEGHENY,15035,412-829-7379,-79.812730999999999,40.380381000000000,0
KROGER,THE KROGER CO,3558 MAIN STREET, ,WEIRTON,WV,HANCOCK,26062,304-748-6290,-80.590275000000005,40.398987400000003,1
KLINGENSMITH'S,KLINGENSMITHS DRUG STORES INC,4075 THIRD STREET, ,NUMINE,PA,ARMSTRONG,16244,724-783-7341,-79.282331999999997,40.794588200000000,0
RITE AID - 10889,THRIFT DRUG INC,925 MERCHANT STREET, ,AMBRIDGE,PA,BEAVER,15003,724-266-7664,-80.230165000000000,40.591034499999999,0
TARGET,TARGET CORPORATION AND SUBSIDIARIES,550 GRANDVIEW CROSSING DRIVE, ,GIBSONIA,PA,ALLEGHENY,15044,724-799-2238,-79.941909999999993,40.641845199999999,1
THE MEDICINE SHOPPE PHARMACY,SCHROPP PHARMACY INC,709 LIGONIER STREET, ,LATROBE,PA,WESTMORELAND,15650,724-539-4565,-79.385910999999993,40.316873200000003,0
RITE AID - 10901,THRIFT DRUG INC,351 BRIGHTON AVENUE, ,ROCHESTER,PA,BEAVER,15074,724-774-3360,-80.286733999999996,40.702859799999999,0
GIANT EAGLE,GIANT EAGLE INC,2798 NEW BUTLER ROAD,MCKESSON CORPORATION,NEW CASTLE,PA,LAWRENCE,16101,724-924-1313,-80.287732000000005,40.975377999999999,1
RITE AID - 10998,THRIFT DRUG INC,165 BUTLER ROAD, ,KITTANNING,PA,ARMSTRONG,16201,724-543-2265,-79.526176000000007,40.805232199999999,0
PLEASANT HILLS APOTHECARY,PLEASANT HILLS APOTHECARY,25 GILL HALL ROAD, ,CLAIRTON,PA,ALLEGHENY,15025,412-653-7566,-79.957324999999997,40.321866200000002,0
WAL-MART SUPERCENTER - 2611,WAL-MART STORES EAST LP,2100 SUMMIT RIDGE PLAZA, ,MOUNT PLEASANT,PA,WESTMORELAND,15666,724-542-0374,-79.545078000000004,40.127835400000002,1
UPMC - SHADYSIDE,UPMC PRESBYSTERIAN SHADYSIDE CAMPUS PHRM,5230 CENTRE AVENUE, ,PITTSBURGH,PA,ALLEGHENY,15232,412-623-2121,-79.939711000000003,40.454546399999998,0
HILLMAN PHARMACY,UPMC PRESBYTERIAN SHADYSIDE,5115 CENTRE AVENUE,SUITE AG-30.1,PITTSBURGH,PA,ALLEGHENY,15232,412-623-5999,-79.942503000000002,40.455272700000002,0
MED-FAST PHARMACY,MEDFAST PHARMACY,20111 ROUTE 19, ,CRANBERRY TOWNSHIP,PA,BUTLER,16066,724-776-3100,-80.103514000000004,40.681935099999997,0
GIANT EAGLE,GIANT EAGLE INC,3812 ONEIL BOULEVARD, ,MCKEESPORT,PA,ALLEGHENY,15132,412-672-9036,-79.831124000000003,40.347159800000000,1
KMART,K MART CORP,200 MOUNTAIN LAUREL PLAZA, ,LATROBE,PA,WESTMORELAND,15650,724-537-9412,-79.388789000000003,40.283313300000003,0
RITE AID - 2480,RITE AID OF PENNSYLVANIA INC,847 MIDLAND AVENUE, ,MIDLAND,PA,BEAVER,15059,724-643-6520,-80.451515999999998,40.636382900000001,0
WAL-MART - 2603,WAL-MART STORES EAST LP,300 WALMART DRIVE, ,GIBSONIA,PA,ALLEGHENY,15044,724-449-2787,-79.946475000000007,40.623162700000002,1
RITE AID - 4783,RITE AID OF PENNSYLVANIA INC,5100 LIBRARY ROAD, ,BETHEL PARK,PA,ALLEGHENY,15102,412-854-1207,-80.026687999999993,40.338015400000003,0
RANIER'S PHARMACY AND COMPOUNDING LABORATORY,RANIERS PHARMACY INC,1107 LOWRY AVENUE,SUITE A,JEANNETTE,PA,WESTMORELAND,15644,724-527-5533,-79.619438000000002,40.315257600000002,0
RITE AID - 734,RITE AID OF WEST VIRGINIA INC,2102 WARWOOD AVENUE, ,WHEELING,WV,OHIO,26003,304-277-3607,-80.698599999999999,40.121371000000003,0
RITE AID - 10948,THRIFT DRUG INC,402 CLAIRTON BOULEVARD, ,PLEASANT HILLS,PA,ALLEGHENY,15236,412-653-1322,-79.949211000000005,40.336324699999999,0
NEW CUMBERLAND RX CENTER,LOUCAS KARNOUPAKIS ENTERPRISES,107 LINCOLN STREET, ,NEW CUMBERLAND,WV,HANCOCK,26047,304-564-3272,-80.602771000000004,40.493200700000003,0
RITE AID - 10969,THRIFT DRUG INC,10 CLAY PIKE, ,NORTH HUNTINGDON,PA,WESTMORELAND,15642,724-863-2350,-79.740351000000004,40.330649000000001,0
RITE AID - 10904,THRIFT DRUG INC,4960 WILLIAM FLYNN HIGHWAY,SUITE 10,ALLISON PARK,PA,ALLEGHENY,15101,724-443-5455,-79.945438999999993,40.601831799999999,0
CONTINUING CARE RX,CCRX OF WESTERN PENNSYLVANIA INC,1215 HULTON ROAD, ,OAKMONT,PA,ALLEGHENY,15139,412-826-6032,-79.828705999999997,40.525889200000002,0
TOWNE DRUGS,TOWNE DRUGS LLC,227 COMMERCIAL AVENUE, ,ASPINWALL,PA,ALLEGHENY,15215,412-782-2244,-79.903930000000003,40.490268000000000,0
GIANT EAGLE,GIANT EAGLE INC,4010 MONROEVILLE BOULEVARD, ,MONROEVILLE,PA,ALLEGHENY,15146,412-372-1224,-79.772644999999997,40.432057700000001,1
GIANT EAGLE,GIANT EAGLE INC,105 ROBERTSON STREET, ,WEST NEWTON,PA,WESTMORELAND,15089,724-872-3350,-79.763665000000003,40.218757099999998,1
PENN-WAY PHARMACY,PAUL G STAKIAS,3159 MAIN STREET, ,WEIRTON,WV,HANCOCK,26062,304-748-0505,-80.588767000000004,40.405838000000003,0
LEBANON SHOPS PHARMACY,GENE A RILEY & THOMAS C RILEY PTRS,300 MOUNT LEBANON BOULEVARD, ,PITTSBURGH,PA,ALLEGHENY,15234,412-344-6700,-80.034622999999996,40.368710999999998,0
SPARTAN PHARMACY,SPARTAN PHARMACY,5875 KINGS SCHOOL ROAD, ,BETHEL PARK,PA,ALLEGHENY,15102,412-854-4777,-80.032820999999998,40.307523799999998,0
INSTITUTIONAL CARE PHARMACY,ICP INC,175 CANAL STREET, ,SHARPSVILLE,PA,MERCER,16150,888-203-8965,-80.471050000000005,41.269345500000000,0
GIANT EAGLE,GIANT EAGLE INC,1700 WILLIAM FLYNN HIGHWAY, ,GLENSHAW,PA,ALLEGHENY,15116,412-961-0620,-79.961492000000007,40.538454899999998,1
GIANT EAGLE,GIANT EAGLE INC,41 TOWNE CENTER DRIVE, ,LEECHBURG,PA,WESTMORELAND,15656,724-845-1077,-79.608670000000004,40.606850999999999,1
LOMBARDO'S APOTHECARY,LOMBARDO'S APOTHECARY PC,1230 SOUTH MILL STREET, ,NEW CASTLE,PA,LAWRENCE,16101,724-654-8100,-80.343997000000002,40.986029500000001,0
RITE AID - 1197,RITE AID OF PENNSYLVANIA INC,446 WEST MAIN STREET, ,MONONGAHELA,PA,WASHINGTON,15063,724-258-6161,-79.928083000000001,40.203536300000003,0
TARGET,TARGET CORPORATION AND SUBSIDIARIES,288 MOUNT NEBO POINTE DRIVE, ,PITTSBURGH,PA,ALLEGHENY,15237,412-536-8201,-80.068500000000000,40.535671000000001,1
THE MEDICINE SHOPPE PHARMACY,"GROVE CITY PHARMACY, INC.",220 WEST MAIN STREET, ,GROVE CITY,PA,MERCER,16127,724-458-4155,-80.089734000000007,41.158267299999999,0
WALGREENS - 9674,WALGREEN CO,133 WEST 8TH AVENUE, ,HOMESTEAD,PA,ALLEGHENY,15120,412-461-9782,-79.913109000000006,40.405593799999998,1
GIANT EAGLE,GIANT EAGLE INC,8901 STATE ROUTE 30,NORTH HUNTINGDON SQUARE,NORTH HUNTINGDON,PA,WESTMORELAND,15642,724-864-7481,-79.687055000000001,40.320234999999997,1
GIANT EAGLE MARKET DISTRICT,GIANT EAGLE INC,7000 OXFORD DRIVE,VILLAGE SQUARE,BETHEL PARK,PA,ALLEGHENY,15102,412-835-8922,-80.046724999999995,40.347142300000002,1
RITE AID - 1014,RITE AID OF PENNSYLVANIA INC,200 RESORT PLAZA DRIVE, ,BLAIRSVILLE,PA,INDIANA,15717,724-459-5938,-79.228544999999997,40.442371299999998,0
TARGET,TARGET CORPORATION AND SUBSIDIARIES,1717 LEBANON CHURCH ROAD, ,PITTSBURGH,PA,ALLEGHENY,15236,412-502-0021,-79.953884000000002,40.348158099999999,1
CVS - 5101,CVS BDI INC,3870 WASHINGTON ROAD, ,MCMURRAY,PA,WASHINGTON,15317,724-941-7680,-80.128375000000005,40.273063200000003,1
TARGET,TARGET CORPORATION AND SUBSIDIARIES,8931 STATE ROUTE 30, ,NORTH HUNTINGDON,PA,WESTMORELAND,15642,724-863-5398,-79.688248999999999,40.321475300000003,1
THE MEDICINE SHOPPE PHARMACY,PILLWORKS INCORPORATED,340 EAST MAIN STREET, ,CARNEGIE,PA,ALLEGHENY,15106,412-279-3361,-80.083008000000007,40.409551899999997,0
RITE AID - 268,RITE AID OF PENNSYLVANIA INC,5504 WALNUT STREET, ,PITTSBURGH,PA,ALLEGHENY,15232,412-681-5144,-79.933470000000000,40.450994600000001,0
SPAN AND TAYLOR DRUG COMPANY,SPAN AND TAYLOR DRUG CO,175 WEST MAIN STREET, ,MONONGAHELA,PA,WASHINGTON,15063,724-258-4545,-79.923979000000003,40.201522099999998,0
RITE AID - 3972,RITE AID OF PENNSYLVANIA INC,811 EAST STATE STREET, ,SHARON,PA,MERCER,16146,724-342-4680,-80.494298000000001,41.233474500000000,0
MED-FAST PHARMACY,MED-FAST PHARMACY INC,3125 BANKSVILLE ROAD,KUHN'S MARKET,PITTSBURGH,PA,ALLEGHENY,15216,412-531-8999,-80.043215000000004,40.399895200000003,0
THE MEDICINE SHOPPE PHARMACY,LINDA P SANTAMARIA,9745 STATE ROUTE 30, ,IRWIN,PA,WESTMORELAND,15642,724-864-7770,-79.703682000000001,40.325441099999999,0
KMART,K MART CORP,1025 WASHINGTON PIKE, ,BRIDGEVILLE,PA,ALLEGHENY,15017,412-257-3244,-80.110607999999999,40.366948899999997,0
RITE AID - 3412,RITE AID OF PENNSYLVANIA INC,1800-1814 MORNINGSIDE AVENUE, ,PITTSBURGH,PA,ALLEGHENY,15206,412-362-6121,-79.926720000000003,40.486528600000000,0
CURTIS PHARMACY,CLAYSVILLE PHARMACY LLC,305 MAIN STREET, ,CLAYSVILLE,PA,WASHINGTON,15323,724-663-7707,-80.410173000000000,40.118204900000002,0
SAM'S CLUB - 6575,SAMS EAST INC,249 SUMMIT PARK DRIVE, ,PITTSBURGH,PA,ALLEGHENY,15275,412-788-6313,-80.177993000000001,40.449587100000002,0
GIANT EAGLE,TAMARKIN COMPANY,541 ALLEGHENY BOULEVARD, ,FRANKLIN,PA,VENANGO,16323,814-432-2024,-79.809034999999994,41.402940500000000,1
GIANT EAGLE,TAMARKIN COMPANY,18511 SMOCK HIGHWAY, ,MEADVILLE,PA,CRAWFORD,16335,814-724-6292,-80.167404000000005,41.618609399999997,1
KMART,K MART CORP,1901 LINCOLN HIGHWAY, ,NORTH VERSAILLES,PA,ALLEGHENY,15137,412-823-7270,-79.777699999999996,40.368681799999997,0
KMART,K MART CORP,300 BRIGHTON AVENUE, ,ROCHESTER,PA,BEAVER,15074,724-775-2256,-80.287916999999993,40.701722799999999,0
RITE AID - 1071,RITE AID OF PENNSYLVANIA INC,60 SOUTH WATER AVENUE, ,SHARON,PA,MERCER,16146,724-981-4072,-80.511960999999999,41.232003800000001,0
PRESCRIPTION CENTER PLUS,LIBRARY PHARMACY INC.,4080 WASHINGTON ROAD, ,MCMURRAY,PA,WASHINGTON,15317,724-941-2522,-80.129973000000007,40.266007500000001,0
RITE AID - 10999,THRIFT DRUG INC,100 SOUTH THIRD STREET, ,CONNEAUT LAKE,PA,CRAWFORD,16316,814-382-2380,-80.303753000000000,41.602914900000002,0
WALGREENS - 10345,WALGREEN CO.,7628 PENN AVENUE, ,PITTSBURGH,PA,ALLEGHENY,15221,412-247-5601,-79.894439000000006,40.446660199999997,1
RITE AID - 10995,THRIFT DRUG INC,1851 EAST STATE STREET, ,HERMITAGE,PA,MERCER,16148,724-981-2800,-80.475922999999995,41.233750600000000,0
AMSLER PHARMACY,AMSLER PHARMACY,818 EAST WARRINGTON AVENUE, ,PITTSBURGH,PA,ALLEGHENY,15210,412-431-5766,-79.992946000000003,40.421671199999999,0
A AND G PHARMACY SERVICES,A & G PHARMACY SERVICE INC,2665 BRODHEAD ROAD,SUITE B,ALIQUIPPA,PA,BEAVER,15001,724-375-1230,-80.281634999999994,40.604958699999997,0
RITE AID - 2380,RITE AID OF PENNSYLVANIA INC,975 MARKET STREET, ,MEADVILLE,PA,CRAWFORD,16335,814-336-3773,-80.153746999999996,41.636494499999998,0
REYNOLDS PHARMACY,"SBW PHARMACY, INC.",3676 NORTH HERMITAGE ROAD,SUITE 3,TRANSFER,PA,MERCER,16154,724-646-1131,-80.412218999999993,41.331473299999999,0
TENTH STREET PHARMACY,HCBR LLC TENTH STREET PHARMACY,938 FALLOWFIELD AVENUE, ,CHARLEROI,PA,WASHINGTON,15022,724-483-5300,-79.903780999999995,40.143160299999998,0
LIVINGSTON PHARMACY,LIVINGSTON PHARMACY,550 MILLER AVENUE, ,CLAIRTON,PA,ALLEGHENY,15025,412-233-7100,-79.882885000000002,40.293492600000000,0
BLOOMFIELD DRUG HEALTH MART STORE,BLOOMFIELD DRUG STORE,4727 LIBERTY AVENUE, ,PITTSBURGH,PA,ALLEGHENY,15224,412-682-4909,-79.948927999999995,40.461797900000001,0
KLINGENSMITHS,KLINGENSMITH DRUG STORES INC,533 GREENVILLE ROAD, ,MERCER,PA,MERCER,16137,724-662-3401,-80.242895000000004,41.234181599999999,0
RITE AID - 4616,RITE AID OF PENNSYLVANIA INC,208 EAST CENTRAL AVENUE, ,TITUSVILLE,PA,CRAWFORD,16354,814-827-7083,-79.670829999999995,41.627517099999999,0
WALGREENS - 11429,WALGREEN CO.,4309 BUFFALO ROAD, ,ERIE,PA,ERIE,16510,814-897-7871,-80.003604999999993,42.145352899999999,1
TOPS - 670,THE PENN TRAFFIC CO.,144 CENTER STREET,DOWNTOWN MALL,MEADVILLE,PA,CRAWFORD,16335,814-337-2759,-80.156204000000002,41.640378900000002,0
GIANT EAGLE,GIANT EAGLE INC.,606 ERIE STREET, ,EDINBORO,PA,ERIE,16412,814-734-5036,-80.126465999999994,41.888950800000003,1
CVS - 3999,WHITE CROSS STORES INC NO 14,1061 WASHINGTON AVENUE, ,CARNEGIE,PA,ALLEGHENY,15106,412-279-5020,-80.082645999999997,40.397938400000001,0
WALGREENS - 10786,WALGREEN CO.,100 CAVASINA DRIVE, ,CANONSBURG,PA,WASHINGTON,15317,724-873-8790,-80.174295000000001,40.262299400000003,1
UNIVERSITY OF PITTSBURGH MEDICAL CENTER MERCY HEALTH CENTER,UPMC MERCY HEALTH CENTER PHARMACY,1515 LOCUST STREET, ,PITTSBURGH,PA,ALLEGHENY,15219,412-232-7800,-79.984498000000002,40.437034400000002,0
MILL RUN COMMUNITY PHARMACY,"MILL RUN APOTHECARY, INC",404 NORTH STREET, ,MEADVILLE,PA,CRAWFORD,16335,814-337-6600,-80.146696000000006,41.639845299999998,0
CVS - 2678,ERIE CVS INC,1111 PENINSULA DRIVE, ,ERIE,PA,ERIE,16505,814-833-4354,-80.145349999999993,42.100557700000003,1
SHOP N SAVE,DORAL PHARMACEUTICALS LLC,799 CASTLE SHANNON BOULEVARD, ,PITTSBURGH,PA,ALLEGHENY,15234,412-561-2417,-80.028664000000006,40.369179799999998,0
CVS - 4045,WHITE CROSS STORES INC NO 14,4692 OLD WILLIAM PENN HIGHWAY, ,MONROEVILLE,PA,ALLEGHENY,15146,412-372-3151,-79.741021000000003,40.439060800000000,0
MED-FAST PHARMACY,MEDFAST PHARMACY,917 BUTLER STREET, ,PITTSBURGH,PA,ALLEGHENY,15223,412-492-8724,-79.950001000000000,40.512005500000001,0
RITE AID - 1668,RITE AID OF PENNSYLVANIA INC,700 SHARON NEW CASTLE ROAD, ,FARRELL,PA,MERCER,16121,724-983-1645,-80.480493999999993,41.212466599999999,0
CVS - 5098,CVS BDI INC,330 WEST COLUMBUS AVENUE, ,CORRY,PA,ERIE,16407,814-664-2617,-79.653698000000006,41.934000300000001,1
VILLAGE PHARMACY,THREE SPRINGS VILLAGE PHARMACY LLC,204 THREE SPRINGS DRIVE,SUITE A,WEIRTON,WV,HANCOCK,26062,304-723-2528,-80.549870999999996,40.402272000000004,0
CVS - 5095,CVS BDI INC,124 ERIE STREET, ,EDINBORO,PA,ERIE,16412,814-734-5207,-80.131011000000001,41.875395400000002,1
RITE AID - 2798,RITE AID OF PENNSYLVANIA INC,3939 BUTLER STREET, ,PITTSBURGH,PA,ALLEGHENY,15201,412-682-6970,-79.963347999999996,40.468963600000002,0
WALGREENS - 10095,WALGREEN CO,1000 LINCOLN PLACE, ,GREENSBURG,PA,WESTMORELAND,15601,724-850-8191,-79.578800000000001,40.304676299999997,1
RITE AID - 11002,THRIFT DRUG INC,1020 LIBERTY STREET, ,FRANKLIN,PA,VENANGO,16323,814-432-4824,-79.824847000000005,41.393961099999999,0
WAL-MART SUPERCENTER - 2674,WAL-MART STORES EAST LP,45 WILLIAMSON ROAD, ,GREENVILLE,PA,MERCER,16125,724-589-0227,-80.359038999999996,41.415506499999999,1
THE MEDICINE SHOPPE PHARMACY,DAN EDWARD SWAIN,2279 MAIN STREET, ,MUNHALL,PA,ALLEGHENY,15120,412-461-9800,-79.899353000000005,40.395879200000003,0
CVS - 5088,CVS BDI INC,118 WEST MAIN STREET, ,NORTH EAST,PA,ERIE,16428,814-725-9684,-79.842839999999995,42.213934000000002,1
RITE AID - 10942,THRIFT DRUG INC,410 COOKE LANE, ,PITTSBURGH,PA,ALLEGHENY,15234,412-563-1505,-80.032925000000006,40.370488999999999,0
RITE AID - 3200,RITE AID OF PENNSYLVANIA INC,623 SAINT CLAIR AVENUE, ,CLAIRTON,PA,ALLEGHENY,15025,412-233-2703,-79.887928000000002,40.293645300000001,0
KMART,K MART CORP,22631 ROUTE 68,SUITE 30,CLARION,PA,CLARION,16214,814-226-9860,-79.395450999999994,41.194543199999998,0
RITE AID - 2466,RITE AID OF PENNSYLVANIA INC,60 EAST DONNER AVENUE, ,MONESSEN,PA,WESTMORELAND,15062,724-684-0153,-79.876673999999994,40.159870599999998,0
GIRARD PHARMACY,NEW PROJECTS CORPORATION,83 MAIN STREET WEST, ,GIRARD,PA,ERIE,16417,814-774-3070,-80.317715000000007,42.000153900000001,0
RITE AID - 10915,THRIFT DRUG INC,109 ALLEGHENY RIVER BOULEVARD, ,OAKMONT,PA,ALLEGHENY,15139,412-828-1530,-79.842900000000000,40.512714899999999,0
RITE AID - 10931,THRIFT DRUG INC,2501 BANKSVILLE ROAD, ,PITTSBURGH,PA,ALLEGHENY,15216,412-571-2550,-80.034447999999998,40.406331700000003,0
WALGREENS - 9736,WALGREEN CO.,4885 MCKNIGHT ROAD, ,PITTSBURGH,PA,ALLEGHENY,15237,412-366-6359,-80.010540000000006,40.530097900000001,1
RITE AID - 1925,RITE AID OF PENNSYLVANIA INC,210 9TH STREET, ,GLASSPORT,PA,ALLEGHENY,15045,412-678-5109,-79.891931999999997,40.320661999999999,0
RITE AID - 10992,THRIFT DRUG INC,115 5TH STREET, ,ELLWOOD CITY,PA,LAWRENCE,16117,724-758-3294,-80.286781000000005,40.860918400000003,0
RITE AID - 2545,RITE AID OF PENNSYLVANIA INC,1001 JEFFERSON AVENUE, ,WASHINGTON,PA,WASHINGTON,15301,724-223-4971,-80.265288999999996,40.182241699999999,0
THE MEDICINE SHOPPE PHARMACY,LM JADE INC,434 NORTH CENTER STREET, ,CORRY,PA,ERIE,16407,814-664-2053,-79.640934000000001,41.926152000000002,0
RITE AID - 2382,RITE AID OF PENNSYLVANIA INC,163 WEST 26TH STREET, ,ERIE,PA,ERIE,16508,814-452-4012,-80.076535000000007,42.110379899999998,0
RITE AID - 10906,THRIFT DRUG INC,5235 LIBRARY ROAD, ,BETHEL PARK,PA,ALLEGHENY,15102,412-833-1175,-80.022424000000001,40.332914799999998,0
RITE AID - 596,RITE AID OF PENNSYLVANIA INC,827 NORTH CENTER STREET, ,CORRY,PA,ERIE,16407,814-665-3764,-79.641892999999996,41.930111500000002,0
CVS - 4091,WHITE CROSS STORES INC NO 14,7406 CHURCH STREET, ,SWISSVALE,PA,ALLEGHENY,15218,412-271-6733,-79.889189999999999,40.421594800000001,0
CVS - 1680,REA AND DERICK INC P1818,639 MAIN STREET, ,CLARION,PA,CLARION,16214,814-226-7100,-79.382527999999994,41.213790799999998,0
RITE AID - 1448,RITE AID OF PENNSYLVANIA INC,412 BROADWAY STREET, ,CORAOPOLIS,PA,ALLEGHENY,15108,412-264-0810,-80.161534000000003,40.516840999999999,0
RITE AID - 1699,RITE AID OF PENNSYLVANIA INC,9141 RIDGE ROAD, ,GIRARD,PA,ERIE,16417,814-774-8880,-80.302313999999996,42.009168199999998,0
CVS - 4133,WHITE CROSS STORES INC NO 14,520 PENN AVENUE, ,WILKINSBURG,PA,ALLEGHENY,15221,412-243-6048,-79.886442000000002,40.443851799999997,0
SALTSBURG PHARMACY,HOMER CITY PHARMACY INC,237 WASHINGTON STREET, ,SALTSBURG,PA,INDIANA,15681,724-639-9022,-79.451252999999994,40.486613100000000,0
RITE AID - 10966,THRIFT DRUG INC,314 EAST PITTSBURGH STREET, ,GREENSBURG,PA,WESTMORELAND,15601,724-834-0960,-79.537447000000000,40.302866700000003,0
WAL-MART SUPERCENTER - 3738,WAL-MART STORES EAST LP,4015 FREEPORT ROAD, ,NATRONA HEIGHTS,PA,ALLEGHENY,15065,724-226-6960,-79.712979000000004,40.646909000000001,1
RITE AID - 10920,THRIFT DRUG INC,535 LINCOLN AVENUE, ,BELLEVUE,PA,ALLEGHENY,15202,412-761-1890,-80.056961999999999,40.496005099999998,0
GIANT EAGLE,GIANT EAGLE INC,6204 STATE ROUTE 30,HEMPFIELD SQUARE SHOPPING CENTER,GREENSBURG,PA,WESTMORELAND,15601,724-836-6756,-79.594464000000002,40.302792199999999,1
BRACKEN'S PHARMACY,"COBRA ASSOCIATES, INC. P.C.",7 WATER STREET, ,EAST BRADY,PA,CLARION,16028,724-526-3110,-79.613489000000001,40.988771999999997,0
RITE AID - 10940,THRIFT DRUG INC,513 PERRY HIGHWAY, ,PITTSBURGH,PA,ALLEGHENY,15229,412-931-7751,-80.034516999999994,40.521586300000003,0
CVS - 1403,WHITE CROSS STORES INC NO 14,355 LINCOLN AVENUE, ,BELLEVUE,PA,ALLEGHENY,15202,412-761-3000,-80.052430999999999,40.493534599999997,0
KLINGENSMITH'S,KLINGENSMITH RIMERSBURG INC.,650 MAIN STREET, ,RIMERSBURG,PA,CLARION,16248,814-473-3141,-79.501681000000005,41.042862800000002,0
MOSSO'S PHARMACY,STARWOOD DRUG INC.,1006 LIGONIER STREET, ,LATROBE,PA,WESTMORELAND,15650,724-537-6841,-79.383408000000003,40.315789000000002,0
NORVELT PHARMACY,PPM INC,2310 MOUNT PLEASANT ROAD, ,NORVELT,PA,WESTMORELAND,15674,724-423-4100,-79.497973000000002,40.209301199999999,0
RITE AID - 10950,THRIFT DRUG INC,568 CASTE VILLAGE, ,PITTSBURGH,PA,ALLEGHENY,15236,412-881-5650,-80.000975999999994,40.359263900000002,0
CVS - 7611,WHITE CROSS STORES INC NO 14,2860 WILDWOOD ROAD EXTENTION, ,ALLISON PARK,PA,ALLEGHENY,15101,412-487-0416,-79.946828999999994,40.589826700000003,0
RITE AID - 7843,RITE AID OF PENNSYLVANIA INC,3700 WALNUT STREET, ,MCKEESPORT,PA,ALLEGHENY,15132,412-751-0132,-79.840670000000003,40.326817599999998,0
THE MEDICINE SHOPPE PHARMACY,JOHN R SLAGLE,100 LIBERTY STREET, ,CLARION,PA,CLARION,16214,814-226-9310,-79.392168999999996,41.218489800000000,0
THE MEDICINE SHOPPE PHARMACY,"N.H. MEDICAL, INC",2606 FREEPORT ROAD, ,NATRONA HEIGHTS,PA,ALLEGHENY,15065,724-224-7111,-79.713206999999997,40.634073299999997,0
EXCELA HEALTH LATROBE HOSPITAL PHARMACY,LATROBE HOSPITAL PHARMACY,121 WEST 2ND AVENUE, ,LATROBE,PA,WESTMORELAND,15650,724-537-1256,-79.393641000000002,40.321311799999997,0
CVS - 3165,WHITE CROSS STORES INC NO 14,95 FREEPORT STREET, ,NEW KENSINGTON,PA,WESTMORELAND,15068,724-337-7691,-79.758049000000000,40.553137399999997,0
RITE AID - 11006,ECKERD CORPORATION,105 WEST MAIN STREET, ,NORTH EAST,PA,ERIE,16428,814-725-3076,-79.841196999999994,42.213745699999997,0
WALGREENS - 9950,WALGREEN CO.,2055 WASHINGTON PIKE, ,CARNEGIE,PA,ALLEGHENY,15106,412-429-3601,-80.091323000000003,40.388175099999998,1
HEALTH COMPLEX HEALTH MART PHARMACY,CLARION DEVELOPMENT CORP,24 DOCTORS LANE,SUITE 100,CLARION,PA,CLARION,16214,814-226-7970,-79.397476999999995,41.190511399999998,0
TARGET,TARGET CORPORATION AND SUBSIDIARIES,4004 MONROEVILLE BOULEVARD, ,MONROEVILLE,PA,ALLEGHENY,15146,412-374-9632,-79.772651999999994,40.433950699999997,1
GIANT EAGLE,"GIANT EAGLE, INC",2000 PENNY LANE DRIVE, ,JEANNETTE,PA,WESTMORELAND,15644,724-744-1901,-79.641853999999995,40.365423499999999,1
RITE AID - 1589,RITE AID OF PENNSYLVANIA INC,6375 LIBRARY ROAD, ,SOUTH PARK,PA,ALLEGHENY,15129,412-831-8350,-80.027281000000002,40.289796000000003,0
BEAVER FALLS CORNER DRUG,"MODERN MEDICATION MANAGEMENT, INC",1500 7TH AVENUE, ,BEAVER FALLS,PA,BEAVER,15010,724-891-0600,-80.319090000000003,40.756089299999999,0
GIANT EAGLE,GIANT EAGLE INC,5055 LIBRARY ROAD,SUITE 5,BETHEL PARK,PA,ALLEGHENY,15102,412-831-7727,-80.023604000000006,40.338427600000003,1
TARGET,TARGET CORPORATION AND SUBSIDIARIES,6206 STATE ROUTE 30, ,GREENSBURG,PA,WESTMORELAND,15601,724-853-7463,-79.595883999999998,40.303022599999998,1
PORTERS PRESCRIPTION PHARMACY,DECARIA BROTHERS INC,935 BEAVER GRADE ROAD, ,CORAOPOLIS,PA,ALLEGHENY,15108,412-264-2230,-80.212761000000000,40.511206899999998,0
GIANT EAGLE,TAMARKIN COMPANY,50 HADLEY ROAD, ,GREENVILLE,PA,MERCER,16125,724-588-1381,-80.361095000000006,41.412965600000000,1
KMART,K MART CORP,2000 SCOTT BOULEVARD, ,MOON TOWNSHIP,PA,ALLEGHENY,15108,412-859-0136,-80.181201999999999,40.458852200000003,0
WAL-MART SUPERCENTER - 1656,WAL-MART STORES EAST LP,16086 CONNEAUT LAKE ROAD, ,MEADVILLE,PA,CRAWFORD,16335,814-724-6351,-80.213903000000002,41.622281700000002,1
COSTCO,COSTCO WHOLESALE CORPORATION,202 COSTCO DRIVE, ,PITTSBURGH,PA,ALLEGHENY,15205,412-490-2203,-80.165025999999997,40.459460800000002,0
CVS - 5710,ELLWOOD CITY CVS LLC,285 STATE ROUTE 288, ,ELLWOOD CITY,PA,BEAVER,16117,724-752-2588,-80.259043000000005,40.847709999999999,1
JAMESTOWN PHARMACY,GREBLAW INC,121 LIBERTY STREET, ,JAMESTOWN,PA,MERCER,16134,724-932-5355,-80.440636999999995,41.484385899999999,0
MED-FAST PHARMACY,MEDFAST PHARMACY,730 EAST PITTSBURGH STREET,SHOP N SAVE,GREENSBURG,PA,WESTMORELAND,15601,724-853-3254,-79.527962000000002,40.301746999999999,0
SHERMAN'S PHARMACY,SHERMAN'S PHARMACY,3417 MAIN STREET, ,MUNHALL,PA,ALLEGHENY,15120,412-461-1214,-79.902748000000003,40.385889499999998,0
KUZY'S DRUG STORE,KUZY'S DRUG STORE,808 MAIN STREET, ,BENTLEYVILLE,PA,WASHINGTON,15314,724-239-2211,-80.006765999999999,40.118888400000003,0
GIANT EAGLE,GIANT EAGLE INC,3113 GREEN GARDEN ROAD,GREEN GARDEN SHOPPING CENTER,ALIQUIPPA,PA,BEAVER,15001,724-378-9170,-80.304323999999994,40.596653699999997,1
THE MEDICINE SHOPPE PHARMACY,R & J PHARMACIES INC,419 SOUTH MAIN STREET, ,GREENVILLE,PA,MERCER,16125,724-588-3875,-80.371126000000004,41.409796000000000,0
GIANT EAGLE,GIANT EAGLE INC,1705 SOUTH BRADDOCK AVENUE, ,PITTSBURGH,PA,ALLEGHENY,15218,412-371-4456,-79.886459000000002,40.425797899999999,1
BAYERS PHARMACY,BAYERS PHARMACY,1 NORTH 4TH STREET, ,YOUNGWOOD,PA,WESTMORELAND,15697,724-925-2921,-79.578964999999997,40.240473399999999,0
RITE AID - 1147,RITE AID OF PENNSYLVANIA INC,175 WILSON ROAD,FOODLAND SHOPPING CENTER,BENTLEYVILLE,PA,WASHINGTON,15314,724-239-3400,-80.002263999999997,40.129916999999999,0
RITE AID - 10908,THRIFT DRUG INC,5990 UNIVERSITY BOULEVARD,SUITE 30,MOON TOWNSHIP,PA,ALLEGHENY,15108,412-262-2161,-80.219791999999998,40.520821099999999,0
GARDA RX,GARDA RX LLC,320 STATE ROUTE 22,SUITE 8,DELMONT,PA,WESTMORELAND,15626,724-468-5757,-79.580150000000003,40.400108099999997,0
GIANT EAGLE,GIANT EAGLE INC,1600 WEST STATE STREET,NORTHERN LIGHTS SHOPPING CENTER,BADEN,PA,BEAVER,15005,724-869-7220,-80.236771000000005,40.657820800000003,1
WALGREENS - 2749,WALGREEN CO,900 EAST STATE STREET, ,SHARON,PA,MERCER,16146,724-342-3291,-80.493055999999996,41.232451300000001,1
GIANT EAGLE,GIANT EAGLE INC,1029 WEST VIEW PARK DRIVE, ,WEST VIEW,PA,ALLEGHENY,15229,412-931-0393,-80.039083000000005,40.516911299999997,1
RITE AID - 11916,ECKERD CORPORATION,4770 MCKNIGHT ROAD,SUITE A,PITTSBURGH,PA,ALLEGHENY,15237,412-364-8100,-80.004386999999994,40.520381200000003,0
RITE AID - 10996,THRIFT DRUG INC,64 NORTH MERCER AVENUE, ,SHARPSVILLE,PA,MERCER,16150,724-962-5771,-80.474919000000000,41.266258000000001,0
SAM'S CLUB - 6677,SAMS EAST INC,3621 WILLIAM PENN HIGHWAY, ,MONROEVILLE,PA,ALLEGHENY,15146,412-372-4097,-79.799358999999995,40.436482200000000,0
WALGREENS - 9345,WALGREEN CO,10707 FRANKSTOWN ROAD, ,PITTSBURGH,PA,ALLEGHENY,15235,412-247-7583,-79.841858000000002,40.461134800000004,1
MED-FAST PHARMACY,MEDFAST PHARMACY,22631 ROUTE 68,CALRION MALL,CLARION,PA,CLARION,16214,814-226-6664,-79.395257000000001,41.193901099999998,0
RITE AID - 3447,RITE AID OF PENNSYLVANIA INC,213 WEST MAIN STREET, ,GROVE CITY,PA,MERCER,16127,724-458-0944,-80.089316999999994,41.158625399999998,0
VALLEY PHARMACY,VALLEY PHARMACY INC,827 SHARON NEW CASTLE ROAD, ,FARRELL,PA,MERCER,16121,724-981-4553,-80.480840000000001,41.214026599999997,0
TARGET,TARGET CORPORATION AND SUBSIDIARIES,87 WAGNER ROAD, ,MONACA,PA,BEAVER,15061,724-728-7259,-80.312821000000000,40.681044999999997,1
WALGREENS - 11296,WALGREEN CO,4900 LIBRARY ROAD, ,BETHEL PARK,PA,ALLEGHENY,15102,412-854-9801,-80.027874999999995,40.345747199999998,1
KROGER,THE KROGER CO,100 SAINT THOMAS DRIVE, ,WEIRTON,WV,BROOKE,26062,304-723-5108,-80.552904999999996,40.398395000000001,1
MED-FAST PHARMACY,MEDFAST PHARMACY,3589 BRODHEAD ROAD, ,MONACA,PA,BEAVER,15061,724-774-2990,-80.316816000000003,40.658955700000000,0
GIANT EAGLE,GIANT EAGLE INC,5600 WILLIAM FLYNN HIGHWAY,400 NORTHTOWNE SQUARE,GIBSONIA,PA,ALLEGHENY,15044,724-443-7979,-79.942317000000003,40.636305399999998,1
GIANT EAGLE,GIANT EAGLE INC,1800 MCKEES ROCKS ROAD, ,MC KEES ROCKS,PA,ALLEGHENY,15136,412-771-8366,-80.097613999999993,40.467783799999999,1
GIANT EAGLE,GIANT EAGLE INC,800 MCKEESPORT ROAD, ,ELIZABETH,PA,ALLEGHENY,15037,412-384-3939,-79.875731000000002,40.280001200000001,1
WAL-MART - 2008,WAL-MART STORES EAST LP,1566 WEST MAIN STREET EXTENSION, ,GROVE CITY,PA,MERCER,16127,724-458-5977,-80.114593999999997,41.168171000000001,1
RITE AID - 1949,RITE AID OF WEST VIRGINIA INC,1600 MAIN STREET, ,FOLLANSBEE,WV,BROOKE,26037,304-527-4082,-80.598158999999995,40.339916299999999,0
KLINGENSMITHS DRUG STORE,KLINGENSMITH ELDERTON INC.,9605 UNITED STATES ROUTE 422 HIGHWAY WEST, ,SHELOCTA,PA,INDIANA,15774,724-354-3494,-79.302087999999998,40.657139200000003,0
GIANT EAGLE,GIANT EAGLE INC.,QUAKER VILLAGE SHOPPING CENTER, ,LEETSDALE,PA,ALLEGHENY,15056,412-259-1021,-80.203754000000004,40.559300499999999,1
WAL-MART SUPERCENTER - 2588,WAL-MART STORES EAST LP,100 WALMART DRIVE, ,NORTH VERSAILLES,PA,ALLEGHENY,15137,412-816-0307,-79.824726999999996,40.387218799999999,1
CVS - 5094,CVS BDI INC,328 COCHRAN ROAD, ,MOUNT LEBANON,PA,ALLEGHENY,15228,412-563-3444,-80.051927000000006,40.382496300000000,1
PHIL'S PHARMACY,PHILS PHARMACY P R A INC,426 BROADWAY STREET, ,PITCAIRN,PA,ALLEGHENY,15140,412-372-2480,-79.779381999999998,40.401702200000003,0
MILLCREEK COMMUNITY HOSPITAL,MILLCREEK COMMUNITY HOSPITAL,5515 PEACH STREET, ,ERIE,PA,ERIE,16509,814-868-7744,-80.092084000000000,42.073999499999999,0
KMART,K MART CORP,250 THREE SPRINGS DRIVE, ,WEIRTON,WV,HANCOCK,26062,304-723-0570,-80.552332000000007,40.399984000000003,0
RITE AID - 7832,"RITE AID OF PENNSYLVANIA, INC",4155 EWALT ROAD, ,GIBSONIA,PA,ALLEGHENY,15044,724-449-8080,-79.942550999999995,40.626320800000002,0
GIANT EAGLE,TAMARKIN COMPANY,2501 WEST 12TH STREET, ,ERIE,PA,ERIE,16505,814-838-7710,-80.134512000000001,42.101006900000002,1
THE MEDICINE SHOPPE PHARMACY,ERIC LEE PERRY INC,1707 WILMINGTON ROAD, ,NEW CASTLE,PA,LAWRENCE,16105,724-652-3366,-80.354698999999997,41.018163100000002,0
WALGREENS - 11865,WALGREEN CO,234 SOUTH MAIN STREET, ,ZELIENOPLE,PA,BUTLER,16063,724-452-7360,-80.135852999999997,40.793350300000000,1
RITE AID - 10919,THRIFT DRUG INC,4534 BROADWAY BOULEVARD, ,MONROEVILLE,PA,ALLEGHENY,15146,412-373-5420,-79.767241999999996,40.389815400000003,0
VILLAGE HEALTH MART PHARMACY,HC CARANO PHARMACIES INC.,1624 EAST POLAND ROAD, ,NEW CASTLE,PA,LAWRENCE,16102,724-667-7124,-80.470456999999996,40.975118399999999,0
RITE AID - 10994,THRIFT DRUG INC,135 SOUTH MARKET STREET, ,NEW WILMINGTON,PA,LAWRENCE,16142,724-946-3531,-80.332876999999996,41.121638599999997,0
TARGET,TARGET CORPORATION AND SUBSIDIARIES,360 WATERFRONT DRIVE EAST, ,HOMESTEAD,PA,ALLEGHENY,15120,412-464-2623,-79.910043999999999,40.410435200000002,1
GIANT EAGLE,TAMARKIN COMPANY,9125 RIDGE ROAD, ,GIRARD,PA,ERIE,16417,814-774-2467,-80.301321000000002,42.008271299999997,1
FAMCARE PRESCRIPTION AND HEALTH CENTER,"FAMCARE PRESCRIPTION AND HEALTH CENTER OF BURGETTSTOWN, INC.",1429 BURGETTSTOWN PLAZA, ,BURGETTSTOWN,PA,WASHINGTON,15021,724-947-7000,-80.392605000000003,40.381801500000002,0
KMART,K MART CORP,825 BEAVER GRADE ROAD, ,CORAOPOLIS,PA,ALLEGHENY,15108,412-262-1570,-80.216132000000002,40.517563799999998,0
GIANT EAGLE,GIANT EAGLE INC,132 BEN AVON HEIGHTS ROAD, ,PITTSBURGH,PA,ALLEGHENY,15237,412-364-2671,-80.069095000000004,40.521638600000003,1
WAL-MART - 2278,WAL-MART STORES EAST LP,1900 KEYSTONE DRIVE, ,ERIE,PA,ERIE,16509,814-864-7619,-80.082176000000004,42.057034299999998,1
WALGREENS - 1034,WALGREEN CO,112 WEST STEUBEN STREET, ,CRAFTON,PA,ALLEGHENY,15205,412-928-0146,-80.072443000000007,40.439402299999998,1
PRIME THERAPEUTICS,PRIME THERAPEUTICS LLC,300 BUSINESS CENTER DRIVE,SUITE 310,PITTSBURGH,PA,ALLEGHENY,15205,412-505-2176,-80.138378000000003,40.433932100000000,0
RITE AID - 10990,THRIFT DRUG INC,31 NORTH JEFFERSON STREET, ,NEW CASTLE,PA,LAWRENCE,16101,724-652-0981,-80.347702999999996,41.000702599999997,0
RITE AID - 7781,RITE AID OF PENNSYLVANIA INC,20480 STATE ROUTE 19, ,CRANBERRY TOWNSHIP,PA,BUTLER,16066,724-778-8989,-80.103263999999996,40.698659800000001,0
CAREMARK,PHARMACARE DIRECT,620 EPSILON DRIVE, ,PITTSBURGH,PA,ALLEGHENY,15238,412-967-2300,-79.876913999999999,40.502944300000003,0
WAL-MART SUPERCENTER - 3253,WAL-MART STORES EAST LP,108 WASHINGTON TOWNE BOULEVARD NORTH, ,EDINBORO,PA,ERIE,16412,814-734-3770,-80.174119000000005,41.876726599999998,1
EAST SIDE PHARMACY,MIKES APOTHECARY INC,708 EAST WASHINGTON STREET, ,NEW CASTLE,PA,LAWRENCE,16101,724-658-4557,-80.334793000000005,40.994601500000002,0
GIANT EAGLE,TAMARKIN COMPANY,3230 WILMINGTON ROAD, ,NEW CASTLE,PA,LAWRENCE,16105,724-652-3706,-80.355024000000000,41.053905800000003,1
TROY PHARMACY,LEVAN DRUGS,1612 LOWRIE STREET, ,PITTSBURGH,PA,ALLEGHENY,15212,412-904-2231,-79.983187000000001,40.463047000000003,0
GIANT EAGLE,GIANT EAGLE INC,420 WATERFRONT DRIVE EAST, ,HOMESTEAD,PA,ALLEGHENY,15120,412-462-5359,-79.908490000000000,40.411040900000003,1
RITE AID - 10983,THRIFT DRUG INC,200 GREATER BUTLER MART, ,BUTLER,PA,BUTLER,16001,724-282-7808,-79.918494999999993,40.843474100000002,0
RITE AID - 10987,ECKERD CORPORATION,100 SEVEN FIELDS BOULEVARD, ,SEVEN FIELDS,PA,BUTLER,16046,724-742-0909,-80.056379000000007,40.689061600000002,0
WAL-MART SUPERCENTER - 2287,WAL-MART STORES EAST LP,2501 WEST STATE STREET, ,NEW CASTLE,PA,LAWRENCE,16101,724-657-9487,-80.394508000000002,41.008872699999998,1
WALGREENS - 11812,WALGREEN CO,20260 STATE ROUTE 19, ,CRANBERRY,PA,BUTLER,16066,724-742-1040,-80.101946999999996,40.689186999999997,1
MEDICAP PHARMACY,MEDICAP PHARMACY,225 GRANT AVENUE, ,MILLVALE,PA,ALLEGHENY,15209,412-821-1524,-79.971996000000004,40.479000300000003,0
RITE AID - 269,RITE AID OF PENNSYLVANIA INC,230 HAYS AVENUE, ,PITTSBURGH,PA,ALLEGHENY,15210,412-431-8282,-79.987516999999997,40.414513300000003,0
CHILDREN'S HOSPITAL OF PITTSBURGH OF UPMC,UPMC PRESBYTERIAN SHADYSIDE,4401 PENN AVENUE,FLOOR 5,PITTSBURGH,PA,ALLEGHENY,15224,412-692-9200,-79.953076999999993,40.466972900000002,0
THE HOMETOWN PHARMACY,STEMAT INC,20 EAST LAWRENCE STREET, ,NEW CASTLE,PA,LAWRENCE,16101,724-658-8661,-80.345940999999996,40.997647100000002,0
WAL-MART - 2561,WAL-MART STORES EAST LP,4950 WEST 23RD STREET, ,ERIE,PA,ERIE,16506,814-835-0562,-80.189234999999996,42.072466200000001,1
CVS - 5711,WHITE CROSS STORES INC NO 14,1805 WILMINGTON ROAD, ,NEW CASTLE,PA,LAWRENCE,16105,724-656-9185,-80.355037999999993,41.019804299999997,0
BENBROOK HEALTH MART PHARMACY,"BENBROOK PHARMACY, LLC",100 TECHNOLOGY DRIVE,SUITE 1,BUTLER,PA,BUTLER,16001,724-482-6400,-79.968230000000005,40.865315199999998,0
THE MEDICINE SHOPPE PHARMACY,CL CRESSLER INC,330 SOUTH 9TH STREET,SUITE 180,PITTSBURGH,PA,ALLEGHENY,15203,412-697-4880,-79.990611000000001,40.430322400000001,0
MCKEESPORT PRESCRIPTION CENTER,UNISCRIPTS INC,2301 VERSAILLES AVENUE, ,MCKEESPORT,PA,ALLEGHENY,15132,412-673-7147,-79.848928000000001,40.345923900000003,0
GIANT EAGLE,GIANT EAGLE INC,20111 STATE ROUTE 19,CRANBERRY MALL SHOPPING CENTER,CRANBERRY TOWNSHIP,PA,BUTLER,16066,724-772-7420,-80.101935999999995,40.680248599999999,1
CVS - 4369,WHITE CROSS STORES INC NO 14,4725 CENTRE AVENUE, ,PITTSBURGH,PA,ALLEGHENY,15213,412-683-8827,-79.949072000000001,40.453451899999997,0
YOUNGSVILLE PHARMACY,THE YOUNGSVILLE PHARMACY,112 EAST MAIN STREET, ,YOUNGSVILLE,PA,WARREN,16371,814-563-3400,-79.316986999999997,41.851605499999998,0
KMART,K MART CORP,4401 BUFFALO ROAD, ,ERIE,PA,ERIE,16510,814-898-1323,-80.001593999999997,42.145299799999997,0
CVS - 4058,WHITE CROSS STORES INC NO 14,734 EAST WASHINGTON STREET, ,NEW CASTLE,PA,LAWRENCE,16101,724-654-3294,-80.334539000000007,40.993859600000000,0
GIANT EAGLE,TAMARKIN COMPANY,7200 PEACH STREET, ,ERIE,PA,ERIE,16509,814-868-7923,-80.091566999999998,42.050028699999999,1
CVS - 4085,WHITE CROSS STORES INC NO 14,6100 PENN AVENUE, ,PITTSBURGH,PA,ALLEGHENY,15206,412-362-0575,-79.923760000000001,40.460717000000002,0
RITE AID - 3508,RITE AID OF PENNSYLVANIA INC,1340 MAIN STREET, ,BURGETTSTOWN,PA,WASHINGTON,15021,724-947-4722,-80.392028999999994,40.378604400000000,0
WAL-MART SUPERCENTER - 3223,WAL-MART STORES EAST LP,100 CHIPPEWA TOWN CENTRE, ,BEAVER FALLS,PA,BEAVER,15010,724-843-1800,-80.383639000000002,40.782264800000000,1
CVS - 4144,WHITE CROSS STORES INC NO 14,2973 WEST LIBERTY AVENUE, ,PITTSBURGH,PA,ALLEGHENY,15216,412-341-2269,-80.035528999999997,40.393584799999999,0
ELIZABETH PHARMACY,"ELIZABETH PHARMACY, INC",5041 2ND AVENUE, ,PITTSBURGH,PA,ALLEGHENY,15207,412-421-0114,-79.943037000000004,40.407251199999997,0
COSTCO,COSTCO WHOLESALE CORPORATION,1050 CRANBERRY SQUARE DRIVE, ,CRANBERRY TOWNSHIP,PA,BUTLER,16066,724-778-6302,-80.107507999999996,40.691609700000001,0
HYDE DRUG STORE,"HYDE DRUG, L.L.C.",112 NORTH LIBERTY STREET, ,NEW CASTLE,PA,LAWRENCE,16102,724-652-1451,-80.374605000000003,40.973439399999997,0
CRITICAL CARE SYSTEMS,CRITICAL CARE SYSTEMS INC,3243 OLD FRANKSTOWN ROAD, ,PITTSBURGH,PA,ALLEGHENY,15239,724-325-9977,-79.710622999999998,40.445281700000002,0
SAM'S CLUB - 4859,SAMS EAST INC,200 MORAINE POINTE PLAZA, ,BUTLER,PA,BUTLER,16001,724-282-2120,-79.953843000000006,40.876932199999999,0
CVS - 4070,WHITE CROSS STORES INC NO 14,10600 FRANKSTOWN ROAD, ,PITTSBURGH,PA,ALLEGHENY,15235,412-241-3348,-79.842146999999997,40.459871600000000,0
KMART,K MART CORP,4041 WASHINGTON ROAD, ,MC MURRAY,PA,WASHINGTON,15317,724-942-4927,-80.127292999999995,40.266862099999997,0
THE MEDICINE SHOPPE PHARMACY,PROFESSIONAL CARE SPECIALISTS INC,18 NORTH MILL STREET,WASHINGTON CENTRE,NEW CASTLE,PA,LAWRENCE,16101,724-652-8132,-80.343890000000002,41.000714299999999,0
KMART,K MART CORP,3000 MCINTYRE SQUARE DRIVE, ,PITTSBURGH,PA,ALLEGHENY,15237,412-369-9712,-80.016929000000005,40.551840900000002,0
GIANT EAGLE,GIANT EAGLE INC,100 BUFFALO PLAZA, ,SARVER,PA,BUTLER,16055,724-294-2802,-79.726090999999997,40.707208100000003,1
FORBES PHARMACY,UPMC PRESBYTERIAN SHADYSIDE,3501 FORBES AVENUE,OXFORD BUILDING ROOM 756,PITTSBURGH,PA,ALLEGHENY,15213,412-246-6160,-79.959468000000001,40.440108000000002,0
SAM'S CLUB - 6679,SAMS EAST INC,2251 CENTURY DRIVE, ,WEST MIFFLIN,PA,ALLEGHENY,15122,412-653-6605,-79.949021999999999,40.343767800000002,0
SAINT CLAIR HOSPITAL,ST CLAIR HOSPITAL OUTPATIENT PHARMACY,1000 BOWER HILL ROAD, ,PITTSBURGH,PA,ALLEGHENY,15243,412-942-1413,-80.066738999999998,40.378062700000001,0
FAMILY APOTHECARY,FAMILY APOTHECARY LLC,10441 PERRY HIGHWAY,SUITE 17,WEXFORD,PA,ALLEGHENY,15090,724-934-2070,-80.052515000000000,40.606763899999997,0
SOLLON PHARMACY,SOLLON PHARMACY,368 EUCLID AVENUE, ,CANONSBURG,PA,WASHINGTON,15317,724-745-6700,-80.177998000000002,40.265241300000000,0
RITE AID - 10894,THRIFT DRUG INC,1021 1ST AVENUE, ,CONWAY,PA,BEAVER,15027,724-869-2369,-80.238540000000000,40.659884499999997,0
KROGER,THE KROGER CO,1241 WARWOOD AVENUE, ,WHEELING,WV,OHIO,26003,304-277-3373,-80.699667000000005,40.114095100000000,1
O'BRIEN'S PHARMACY,OBRIENS PHARMACY INC,3400 SOUTH PARK ROAD, ,BETHEL PARK,PA,ALLEGHENY,15102,412-835-1616,-80.057332000000002,40.322217100000003,0
ADZEMA PHARMACY,ADZEMA PHARMACY,8105 PERRY HIGHWAY, ,PITTSBURGH,PA,ALLEGHENY,15237,412-364-7000,-80.038968999999994,40.554703500000002,0
MEDCO HEALTH,MEDCO HEALTH SOLUTIONS OF NORTH VERSAILLES LLC,1810 LINCOLN HIGHWAY, ,NORTH VERSAILLES,PA,ALLEGHENY,15137,412-829-3200,-79.782010999999997,40.368286099999999,0
RITE AID - 2375,RITE AID OF PENNSYLVANIA INC,925 WEST ERIE PLAZA, ,ERIE,PA,ERIE,16505,814-454-7800,-80.132908000000000,42.107342699999997,0
RITE AID - 10890,THRIFT DRUG INC,1505 7TH AVENUE, ,BEAVER FALLS,PA,BEAVER,15010,724-843-6774,-80.320262000000000,40.756317699999997,0
YAKIM'S COMPOUNDING PHARMACY,YAKIM'S COMPOUNDING PHARMACY,412 BROADWAY, ,PITCAIRN,PA,ALLEGHENY,15140,412-372-3700,-79.779804999999996,40.401672400000002,0
CVS - 2392,WHITE CROSS STORES INC NO 14,3000 HEIGHTS ROAD, ,ALIQUIPPA,PA,BEAVER,15001,724-867-4041,-80.256015000000005,40.569761200000002,0
NEW CASTLE APOTHECARY,NEW CASTLE APOTHECARY,1750 NEW BUTLER ROAD, ,NEW CASTLE,PA,LAWRENCE,16101, ,-80.310027000000005,40.983953100000001,0
THE MEDICINE SHOPPE PHARMACY,DBO INCORPORATED,125 PILLOW STREET, ,BUTLER,PA,BUTLER,16001,724-282-8446,-79.904263000000000,40.861179700000001,0
PHARMERICA,PHARMERICA DRUG SYSTEMS INC,2337 WEST 50TH STREET, ,ERIE,PA,ERIE,16506,814-835-7438,-80.114334999999997,42.071038999999999,0
RITE AID - 3968,RITE AID OF PENNSYLVANIA INC,318 5TH AVENUE, ,PITTSBURGH,PA,ALLEGHENY,15222,412-434-6607,-80.000031000000007,40.440188599999999,0
GIANT EAGLE,GIANT EAGLE INC,4007 WASHINGTON ROAD, ,MCMURRAY,PA,WASHINGTON,15317,724-941-0788,-80.126678999999996,40.269097199999997,1
CVS - 4162,WHITE CROSS STORES INC NO 14,2580 CONSTITUTION BOULEVARD, ,BEAVER FALLS,PA,BEAVER,15010,724-847-2190,-80.373867000000004,40.773563699999997,0
INFUSION PARTNERS,INFUSION PARTNERS LLC,610 ALPHA DRIVE,SUITE 100,PITTSBURGH,PA,ALLEGHENY,15238,800-464-3131,-79.869425000000007,40.501047700000001,0
THE MEDICINE SHOPPE PHARMACY,CC BLUE INC,1234 WEST MAIN STREET, ,MONONGAHELA,PA,WASHINGTON,15063,724-258-5055,-79.938461000000004,40.206053199999999,0
THE MEDICINE SHOPPE PHARMACY,VERMILYA'S PHARMACIES INC,400 JEFFERSON AVENUE, ,WASHINGTON,PA,WASHINGTON,15301,724-222-0900,-80.255482999999998,40.175482299999999,0
KANE REGIONAL CENTER GLEN HAZEL,ALLEGHENY COUNTY,955 RIVERMONT DRIVE, ,PITTSBURGH,PA,ALLEGHENY,15207,412-422-6800,-79.930362000000002,40.407705600000000,0
HOMETOWN PHARMACY,"MARYSIA, INC",3 NORTHGATE PLAZA, ,HARMONY,PA,BUTLER,16037,724-452-5334,-80.136324000000002,40.802417900000002,0
RITE AID - 1094,RITE AID OF PENNSYLVANIA INC,3210 BANKSVILLE ROAD, ,PITTSBURGH,PA,ALLEGHENY,15216,412-388-1601,-80.045242000000002,40.399475099999997,0
RITE AID - 2433,RITE AID OF PENNSYLVANIA INC,813 THIRD AVENUE, ,NEW BRIGHTON,PA,BEAVER,15066,724-843-5440,-80.313580000000002,40.734955100000001,0
RITE AID - 1353,RITE AID OF PENNSYLVANIA INC,25 EAST PIKE STREET, ,CANONSBURG,PA,WASHINGTON,15317,724-745-4418,-80.185597999999999,40.259369800000002,0
WALGREENS - 9942,WALGREEN CO.,2646 DARLINGTON ROAD, ,BEAVER FALLS,PA,BEAVER,15010,724-891-3512,-80.381258000000003,40.775907699999998,1
RITE AID - 3459,RITE AID OF PENNSYLVANIA INC,802 PENNSYLVANIA AVENUE, ,PITTSBURGH,PA,ALLEGHENY,15233,412-231-0868,-80.015773999999993,40.456403799999997,0
TARGET,TARGET CORPORATION AND SUBSIDIARIES,335 WASHINGTON ROAD, ,WASHINGTON,PA,WASHINGTON,15301,724-229-9306,-80.227778000000001,40.187985800000000,1
RITE AID - 10934,THRIFT DRUG INC,23 YOST BOULEVARD, ,PITTSBURGH,PA,ALLEGHENY,15221,412-823-8152,-79.848093000000006,40.414513999999997,0
EVANS CITY PHARMACY / EVANS CITY APOTHECARY,EVANS CITY DRUG STORE INC,201 EAST MAIN STREET, ,EVANS CITY,PA,BUTLER,16033,724-538-4240,-80.062943000000004,40.769393500000000,0
RITE AID - 10961,THRIFT DRUG INC,4185 WASHINGTON ROAD, ,MCMURRAY,PA,WASHINGTON,15317,724-942-9111,-80.132945000000007,40.262460200000000,0
SAM'S CLUB - 6251,SAMS EAST INC,80 TRINITY POINT DRIVE, ,WASHINGTON,PA,WASHINGTON,15301,724-229-5394,-80.217550000000003,40.184812100000002,0
WALGREENS - 10494,WALGREEN CO.,100 RHODE ISLAND AVENUE, ,ROCHESTER,PA,BEAVER,15074,724-774-2105,-80.284996000000007,40.700159300000003,1
RITE AID - 10949,THRIFT DRUG INC,5410 KEEPORT DRIVE, ,PITTSBURGH,PA,ALLEGHENY,15236,412-655-9455,-79.979720999999998,40.336984399999999,0
RITE AID - 274,RITE AID OF PENNSYLVANIA INC,1700 MURRAY AVENUE, ,PITTSBURGH,PA,ALLEGHENY,15217,412-521-3900,-79.923197999999999,40.437881500000003,0
RITE AID - 10960,ECKERD CORPORATION,601 WEST PIKE STREET, ,CANONSBURG,PA,WASHINGTON,15317,724-745-5016,-80.203667999999993,40.256823400000002,0
RITE AID - 10926,THRIFT DRUG INC,1222 BROWNSVILLE ROAD, ,PITTSBURGH,PA,ALLEGHENY,15210,412-884-3356,-79.990442999999999,40.403126200000003,0
TARGET,TARGET CORPORATION AND SUBSIDIARIES,600 CHAUVET DRIVE, ,PITTSBURGH,PA,ALLEGHENY,15275,412-490-0802,-80.183503000000002,40.446321800000000,1
COLONIAL PHARMACY,"COBRA ASSOCIATES, INC.",708 EKASTOWN ROAD, ,SARVER,PA,BUTLER,16055,724-353-1420,-79.777946999999998,40.711889900000003,0
QOL MEDS,SPECIALIZED PHARMACEUTICALS INC,4900 PERRY HIGHWAY,BUILDING 2,PITTSBURGH,PA,ALLEGHENY,15229,412-931-3131,-80.024276999999998,40.503900999999999,0
GIANT EAGLE,GIANT EAGLE INC,1300 COUNTRY CLUB ROAD, ,MONONGAHELA,PA,WASHINGTON,15063,724-258-6101,-79.916718000000003,40.172284200000000,1
RITE AID - 273,RITE AID OF PENNSYLVANIA INC,2300 JANE STREET, ,PITTSBURGH,PA,ALLEGHENY,15203,412-431-6773,-79.973034999999996,40.425751200000001,0
THE MEDICINE SHOPPE PHARMACY,GREENSBURG MED INC,434 EAST PITTSBURGH STREET,SUITE 17,GREENSBURG,PA,WESTMORELAND,15601,724-834-5113,-79.535156999999998,40.302959000000001,0
BRIGHTON HEALTH MART PHARMACY,"T.E.P., INC.",525 5TH AVENUE, ,NEW BRIGHTON,PA,BEAVER,15066,724-847-7979,-80.314884000000006,40.738160299999997,0
GIANT EAGLE,GIANT EAGLE INC,200 STATION STREET, ,MC DONALD,PA,WASHINGTON,15057,724-926-2201,-80.236114000000001,40.367175000000003,1
RITE AID - 10933,THRIFT DRUG INC,1956 GREENTREE ROAD, ,PITTSBURGH,PA,ALLEGHENY,15220,412-563-3933,-80.067216999999999,40.395325800000002,0
VETERANS AFFAIRS PITTSBURGH HEALTHCARE SYSTEM - HIGHLAND DRIVE DIVISION,PITTSBURGH VAMC,7180 HIGHLAND DRIVE, ,PITTSBURGH,PA,ALLEGHENY,15206,412-365-4900,-79.895563999999993,40.480348300000003,0
RITE AID - 10930,THRIFT DRUG INC,3700 FORBES AVENUE, ,PITTSBURGH,PA,ALLEGHENY,15213,412-681-1332,-79.957363999999998,40.441019300000001,0
WAL-MART SUPERCENTER - 2059,WAL-MART STORES EAST LP,2200 GREENGATE CENTRE CIRCLE, ,GREENSBURG,PA,WESTMORELAND,15601,724-830-2445,-79.581526999999994,40.308894199999997,1
MED-FAST PHARMACY,MEDFAST PHARMACY,5001 LIBRARY ROAD,SHOP N SAVE,BETHEL PARK,PA,ALLEGHENY,15102,412-831-0440,-80.024710999999996,40.341065800000003,0
CVS - 4077,WHITE CROSS STORES INC NO 14,975 ROSTRAVER ROAD, ,BELLE VERNON,PA,WESTMORELAND,15012,724-929-9155,-79.842883999999998,40.139700900000001,0
CVS - 5100,CVS BDI INC,429 SMITHFIELD STREET, ,PITTSBURGH,PA,ALLEGHENY,15222,412-261-4846,-79.999431000000001,40.439319200000000,1
YOUR HOMETOWN PHARMACY,YOUR HOMETOWN PHARMACY INC,3106 BUFFALO ROAD, ,ERIE,PA,ERIE,16510,814-898-2085,-80.015961000000004,42.140254599999999,0
STANDARD PHARMACY,"DANIEL C. KOCHIS AND ASSOCIATES, INC.",619 BROAD AVENUE, ,BELLE VERNON,PA,WESTMORELAND,15012,724-929-5445,-79.863484999999997,40.131186499999998,0
SPARTAN PHARMACY,SPARTAN PHARMACY,3526 BROWNSVILLE ROAD, ,BRENTWOOD,PA,ALLEGHENY,15227,412-884-4400,-79.975785000000002,40.374614299999998,0
LIGONIER PHARMACY,"LIGONIER PHARMACY,INC",113 SOUTH FAIRFIELD STREET, ,LIGONIER,PA,WESTMORELAND,15658,724-238-6988,-79.239935000000003,40.243394000000002,0
BURNS DRUG,BURNS DRUG COMPANY,135 PITTSBURGH STREET, ,SCOTTDALE,PA,WESTMORELAND,15683,724-887-6300,-79.587954999999994,40.100666099999998,0
RITE AID - 10900,THRIFT DRUG INC,700 STEVENSON BOULEVARD, ,NEW KENSINGTON,PA,WESTMORELAND,15068,724-335-4111,-79.754616999999996,40.564189300000002,0
WALGREENS - 10282,WALGREEN CO.,30 PINE CREEK ROAD, ,WEXFORD,PA,ALLEGHENY,15090,412-366-2456,-80.043139999999994,40.586238899999998,1
CVS - 4082,WHITE CROSS STORES INC NO 14,410 EAST 12TH STREET, ,ERIE,PA,ERIE,16503,814-456-7071,-80.072337000000005,42.127271000000000,0
UNION PRESCRIPTION CENTER,UNISCRIPTS INC OF MONESSEN,401 DONNER AVENUE, ,MONESSEN,PA,WESTMORELAND,15062,724-684-8350,-79.884231999999997,40.161785600000002,0
MED-FAST PHARMACY,MED-FAST PHARMACY INC,4801 MCKNIGHT ROAD, ,PITTSBURGH,PA,ALLEGHENY,15237,412-364-7944,-80.007531999999998,40.524681700000002,0
MED-FAST PHARMACY,MEDFAST PHARMACY,2007 SHEFFIELD ROAD, ,ALIQUIPPA,PA,BEAVER,15001,724-375-1672,-80.275972999999993,40.607055299999999,0
GIANT EAGLE,GIANT EAGLE INC,331 WASHINGTON ROAD, ,WASHINGTON,PA,WASHINGTON,15301,724-228-2865,-80.228928999999994,40.186408000000000,1
RITE AID - 7924,RITE AID OF PENNSYLVANIA INC,2270 NOBLESTOWN ROAD, ,PITTSBURGH,PA,ALLEGHENY,15205,412-920-6190,-80.054272999999995,40.428436699999999,0
TOPS - 601,"TOPS MARKETS, LLC",1702 EAST 38TH STREET, ,ERIE,PA,ERIE,16510,814-455-9629,-80.030810000000002,42.117688200000003,0
WAL-MART SUPERCENTER - 1739,WAL-MART STORES EAST LP,30 TRINITY POINT DRIVE, ,WASHINGTON,PA,WASHINGTON,15301,724-229-4022,-80.221665999999999,40.182667000000002,1
HOMETOWN PHARMACY,PROFESSIONAL SPECIALIZED PHARMACIES,600 WILLOWBROOK PLAZA, ,BELLE VERNON,PA,WESTMORELAND,15012,724-379-6000,-79.810091000000000,40.185883799999999,0
MED-FAST PHARMACY,MED-FAST PHARMACY INC,4935 TUSCARAWAS ROAD,SHOP N SAVE,BEAVER,PA,BEAVER,15009,724-495-6583,-80.404326999999995,40.705230999999998,0
THE MEDICINE SHOPPE PHARMACY,ADVANCED PHARMACY INC,524 BROOKLINE BOULEVARD, ,PITTSBURGH,PA,ALLEGHENY,15226,412-561-3180,-80.023022999999995,40.395612700000001,0
GIANT EAGLE,GIANT EAGLE INC,5550 CENTRE AVENUE, ,PITTSBURGH,PA,ALLEGHENY,15232,412-682-5466,-79.934780000000003,40.456418200000002,1
GIANT EAGLE,GIANT EAGLE INC,200 ALLEGHENY RIVER BOULEVARD, ,VERONA,PA,ALLEGHENY,15147,412-828-1256,-79.844504000000001,40.499220000000001,1
THE MEDICINE SHOPPE PHARMACY,PENN BEAVER PHARMACY INC,734 OHIO RIVER BOULEVARD,ROCHESTER PLAZA,ROCHESTER,PA,BEAVER,15074,724-728-7455,-80.273045999999994,40.699508399999999,0
HERITAGE VALLEY PHARMACY - SEWICKLEY CAMPUS,HERITAGE VALLEY PHARMACY SEWICKLEY CAMPUS,720 BLACKBURN ROAD,SEWICKLEY VALLEY HOSPITAL 3RD FLOOR,SEWICKLEY,PA,ALLEGHENY,15143,412-749-7329,-80.178083000000001,40.542973199999999,0
CURTIS PHARMACY,"CLAYSVILLE PHARMACY, LLC",869 HENDERSON AVENUE, ,WASHINGTON,PA,WASHINGTON,15301,724-225-1592,-80.269587999999999,40.197599199999999,0
HILAND PHARMACY,HILAND PHARMACY INC,231 BUTLER ROAD, ,KITTANNING,PA,ARMSTRONG,16201,724-543-2504,-79.530681999999999,40.806846600000000,0
MEDICINE STOP,SMATKO PHARMACY INC,1529 7TH AVENUE, ,BEAVER FALLS,PA,BEAVER,15010,724-843-2338,-80.319699000000000,40.756799299999997,0
RITE AID - 1854,RITE AID OF PENNSYLVANIA INC,1709 LIBERTY STREET, ,ERIE,PA,ERIE,16502,814-452-2596,-80.095004000000003,42.113034399999997,0
CORAM SPECIALTY INFUSION SERVICES,"CORAM ALTERNATE SITE SERVICES, INC.",220 EXECUTIVE DRIVE,SUITE 500,CRANBERRY TOWNSHIP,PA,BUTLER,16066,724-772-3705,-80.108725000000007,40.687269999999998,0
CVS - 4152,WHITE CROSS STORES INC NO 14,5600 WILKINS AVENUE, ,PITTSBURGH,PA,ALLEGHENY,15217,412-521-5690,-79.927623999999994,40.443799700000000,0
RITE AID - 11007,THRIFT DRUG INC,1338 EAST GRANDVIEW BOULEVARD, ,ERIE,PA,ERIE,16504,814-825-2333,-80.032189000000002,42.108235499999999,0
MILLENNIUM PHARMACY SYSTEMS,MILLENNIUM PHARMACY SYSTEMS INC,200 WEST KENSINGER DRIVE,SUITE 600,CRANBERRY TOWNSHIP,PA,BUTLER,16066,724-940-2490,-80.117420999999993,40.711793100000001,0
GIANT EAGLE,GIANT EAGLE INC,230 RODI ROAD, ,PITTSBURGH,PA,ALLEGHENY,15235,412-241-6134,-79.825205999999994,40.461733400000000,1
HAYDEN'S PHARMACY,CHRISTOFANO ASSOCIATES LLC,505 NORTH 4TH STREET,YOUNGWOOD INTERNAL MEDICAL BUILDING,YOUNGWOOD,PA,WESTMORELAND,15697,724-925-1400,-79.575506000000004,40.246082700000002,0
NEW STANTON PHARMACY,RISTWAY INC,144 POST AVENUE, ,NEW STANTON,PA,WESTMORELAND,15672,724-925-9810,-79.609532999999999,40.215746099999997,0
KMART,K MART CORP,2660 CONSTITUTION BOULEVARD, ,BEAVER FALLS,PA,BEAVER,15010,724-843-9350,-80.379015999999993,40.778044100000002,0
JANOSIK'S PHARMACY,JANOSIKS PHARMACY,122 6TH STREET, ,MONESSEN,PA,WESTMORELAND,15062,724-684-8600,-79.887448000000006,40.161606499999998,0
RITE AID - 1709,RITE AID OF PENNSYLVANIA INC,15 CENTENNIAL WAY, ,SCOTTDALE,PA,WESTMORELAND,15683,724-887-4727,-79.587331000000006,40.101482900000001,0
GIANT EAGLE,GIANT EAGLE INC,1717 COCHRAN ROAD, ,PITTSBURGH,PA,ALLEGHENY,15220,412-343-8217,-80.065377999999995,40.392622000000003,1
SAM'S CLUB - 6675,SAMS EAST INC,7200 PEACH STREET, ,ERIE,PA,ERIE,16509,814-866-0984,-80.093553999999997,42.051004200000001,0
CVS - 4051,WHITE CROSS STORES INC NO 14,1801 WASHINGTON ROAD, ,PITTSBURGH,PA,ALLEGHENY,15241,412-833-0545,-80.055319999999995,40.346523500000004,0
BLACKBURN'S PHYSICIANS PHARMACY,BLACKBURNS PHYSICIANS PHARMACY INC,301 CORBET STREET, ,TARENTUM,PA,ALLEGHENY,15084,724-224-9100,-79.751982999999996,40.601776200000003,0
RITE AID - 10958,THRIFT DRUG INC,1396 WEST CHESTNUT STREET, ,WASHINGTON,PA,WASHINGTON,15301,724-228-0059,-80.273267000000004,40.164089500000003,0
OMNICARE,OMNICARE PHARMACIES OF PENNSYLVANIA WEST,1152 GARDEN STREET, ,GREENSBURG,PA,WESTMORELAND,15601,724-832-1233,-79.569379999999995,40.285981600000000,0
GIANT EAGLE,"GIANT EAGLE, INC",2001 LINCOLN WAY, ,WHITE OAK,PA,ALLEGHENY,15131,412-673-1870,-79.805368000000001,40.337354400000002,1
TARGET,TARGET CORPORATION AND SUBSIDIARIES,6700 PEACH STREET, ,ERIE,PA,ERIE,16509,814-860-8711,-80.094851000000006,42.054872199999998,1
VACCARE'S PHARMACY,"VACCARE PHARMACY , INC",110 NORTH MAIN STREET, ,GREENSBURG,PA,WESTMORELAND,15601,724-837-1260,-79.545023000000000,40.303819099999998,0
WALGREENS - 9344,WALGREEN CO,2455 LEECHBURG ROAD, ,NEW KENSINGTON,PA,WESTMORELAND,15068,724-334-1852,-79.747439999999997,40.587920799999999,1
RITE AID - 3586,RITE AID OF PENNSYLVANIA INC,111 NORTH PLAZA, ,APOLLO,PA,ARMSTRONG,15613,724-478-2500,-79.566248000000002,40.582008000000002,0
RITE AID - 10967,THRIFT DRUG INC,6090 STATE ROUTE 30, ,GREENSBURG,PA,WESTMORELAND,15601,724-837-4180,-79.582054999999997,40.304298899999999,0
WALGREENS - 9188,WALGREEN CO,4 OLD CLAIRTON ROAD, ,PLEASANT HILLS,PA,ALLEGHENY,15236,412-650-7354,-79.966345000000004,40.340634700000003,1
THE WESTERN PENNSYLVANIA HOSPITAL,WESTERN PENNSYLVANIA HOSPITAL PHARMACY,4800 FRIENDSHIP AVENUE, ,PITTSBURGH,PA,ALLEGHENY,15224,412-578-5000,-79.946363000000005,40.461378600000003,0
WAL-MART SUPERCENTER - 2909,WAL-MART STORES EAST LP,961 EAST COLUMBUS AVENUE, ,CORRY,PA,ERIE,16407,814-663-7065,-79.612339000000006,41.933995699999997,1
RITE AID - 3527,RITE AID OF PENNSYLVANIA INC,155 CHARTIERS AVENUE, ,MC KEES ROCKS,PA,ALLEGHENY,15136,412-331-0106,-80.056113999999994,40.465457399999998,0
WAL-MART SUPERCENTER - 3281,WAL-MART STORES EAST LP,5741 BUFFALO ROAD, ,HARBORCREEK,PA,ERIE,16421,814-899-6280,-79.967984999999999,42.159371600000000,1
CVS - 4115,WHITE CROSS STORES INC NO 14,125 DONAHUE ROAD, ,GREENSBURG,PA,WESTMORELAND,15601,724-836-7041,-79.509808000000007,40.304655300000000,0
SCHILLER'S PHARMACY,SCHILLER'S PHARMACY,811 SOUTH AIKEN AVENUE, ,PITTSBURGH,PA,ALLEGHENY,15232,412-621-5900,-79.935274000000007,40.450568199999999,0
GIANT EAGLE,GIANT EAGLE INC,1356 HOFFMAN BOULEVARD, ,WEST MIFFLIN,PA,ALLEGHENY,15122,412-461-4295,-79.868313000000001,40.384390199999999,1
PHARMSV,SAINT VINCENT HEALTH CENTER,232 WEST 25TH STREET, ,ERIE,PA,ERIE,16544,814-452-5600,-80.079312999999999,42.111481900000001,0
GIANT EAGLE,GIANT EAGLE INC,200 TARENTUM BRIDGE ROAD, ,NEW KENSINGTON,PA,WESTMORELAND,15068,724-339-4943,-79.749629999999996,40.592560900000002,1
GIANT EAGLE,GIANT EAGLE INC,9805 MCKNIGHT ROAD, ,PITTSBURGH,PA,ALLEGHENY,15237,412-366-3214,-80.038253999999995,40.584387900000003,1
PRIMARY CARE PHARMACY SERVICES,PRIMARY CARE PHARMACY SERVICES INC,2550 MOSSIDE BOULEVARD,SUITE 210,MONROEVILLE,PA,ALLEGHENY,15146,412-380-5230,-79.752644000000004,40.427005700000002,0
TOWN AND COUNTRY PHARMACY,TOWN & COUNTRY PHARMACY INC,2209 FREEPORT ROAD, ,NEW KENSINGTON,PA,WESTMORELAND,15068,724-335-2330,-79.756452999999993,40.585852600000003,0
WALGREENS - 9803,WALGREEN CO,324 HULTON ROAD, ,OAKMONT,PA,ALLEGHENY,15139,412-826-8303,-79.841714999999994,40.525275999999998,1
VANDERGRIFT PHARMACY,"HEIGHTS PRESCRIPTION PHARMACY, INC",237 LONGFELLOW STREET, ,VANDERGRIFT,PA,WESTMORELAND,15690,724-567-6615,-79.571226999999993,40.596593100000000,0
GIANT EAGLE,GIANT EAGLE INC,910 FREEPORT ROAD, ,PITTSBURGH,PA,ALLEGHENY,15238,412-781-1600,-79.894305000000003,40.488179899999999,1
MED-FAST PHARMACY,MED-FAST PHARMACY INC,4589 ROUTE 136,SHOP N SAVE,GREENSBURG,PA,WESTMORELAND,15601,724-850-8501,-79.578288000000001,40.289450700000003,0
RITE AID - 10937,THRIFT DRUG INC,623 SMITHFIELD STREET, ,PITTSBURGH,PA,ALLEGHENY,15222,412-471-8882,-79.997922000000003,40.442020599999999,0
MED-FAST PHARMACY,MEDFAST PHARMACY,3335 WILLIAM PENN HIGHWAY,SHOP N SAVE,PITTSBURGH,PA,ALLEGHENY,15235,412-829-7370,-79.817608000000007,40.432904700000002,0
RITE AID - 10947,THRIFT DRUG INC,7345 SALTSBURG ROAD, ,PENN HILLS,PA,ALLEGHENY,15235,412-798-2344,-79.785971000000004,40.477246500000000,0
WAL-MART SUPERCENTER - 2420,WAL-MART STORES EAST LP,100 SARA WAY, ,BELLE VERNON,PA,WESTMORELAND,15012,724-929-2437,-79.845654999999994,40.138543800000001,1
THE MEDICINE SHOPPE PHARMACY,CL CRESSLER INC,412 EAST COMMONS,SUITE 110,PITTSBURGH,PA,ALLEGHENY,15212,412-442-1925,-80.002263999999997,40.451221699999998,0
RITE AID - 10988,ECKERD CORPORATION,129 GRAND AVENUE, ,MARS,PA,BUTLER,16046,724-625-3196,-80.010122999999993,40.696644700000000,0
TARGET,TARGET CORPORATION AND SUBSIDIARIES,110 BUTLER COMMONS, ,BUTLER,PA,BUTLER,16001,724-283-7269,-79.941512000000003,40.875596700000003,1
INSTITUTE HILL PHARMACY,INSTITUTE HILL PHARMACY,937 EAST JEFFERSON STREET, ,BUTLER,PA,BUTLER,16001,724-285-3693,-79.879769999999994,40.863857699999997,0
WAL-MART SUPERCENTER - 1770,WAL-MART STORES EAST LP,20245 STATE ROUTE 19, ,CRANBERRY TOWNSHIP,PA,BUTLER,16066,724-772-4553,-80.105581000000001,40.687672499999998,1
ROSTRAVER DRUG STORE,ROSTRAVER DRUG STORE L L C,520 CIRCLE DRIVE, ,BELLE VERNON,PA,WESTMORELAND,15012,724-929-5533,-79.806278000000006,40.176191500000002,0
RITE AID - 10925,THRIFT DRUG INC,2158 BROWNSVILLE ROAD, ,PITTSBURGH,PA,ALLEGHENY,15210,412-881-6439,-79.987375999999998,40.391956000000000,0
PDC PHARMACY,PASSAVANT DEVELOPMENT CORPORATION,100 PASSAVANT WAY, ,PITTSBURGH,PA,ALLEGHENY,15238,866-732-7948,-79.838207999999995,40.541782599999998,0
RITE AID - 10943,THRIFT DRUG INC,2501 SAW MILL RUN BOULEVARD, ,PITTSBURGH,PA,ALLEGHENY,15234,412-882-0500,-79.995216999999997,40.381687200000002,0
GIANT EAGLE,"GIANT EAGLE, INC",820 TRI COUNTY PLAZA, ,BELLE VERNON,PA,WESTMORELAND,15012,724-929-3789,-79.840626000000000,40.137360999999999,1
KMART,K MART CORP,720 CLAIRTON BOULEVARD, ,PLEASANT HILLS,PA,ALLEGHENY,15236,412-653-7906,-79.945673999999997,40.326908699999997,0
RITE AID - 10921,THRIFT DRUG INC,1915-1921 EAST CARSON STREET, ,PITTSBURGH,PA,ALLEGHENY,15203,412-481-8818,-79.978324000000001,40.428882000000002,0
OMNICARE PHARMACY SERVICES OF PITTSBURGH,OMNICARE PHARMACIES OF PENNSYLVANIA WEST LLC,4700 STEUBENVILLE PIKE, ,PITTSBURGH,PA,ALLEGHENY,15205,412-919-0240,-80.101507999999995,40.447745500000003,0
RITE AID - 10946,THRIFT DRUG INC,6200 SALTSBURG ROAD, ,PITTSBURGH,PA,ALLEGHENY,15235,412-798-0490,-79.817419000000001,40.484489300000000,0
PRESCRIPTION CENTER PLUS - SOUTH PARK,LIBRARY PHARMACY INC.,2850 BROWNSVILLE ROAD, ,SOUTH PARK,PA,ALLEGHENY,15129,412-835-4552,-79.997438000000002,40.289423399999997,0
RITE AID - 10939,THRIFT DRUG INC,4411 HOWLEY STREET, ,PITTSBURGH,PA,ALLEGHENY,15224,412-621-9987,-79.952670999999995,40.464627900000004,0
RITE AID - 10984,THRIFT DRUG INC,178 POINT PLAZA, ,BUTLER,PA,BUTLER,16001,724-285-5800,-79.930671000000004,40.868887299999997,0
RITE AID - 10944,THRIFT DRUG INC,10740 FRANKSTOWN ROAD, ,PITTSBURGH,PA,ALLEGHENY,15235,412-242-4700,-79.840350999999998,40.461737999999997,0
RITE AID - 10928,THRIFT DRUG INC,623-625 EAST OHIO STREET, ,PITTSBURGH,PA,ALLEGHENY,15212,412-322-1566,-79.998350000000002,40.453698000000003,0
ALLEGHENY COUNTY HEALTH DEPARTMENT PHARMACY,ALLEGHENY COUNTY HEALTH DEPT. PHARMACY,3901 PENN AVENUE, ,PITTSBURGH,PA,ALLEGHENY,15224,412-578-8168,-79.959006000000002,40.465419099999998,0
CVS - 4002,WHITE CROSS STORES INC NO 14,70 WEST STEUBEN STREET,CRAFTON-INGRAM SHOPPING CENTER,CRAFTON,PA,ALLEGHENY,15205,412-921-2060,-80.069804000000005,40.439017000000000,0
KLINGENSMITH'S,KLINGENSMITHS DRUG STORES INC,316 1ST AVENUE,SUITE 100,KITTANNING,PA,ARMSTRONG,16201,724-548-5500,-79.529656000000003,40.807867100000003,0
KLINGENSMITH'S,KLINGENSMITHS DRUG STORES INC,153 MARKET STREET, ,LEECHBURG,PA,ARMSTRONG,15656,724-845-7501,-79.606121000000002,40.627027200000001,0
WYBLE'S PHARMACY,WYBLES PHARMACY,200 NORTH WARREN AVENUE, ,APOLLO,PA,ARMSTRONG,15613,724-478-4051,-79.567187000000004,40.582467299999998,0
RITE AID - 10954,THRIFT DRUG INC,1125-1135 FREEPORT ROAD, ,PITTSBURGH,PA,ALLEGHENY,15238,412-782-2277,-79.881296000000006,40.488446699999997,0
PALMER HEALTH MART PHARMACY,NICHOLAS HROMIKA,738 LITTLE DEER CREEK VALLEY ROAD, ,RUSSELLTON,PA,ALLEGHENY,15076,724-265-1632,-79.833505000000002,40.617531800000002,0
VETERAN AFFAIRS BUTLER HEALTHCARE,BUTLER VAMC,325 NEW CASTLE ROAD, ,BUTLER,PA,BUTLER,16001,724-285-5012,-79.943991999999994,40.873486700000001,0
FALK PHARMACY,UPMC PRESBYTERIAN SHADYSIDE,3601 5TH AVENUE, ,PITTSBURGH,PA,ALLEGHENY,15213,412-473-7427,-79.959351999999996,40.441534599999997,0
TARGET,TARGET CORPORATION AND SUBSIDIARIES,9805 MCKNIGHT ROAD, ,PITTSBURGH,PA,ALLEGHENY,15237,412-369-9446,-80.040649999999999,40.584848000000001,1
RITE AID - 10929,ECKERD CORPORATION,3730 BRIGHTON ROAD, ,PITTSBURGH,PA,ALLEGHENY,15212,412-761-3363,-80.035195999999999,40.484132700000004,0
GIANT EAGLE,GIANT EAGLE INC,2021 WHARTON STREET, ,PITTSBURGH,PA,ALLEGHENY,15203,412-488-1802,-79.976567000000003,40.431140300000003,1
WALGREENS - 11697,WALGREEN CO,108 GREENSBURG ROAD, ,LOWER BURRELL,PA,WESTMORELAND,15068,724-339-1473,-79.756039999999999,40.551936699999999,1
RX PHARMACY SERVICES,"MOSSO'S MEDICAL SUPPLY COMPANY, LLC",540 SECO ROAD,SUITE A,MONROEVILLE,PA,ALLEGHENY,15146,412-373-2784,-79.757002000000000,40.448514400000001,0
RITE AID - 10899,THRIFT DRUG INC,3200 OREGON DRIVE, ,LOWER BURRELL,PA,WESTMORELAND,15068,724-339-6686,-79.701860999999994,40.584299999999999,0
GIANT EAGLE,GIANT EAGLE INC,117 SOUTH WALNUT STREET, ,LIGONIER,PA,WESTMORELAND,15658,724-238-0342,-79.245384000000001,40.246697500000003,1
BURHENN'S HEALTH MART PHARMACY,BURHENNS PHARMACY INC,861 EAST 38TH STREET, ,ERIE,PA,ERIE,16504,814-824-8224,-80.047019000000006,42.109121899999998,0
RITE AID - 10910,THRIFT DRUG INC,4927 HOMEVILLE ROAD, ,WEST MIFFLIN,PA,ALLEGHENY,15122,412-469-2220,-79.876644999999996,40.382077199999998,0
RITE AID - 10974,THRIFT DRUG INC,4830 WILLIAM PENN HIGHWAY, ,EXPORT,PA,WESTMORELAND,15632,724-327-8233,-79.661908999999994,40.423111499999997,0
CVS - 4008,WHITE CROSS STORES INC NO 14,242 5TH AVENUE, ,PITTSBURGH,PA,ALLEGHENY,15222,412-566-2619,-80.001148000000001,40.440619800000000,0
MED-FAST PHARMACY,MEDFAST PHARMACY,1015 BUFFALO STREET,SHOP N SAVE,FRANKLIN,PA,VENANGO,16323,814-432-2288,-79.827826999999999,41.393109899999999,0
WALGREENS SPECIALTY PHARMACY,MEDMARK INC,500 NOBLESTOWN ROAD,SUITE 200,CARNEGIE,PA,ALLEGHENY,15106,412-325-6500,-80.072496999999998,40.412580400000003,0
CVS - 2346,STERRETTANIA ROAD CVS INC,3750 STERRETTANIA ROAD, ,ERIE,PA,ERIE,16506,814-835-4984,-80.144385999999997,42.074102699999997,1
RITE AID - 11000,THRIFT DRUG INC,6945 UNITED STATES HIGHWAY 322,UNIT 509,CRANBERRY,PA,VENANGO,16319,814-677-0445,-79.717882000000003,41.353422700000003,0
RITE AID - 10903,THRIFT DRUG INC,10554 PERRY HIGHWAY,STORE ROOM 2,WEXFORD,PA,ALLEGHENY,15090,724-935-4583,-80.052773000000002,40.611783799999998,0
KMART,K MART CORP,491 ALLEGHENY BOULEVARD, ,FRANKLIN,PA,VENANGO,16323,814-437-7626,-79.810670000000002,41.404419099999998,0
BEWARD PHARMACY,RUSSEL ALAN GOBEILLE,27 CJEMS LANE, ,MIFFLINTOWN,PA,JUNIATA,17059,717-436-6844,-77.381217000000007,40.576404699999998,0
RITE AID - 10979,THRIFT DRUG INC,1501 SCALP AVENUE, ,JOHNSTOWN,PA,CAMBRIA,15904,814-266-9631,-78.856054999999998,40.269433700000000,0
WAL-MART SUPERCENTER - 4348,WAL-MART STORES EAST LP,200 COMMERCE DRIVE, ,DUNCANSVILLE,PA,BLAIR,16635,814-693-1433,-78.432894000000005,40.370346099999999,1
GIANT,GIANT FOOD STORES LLC,325 WEST FREEDOM AVENUE,SUITE 150,BURNHAM,PA,MIFFLIN,17009,717-242-3141,-77.573761000000005,40.630672599999997,1
GENOA HEALTHCARE,"GENOA HEALTHCARE OF PENNSYLVANIA,LLC",793 OLD ROUTE 119 HIGHWAY NORTH,COMMUNITY GUIDANCE CENTER,INDIANA,PA,INDIANA,15701,724-349-7060,-79.139538999999999,40.636878500000002,0
CAMBRIDGE SPRINGS HEALTH MART PHARMACY,S & F HEALTHCARE INC,227 SOUTH MAIN STREET, ,CAMBRIDGE SPRINGS,PA,CRAWFORD,16403,814-398-4600,-80.057366999999999,41.803200900000000,0
WEIS MARKETS,WEIS MARKETS INC,316 WALNUT STREET, ,NEWPORT,PA,PERRY,17074,717-567-6047,-77.133895999999993,40.478728900000000,0
WEGMANS,"WEGMANS FOOD MARKETS, INC",201 WILLIAM STREET, ,WILLIAMSPORT,PA,LYCOMING,17701,570-320-8787,-77.005189999999999,41.237932000000001,0
GIANT EAGLE,PENN TRAFFIC CO,100 NORTH MAIN STREET, ,DU BOIS,PA,CLEARFIELD,15801,814-371-9000,-78.766395000000003,41.123489800000002,1
CVS - 1681,REA & DERICK INC,120 EAST WALNUT STREET, ,LOCK HAVEN,PA,CLINTON,17745,570-748-6374,-77.445730999999995,41.131499099999999,0
GIANT,GIANT FOOD STORES LLC,330 MARKETPLACE BOULEVARD, ,SELINSGROVE,PA,SNYDER,17870,570-743-1608,-76.833838999999998,40.842180599999999,1
GIANT EAGLE,GIANT EAGLE INC,7 COTTONWOOD STREET, ,NORTHERN CAMBRIA,PA,CAMBRIA,15714,814-948-9732,-78.783317999999994,40.661119300000003,1
CVS - 1687,CVS OF PENNSYLVANIA INC,404 NORTH LOGAN BOULEVARD, ,BURNHAM,PA,MIFFLIN,17009,717-248-3991,-77.571168999999998,40.632377800000000,1
KLINGENSMITHS,HOMER CITY PHARMACY,44 SOUTH MAIN STREET, ,HOMER CITY,PA,INDIANA,15748,724-479-8033,-79.160484999999994,40.541376499999998,0
TOTAL LIFE CARE PHARMACY,HEALTH ENTERPRISES INC.,300 HIGHLAND AVENUE,LEWISTON HOSPITAL 3RD FLOOR,LEWISTOWN,PA,MIFFLIN,17044,717-242-7392,-77.568222000000006,40.617841200000001,0
GIANT EAGLE,GIANT EAGLE INC,435 SOUTH 7TH STREET, ,INDIANA,PA,INDIANA,15701,724-463-2181,-79.153028000000006,40.617120900000003,1
JACKS PHARMACY,CIRR INC,285 CHESTNUT STREET, ,MEADVILLE,PA,CRAWFORD,16335,814-336-1113,-80.151867999999993,41.638121599999998,0
WEIS MARKETS,WEIS MARKETS INC,1272 EAST PENN STREET, ,MUNCY,PA,LYCOMING,17756,570-546-7228,-76.759781000000004,41.209511100000000,0
MARTINS,GIANT FOOD STORES LLC,1570 OAKLAND AVENUE, ,INDIANA,PA,INDIANA,15701,724-465-5943,-79.174079000000006,40.615720000000003,0
CALLAGHAN'S PHARMACY,CALLAGHAN'S PHARMACY INC,1262 LIBERTY STREET, ,FRANKLIN,PA,VENANGO,16323,814-432-4125,-79.830376999999999,41.398024499999998,0
TIBBOTTS PHARMACY,TIBBOTTS PHARMACY,1104 WEST HIGH STREET, ,EBENSBURG,PA,CAMBRIA,15931,814-472-9390,-78.736705000000001,40.480251199999998,0
CVS - 6764,JERSEY SHORE PA CVS INC,1321 ALLEGHENY STREET, ,JERSEY SHORE,PA,LYCOMING,17740,570-398-9861,-77.273843999999997,41.201480400000001,1
GLENVIEW APOTHECARY,GLENVIEW APOTHECARY INC.,2 SPRING STREET, ,OIL CITY,PA,VENANGO,16301,814-676-3731,-79.706828000000002,41.434062500000003,0
CVS - 1577,REA AND DERICK INC P1704,1000 NORTH MARKET STREET, ,SELINSGROVE,PA,SNYDER,17870,570-374-2764,-76.856862000000007,40.811388800000003,0
SHARBAUGH'S DRUG STORE,SHARBAUGH'S DRUG STORE INC,2073 PLANK ROAD, ,CARROLLTOWN,PA,CAMBRIA,15722,814-344-9950,-78.709314000000006,40.596561399999999,0
BROCKWAY DRUG COMPANY INCORPORATED,"BROCKWAY DRUG CO., INC.",1365 MAIN STREET, ,BROCKWAY,PA,JEFFERSON,15824,814-268-3305,-78.787128999999993,41.247310900000002,0
THE MEDICINE SHOPPE PHARMACY,NORTHERN ADVENTURES INC.,629 STATE STREET, ,MEADVILLE,PA,CRAWFORD,16335,814-337-8880,-80.140966000000006,41.640913900000001,0
ALBRIGHT PHARMACY SERVICES,ALBRIGHT PHARMACY SERVICES,110 MAPLEWOOD DRIVE, ,LEWISBURG,PA,UNION,17837,570-522-3880,-76.886730000000000,40.976357499999999,0
RITE AID - 210,RITE AID OF PENNSYLVANIA INC,621 CLAY AVENUE, ,JEANNETTE,PA,WESTMORELAND,15644,724-527-3888,-79.619625999999997,40.328569199999997,0
TOPS - 610,"TOPS MARKETS, LLC",150 MAIN STREET, ,BRADFORD,PA,MCKEAN,16701,814-363-9904,-78.646270999999999,41.954579699999996,0
OTT AND MCHENRY PHARMACY,"OTT AND MCHENRY PHARMACY , INC",102 MAIN STREET, ,BRADFORD,PA,MCKEAN,16701,814-362-3827,-78.646974999999998,41.955708999999999,0
WAL-MART SUPERCENTER - 2664,WAL-MART STORES EAST LP,21920 ROUTE 119, ,PUNXSUTAWNEY,PA,JEFFERSON,15767,814-938-8100,-78.980718999999993,40.927690200000001,1
WAL-MART SUPERCENTER - 2502,WAL-MART STORES EAST LP,100 COLONY LANE, ,LATROBE,PA,WESTMORELAND,15650,724-537-8902,-79.383035000000007,40.282496000000002,1
RITE AID - 10973,THRIFT DRUG INC,1052 COUNTRY SIDE PLAZA, ,MOUNT PLEASANT,PA,WESTMORELAND,15666,724-547-5590,-79.550960000000003,40.126421499999999,0
PUNXSY HOMETOWN PHARMACY,PUNXSY HOMETOWN PHARMACY LLC,203 HAMPTON AVENUE,GROUNDHOG PLAZA,PUNXSUTAWNEY,PA,JEFFERSON,15767,814-938-9150,-78.968963000000002,40.945928600000002,0
KMART,K MART CORP,100 CROSS ROADS PLAZA, ,MOUNT PLEASANT,PA,WESTMORELAND,15666,724-547-0535,-79.550775999999999,40.125117199999998,0
CVS - 4066,WHITE CROSS STORES INC NO 14,305 MOUNTAIN LAUREL PLAZA, ,LATROBE,PA,WESTMORELAND,15650,724-537-5571,-79.390223000000006,40.283313000000000,0
RITE AID - 1495,RITE AID OF PENNSYLVANIA INC,101 EAST SHIRLEY STREET, ,MOUNT UNION,PA,HUNTINGDON,17066,814-542-8003,-77.879304000000005,40.382964100000002,0
H JOHN HEINZ III PROGRESSIVE CARE CENTER,PITTSBURGH VAMC,1010 DELAFIELD ROAD, ,PITTSBURGH,PA,ALLEGHENY,15215,412-822-2222,-79.887653999999998,40.495203699999998,0
THE MEDICINE SHOPPE PHARMACY,CL CRESSLER INC,240 WEST MAIN STREET, ,BROOKVILLE,PA,JEFFERSON,15825,814-849-5217,-79.096176000000000,41.163038800000002,0
KELLER AND MUNRO DRUG STORE,KELLER & MUNRO INC,127 EAST CHURCH STREET, ,LOCK HAVEN,PA,CLINTON,17745,570-748-5209,-77.444862000000001,41.136361600000001,0
CVS - 1686,REA AND DERICK INC P1875,236 GRANT STREET, ,JOHNSONBURG,PA,ELK,15845,814-965-2566,-78.677755000000005,41.487445500000000,0
CVS - 1575,REA AND DERICK INC P1702,401 DUKE STREET, ,NORTHUMBERLAND,PA,NORTHUMBERLAND,17857,570-473-3221,-76.801776000000004,40.890688900000001,0
ACCREDO HEALTH GROUP,ACCREDO HEALTH GROUP INC,3000 ERICSSON DRIVE,SUITE 100,WARRENDALE,PA,ALLEGHENY,15086,724-772-6000,-80.102070999999995,40.658797600000000,0
WEIS MARKETS,WEIS MARKETS INC,700 NORTH BROAD STREET, ,SELINSGROVE,PA,SNYDER,17870,570-374-1210,-76.867266999999998,40.808676400000003,0
RITE AID - 233,RITE AID OF PENNSYLVANIA INC,9635 WILLIAM PENN HIGHWAY, ,HUNTINGDON,PA,HUNTINGDON,16652,814-643-3661,-78.014145999999997,40.479897500000000,0
MONTGOMERY'S PHARMACY,LYCOMING COUNTY MONTGOMERY'S PHARMACY,21 SOUTH MAIN STREET, ,MONTGOMERY,PA,LYCOMING,17752,570-547-2361,-76.876808999999994,41.170021900000002,0
CVS - 5709,WHITE CROSS STORES INC NO 14,5720 SHAFFER ROAD, ,DUBOIS,PA,CLEARFIELD,15801,814-371-9480,-78.726924999999994,41.123978000000001,0
WAL-MART SUPERCENTER - 1792,WAL-MART STORES EAST LP,1102 MILLION DOLLAR HIGHWAY, ,SAINT MARYS,PA,ELK,15857,814-781-1389,-78.563242000000002,41.391103700000002,1
RITE AID - 4415,RITE AID OF PENNSYLVANIA INC,14 FIFTH STREET, ,WILLIAMSPORT,PA,LYCOMING,17701,570-321-9350,-77.004108000000002,41.244042100000001,0
THE WELLNESS ZONE PHARMACY,"PRS PHARMACY HOLDINGS, INC",49 PINE GROVE SQUARE,GROVE CITY COUNTY MARKET,GROVE CITY,PA,MERCER,16127,724-458-1900,-80.113218000000003,41.167971100000003,0
DUBOIS DRUG AND WELLNESS,B E WELLNESS INC,700 SOUTH BRADY STREET, ,DU BOIS,PA,CLEARFIELD,15801,814-371-5827,-78.771405000000001,41.109389999999998,0
WOODWARD PHARMACY,"GATHAGAN INVESTMENT CO., LP",565 SPRING STREET, ,HOUTZDALE,PA,CLEARFIELD,16651,814-378-7648,-78.343311999999997,40.826647899999998,0
WAL-MART SUPERCENTER - 1568,WAL-MART STORES EAST LP,1275 NORTH HERMITAGE ROAD, ,HERMITAGE,PA,MERCER,16148,724-346-5930,-80.452850999999995,41.249772999999998,1
CVS - 1598,REA AND DERICK INC P1781,1904 LYCOMING CREEK ROAD, ,WILLIAMSPORT,PA,LYCOMING,17701,570-323-6414,-77.042800000000000,41.253037499999998,0
RITE AID - 11016,ECKERD CORPORATION,24 EAST AVENUE, ,WELLSBORO,PA,TIOGA,16901,570-724-4461,-77.296430999999998,41.748041800000003,0
RITE AID - 2769,RITE AID OF PENNSYLVANIA INC,100 FRANKLIN STREET, ,MERCER,PA,MERCER,16137,724-662-2009,-80.239307999999994,41.230326800000000,0
MEDICAL CENTER PHARMACY,"UNIVERSAL MEDICAL SUPPLIERS, INC",439 MARKET STREET, ,SUNBURY,PA,NORTHUMBERLAND,17801,570-286-6711,-76.790199999999999,40.860618799999997,0
RITE AID - 264,RITE AID OF PENNSYLVANIA INC,375 PHILADELPHIA STREET, ,INDIANA,PA,INDIANA,15701,724-465-2243,-79.144900000000007,40.623311999999999,0
RITE AID - 1543,RITE AID OF PENNSYLVANIA INC,1212 SECOND STREET, ,CRESSON,PA,CAMBRIA,16630,814-886-2677,-78.591982000000002,40.459929899999999,0
THE MEDICINE SHOPPE PHARMACY,CL CRESSLER INC,3289 SOUTH MAIN STREET, ,SANDY LAKE,PA,MERCER,16145,724-376-3805,-80.082392999999996,41.350716300000002,0
THE MEDICINE SHOPPE PHARMACY,CL CRESSLER INC,30 WEST PARK AVENUE, ,DU BOIS,PA,CLEARFIELD,15801,814-371-0800,-78.761188000000004,41.120664900000001,0
CVS - 4000,WHITE CROSS STORES INC NO 14,2501 WARREN ROAD, ,INDIANA,PA,INDIANA,15701,724-349-5620,-79.189393999999993,40.609670899999998,0
RITE AID - 10980,THRIFT DRUG INC,1759 GOUCHER STREET, ,JOHNSTOWN,PA,CAMBRIA,15905,814-255-6601,-78.954753999999994,40.323034600000000,0
WALGREENS - 9776,WALGREEN CO.,3229 EAST STATE STREET, ,HERMITAGE,PA,MERCER,16148,724-342-4603,-80.450355000000002,41.233916299999997,1
RITE AID - 4293,RITE AID OF PENNSYLVANIA INC,5 FRIENDLY DRIVE,MUTZABAUGH SHOPPING CENTER,DUNCANNON,PA,PERRY,17020,717-834-6303,-77.043982999999997,40.390449900000000,0
RITE AID - 756,RITE AID OF PENNSYLVANIA INC,4606 ADMIRAL PEARY HIGHWAY, ,EBENSBURG,PA,CAMBRIA,15931,814-472-5312,-78.749046000000007,40.473198799999999,0
RITE AID - 4286,RITE AID OF PENNSYLVANIA INC,5201 SPRING ROAD,SUITE 6,SHERMANS DALE,PA,PERRY,17090,717-582-7781,-77.164686000000003,40.320723999999998,0
THE MEDICINE SHOPPE PHARMACY,HERMITAGE APOTHECARY INC,1899 EAST STATE STREET, ,HERMITAGE,PA,MERCER,16148,724-983-8451,-80.474537999999995,41.233649499999999,0
EAGLESCRIPTS APOTHECARY,KASISKY ENTERPRISES INC,401 NORTH 4TH STREET, ,INDIANA,PA,INDIANA,15701,724-349-9170,-79.145314999999997,40.628827100000002,0
WAL-MART SUPERCENTER - 5356,WAL-MART STORES EAST LP,300 RESORT PLAZA DRIVE, ,BLAIRSVILLE,PA,INDIANA,15717,724-459-6419,-79.226782000000000,40.442455600000002,1
MARTIN'S,GIANT FOOD STORES LLC,221 GLIMCHER DRIVE, ,DUNCANSVILLE,PA,BLAIR,16635,814-695-4609,-78.410380000000004,40.431721699999997,0
THE MEDICINE SHOPPE PHARMACY,CL CRESSLER INC,48 RED HILL COURT, ,NEWPORT,PA,PERRY,17074,717-567-6367,-77.118385000000004,40.486686700000000,0
CVS - 1685,REA & DERICK INC,3055 PARK PLACE, ,CLEARFIELD,PA,CLEARFIELD,16830,814-765-1241,-78.437129999999996,41.027689400000000,0
RX XPRESS HEALTH MART PHARMACY,PPG SCRIPT INC,111 MILL STREET, ,GROVE CITY,PA,MERCER,16127,724-458-8420,-80.089845999999994,41.161438699999998,0
BLAIRSVILLE PHARMACY,DANIEL A. DAVID,135 EAST MARKET STREET,SUITE 100,BLAIRSVILLE,PA,INDIANA,15717,724-459-7400,-79.262398000000005,40.431119400000000,0
RITE AID - 1548,RITE AID OF PENNSYLVANIA INC,610 BROAD STREET, ,NEW BETHLEHEM,PA,CLARION,16242,814-275-4241,-79.326206999999997,41.001869300000003,0
GIANT EAGLE,TAMARKIN COMPANY,1700 NEW BUTLER ROAD, ,NEW CASTLE,PA,LAWRENCE,16101,724-654-9051,-80.313221999999996,40.984570599999998,1
KLINGENSMITH'S,KLINGENSMITHS DRUG STORES INC,849 EAST MAIN STREET, ,CLARION,PA,CLARION,16214,814-393-0000,-79.378731000000002,41.212459000000003,0
WAL-MART SUPERCENTER - 2540,WAL-MART STORES EAST LP,63 PERKINS ROAD, ,CLARION,PA,CLARION,16214,814-226-0901,-79.396145000000004,41.188760600000002,1
TOMS RIVERSIDE PHARMACY,"AVONELLE, INC",8868 ROUTE 338, ,KNOX,PA,CLARION,16232,814-797-2828,-79.527764000000005,41.229798299999999,0
SHARON REGIONAL HEALTH SYSTEM,SHARON REGIONAL HEALTH SYSTEM,740 EAST STATE STREET, ,SHARON,PA,MERCER,16146,724-983-3911,-80.495868000000002,41.232527599999997,0
GIANT EAGLE,TAMARKIN COMPANY,2365 EAST STATE STREET,HICKORY PLAZA,HERMITAGE,PA,MERCER,16148,724-981-0271,-80.465799000000004,41.235106899999998,1
WAL-MART - 1948,WAL-MART STORES EAST LP,400 THREE SPRINGS DRIVE, ,WEIRTON,WV,BROOKE,26062,304-723-3450,-80.549418000000003,40.390066300000001,1
PRIMARY CARE PHARMACY SERVICES,PRIMARY CARE PHARMACY SERVICES INC,2027 LEBANON CHURCH ROAD, ,WEST MIFFLIN,PA,ALLEGHENY,15122,412-655-6445,-79.949489999999997,40.348508099999997,0
PRIMARY CARE HEALTH SERVICES,PRIMARY CARE HEALTH SERVICES INC,7227 HAMILTON AVENUE,ALMA ILERY BUILDING,PITTSBURGH,PA,ALLEGHENY,15208,412-244-4747,-79.896203000000000,40.454591700000002,0
JAMESON HEALTH SYSTEM - NORTH CAMPUS,JAMESON MEMORIAL HOSPITAL,1211 WILMINGTON AVENUE, ,NEW CASTLE,PA,LAWRENCE,16105,724-658-9001,-80.352738000000002,41.013382200000002,0
MARIANNE HEALTH MART PHARMACY,CLARION DEVELOPMENT CORPORATION,21159 PAINT BOULEVARD, ,SHIPPENVILLE,PA,CLARION,16254,814-226-5353,-79.428427999999997,41.241105599999997,0
PROFESSIONAL PHARMACY SOLUTIONS,PROFESSIONAL PHARMACY SOLUTIONS,1000 SOUTH MERCER STREET, ,NEW CASTLE,PA,LAWRENCE,16101,724-657-2565,-80.345661000000007,40.988734999999998,0
HEIGHT HEALTH MART PHARMACY,"HEIGHTS PRESCRIPTION PHARMACY, INC",1633 UNION AVENUE, ,NATRONA HEIGHTS,PA,ALLEGHENY,15065,724-226-2600,-79.726084999999998,40.621791700000003,0
"CHANGE, INCORPORATED FAMILY CARE PHARMACY","CHANGE, INCORPORATED",3136 WEST STREET, ,WEIRTON,WV,HANCOCK,26062,304-797-7733,-80.589397000000005,40.406149800000001,0
RITE AID - 4083,RITE AID OF PENNSYLVANIA INC,101 5TH STREET, ,CHARLEROI,PA,WASHINGTON,15022,724-489-9334,-79.897048999999996,40.138436400000003,0
GIANT EAGLE,GIANT EAGLE INC,3701 STATE ROUTE 88, ,FINLEYVILLE,PA,WASHINGTON,15332,724-348-6229,-80.004975000000002,40.248758000000002,1
PRESCRIPTION CENTER PLUS,LIBRARY PHARMACY INC.,1045 STATE ROUTE 519, ,EIGHTY FOUR,PA,WASHINGTON,15330,724-222-2512,-80.134191999999999,40.194373200000001,0
DIERKEN'S PHARMACY,DIERKENS PHARMACY,100 EAST MAIN STREET, ,MONONGAHELA,PA,WASHINGTON,15063,724-258-5530,-79.922218000000001,40.199639500000004,0
WALGREENS - 9676,WALGREEN CO.,99 JEFFERSON AVENUE, ,WASHINGTON,PA,WASHINGTON,15301,724-228-3201,-80.252499999999998,40.170878999999999,1
RITE AID - 11038,THRIFT DRUG INC,1360 COVE ROAD, ,WEIRTON,WV,HANCOCK,26062,304-723-2110,-80.548522000000006,40.406070000000000,0
CVS - 4245,WHITE CROSS STORES INC NO 14,175 WEST BEAU STREET, ,WASHINGTON,PA,WASHINGTON,15301,724-222-0470,-80.250017999999997,40.171436300000003,0
CURTIS PHARMACY LONG TERM CARE SERVICES,CURTIS PHARMACY LONG TERM CARE SERVICES,1100 WEST CHESTNUT STREET, ,WASHINGTON,PA,WASHINGTON,15301,724-223-7710,-80.267495999999994,40.166883499999997,0
EXCELA HEALTH - WESTMORELAND HOSPITAL PHARMACY,WESTMORELAND HOSPITAL PHARMACY,532 WEST PITTSBURGH STREET, ,GREENSBURG,PA,WESTMORELAND,15601,724-832-4255,-79.555187000000004,40.300679799999997,0
RITE AID - 263,RITE AID OF PENNSYLVANIA INC,685 NORTH MAIN STREET, ,GREENSBURG,PA,WESTMORELAND,15601,724-837-4164,-79.547770000000000,40.315750399999999,0
SAM'S CLUB - 4847,SAMS EAST INC,6211 STATE ROUTE 30, ,GREENSBURG,PA,WESTMORELAND,15601,724-850-7306,-79.591598000000005,40.308836700000001,0
DONEGAL PHARMACY,DONEGAL PHARMACY INC,181 MAIN STREET, ,DONEGAL,PA,WESTMORELAND,15628,724-593-2502,-79.382656999999995,40.111870900000000,0
TRAFFORD FAMILY PHARMACY,SCOTT A EDMUNDSON,312 CAVITT AVENUE, ,TRAFFORD,PA,WESTMORELAND,15085,412-372-5493,-79.760548999999997,40.383674100000000,0
DIAMOND PHARMACY OF MOUNT PLEASANT,MEDICAL LABORATORY SERVICE INC,445 WEST MAIN STREET,SUITE 6,MOUNT PLEASANT,PA,WESTMORELAND,15666,724-547-6700,-79.541551999999996,40.148244499999997,0
BUSHY RUN HEALTH MART PHARMACY,BUSHY RUN PHARMACY INC.,2106 ROUTE 130, ,HARRISON CITY,PA,WESTMORELAND,15636,724-744-3300,-79.648875000000004,40.354006099999999,0
WESTBROOK PHARMACY AND SURGICAL SUPPLY,CANTERS PHARMACY INC,1910 COCHRAN ROAD, ,PITTSBURGH,PA,ALLEGHENY,15220,800-262-7214,-80.062464000000006,40.394242700000000,0
ANILE PHARMACY,ANILE PHARMACY INC,2413 PENNSYLVANIA AVENUE, ,WEIRTON,WV,HANCOCK,26062,304-723-1818,-80.560096000000001,40.418420800000000,0
MARLAND HEIGHTS PHARMACY,DECARIA BROTHERS INC,3901 BRIGHTWAY STREET, ,WEIRTON,WV,HANCOCK,26062,304-748-8464,-80.606371999999993,40.398077499999999,0
MED-FAST PHARMACY,MEDFAST PHARMACY,2016 WEST STATE STREET, ,NEW CASTLE,PA,LAWRENCE,16101,724-658-9670,-80.378298000000001,41.009005399999999,0
TORRANCE STATE HOSPITAL PHARMACY,TORRANCE STATE HOSPITAL PHARMACY,TORRANCE ROAD, ,TORRANCE,PA,WESTMORELAND,15779,724-459-4522,-79.238088000000005,40.414925099999998,0
ROSS GRANT AVENUE PHARMACY,ROSS GRANT AVENUE PHARMACY,114 GRANT AVENUE, ,VANDERGRIFT,PA,WESTMORELAND,15690,724-568-1221,-79.563987999999995,40.603588100000003,0
PROVIDENCE PHARMACY SERVICES,PROVIDENCE PHARMACY SERVICES LP,615 NORTH PIKE ROAD, ,CABOT,PA,BUTLER,16023,724-352-8822,-79.785211000000004,40.773003899999999,0
THE KROGER CO,THE KROGER CO,91 27TH ST, ,WELLSBURG,WV,BROOKE,26070,304-737-4471,-80.608960999999994,40.289547599999999,1
FOLLANSBEE PHARMACY INC,FOLLANSBEE PHARMACY INC,651 COLLIERS WAY,SUITE 204,WEIRTON,WV,BROOKE,26062,304-723-6331,-80.528914999999998,40.394091400000001,0
"FOLLANSBEE PHARMACY, INC","FOLLANSBEE PHARMACY, INC",1415 MAIN ST, ,FOLLANSBEE,WV,BROOKE,26037,304-527-1004,-80.596446999999998,40.335530900000002,0
FOLLANSBEE PHARMACY INC,FOLLANSBEE PHARMACY INC,651 COLLIERS WAY,STE 202,WEIRTON,WV,BROOKE,26062,304-723-0127,-80.528914999999998,40.394091400000001,0
TRAUBERT'S PHARMACY,TRAUBERT'S PHARMACY,800 CHARLES ST, ,WELLSBURG,WV,BROOKE,26070,304-737-0383,-80.611875999999995,40.270931200000000,0
HOOD'S PHARMACY INC,HOOD'S PHARMACY INC,866 MAIN ST, ,FOLLANSBEE,WV,BROOKE,26037,304-527-0150,-80.595405999999997,40.327083600000002,0
PHARMACY MANAGEMENT GROUP,PHARMACY MANAGEMENT GROUP OF PENNSYLVANIA INC,175 SNYDER ROAD, ,HERMITAGE,PA,MERCER,16148,724-981-1181,-80.442220000000006,41.235449699999997,0
DONORA UNION PHARMACY,HARRY M MARCHEWKA RPH PC,642 MCKEAN AVENUE, ,DONORA,PA,WASHINGTON,15033,724-379-5630,-79.855890000000002,40.178695400000002,0
CVS - 1919,AMES PLAZA CVS INC,815 NORTH FRONT STREET, ,PHILIPSBURG,PA,CLEARFIELD,16866,814-342-2646,-78.229453000000007,40.902170099999999,1
DIAMOND PHARMACY SERVICES,"DIAMOND DRUGS, INC.",645 KOLTER DRIVE, ,INDIANA,PA,INDIANA,15701,724-349-1111,-79.174092000000002,40.608013700000001,0
RITE AID - 3804,RITE AID OF PENNSYLVANIA INC,10 NEWPORT PLAZA, ,NEWPORT,PA,PERRY,17074,717-567-6670,-77.113478999999998,40.493684000000002,0
DICK'S PHARMACY,"DICK'S PHARMACY, INC.",300 EAST 1ST STREET, ,WILLIAMSBURG,PA,BLAIR,16693,814-832-3653,-78.200108999999998,40.462447800000000,0
THE MEDICINE SHOPPE PHARMACY,CL CRESSLER,730 WASHINGTON STREET, ,HUNTINGDON,PA,HUNTINGDON,16652,814-641-7442,-78.015962000000002,40.486612000000001,0
CVS - 1688,CVS OF PENNSYLVANIA INC,2900 EAST COLLEGE AVENUE,NITTANY MALL,STATE COLLEGE,PA,CENTRE,16801,814-237-2427,-77.801778999999996,40.832219700000003,1
MARIENVILLE PHARMACY,CLARION DEVELOPMENT CORPORATION,120 CHERRY STREET, ,MARIENVILLE,PA,FOREST,16239,814-927-8700,-79.124892000000003,41.468494100000001,0
GATTI PHARMACY,"WILLIAM J. GATTI, INC",701 PHILADELPHIA STREET, ,INDIANA,PA,INDIANA,15701,724-349-4200,-79.153578999999993,40.623253900000002,0
RITE AID - 793,RITE AID OF PENNSYLVANIA INC,1927 SOUTH ATHERTON STREET, ,STATE COLLEGE,PA,CENTRE,16801,814-237-1625,-77.832593000000003,40.786376300000001,0
KMART,K MART CORP,2334 OAKLAND AVENUE, ,INDIANA,PA,INDIANA,15701,724-349-3415,-79.185556000000005,40.608297100000001,0
GRATTAN'S PHARMACY INCORPORATED,GRATTAN'S PHARMACY INC.,230 NORTH FRONT STREET, ,PHILIPSBURG,PA,CENTRE,16866,814-342-2020,-78.223946999999995,40.897871100000003,0
CVS - 5093,CVS BDI INC,100 MARKET STREET, ,WARREN,PA,WARREN,16365,814-726-1914,-79.144436999999996,41.844270199999997,1
CVS - 5459,WEST COLLEGE AVE CVS INC,116 WEST COLLEGE AVENUE, ,STATE COLLEGE,PA,CENTRE,16801,814-238-1109,-77.861794000000003,40.793937100000001,1
RITE AID - 1406,RITE AID OF PENNSYLVANIA INC,521 NORTH FRALEY STREET, ,KANE,PA,MCKEAN,16735,814-837-6160,-78.814256999999998,41.670127600000001,0
CVS - 4013,WHITE CROSS STORES INC NO 14,200 EAST PLANK ROAD, ,ALTOONA,PA,BLAIR,16602,814-944-9224,-78.402587999999994,40.481974100000002,0
MAINLINE PHARMACY,GERALD M MOSCHGAT,619 MAIN STREET, ,PORTAGE,PA,CAMBRIA,15946,814-736-4530,-78.672616000000005,40.386895699999997,0
SHADE MOUNTAIN PHARMACY,SHADE MOUNTAIN PHARMACY,9627 STATE ROUTE 35,SUITE 20,MOUNT PLEASANT MILLS,PA,SNYDER,17853,570-539-2050,-77.022121999999996,40.721488500000000,0
WAL-MART SUPERCENTER - 3514,WAL-MART STORES EAST LP,50 FOSTER BROOK BOULEVARD, ,BRADFORD,PA,MCKEAN,16701,814-368-4700,-78.608945000000006,41.978467999999999,1
GIANT EAGLE,GIANT EAGLE INC,344 GOUCHER STREET, ,JOHNSTOWN,PA,CAMBRIA,15905,814-288-5843,-78.932194999999993,40.292995200000000,1
BOSWELL PHARMACY SERVICES,BOSWELL PHARMACY SERVICES,131 SCHOOLHOUSE ROAD, ,JENNERSTOWN,PA,SOMERSET,15547,814-629-1397,-79.061327000000006,40.160707500000001,0
CVS - 4270,WHITE CROSS STORES INC NO 14,10 DAVIS STREET, ,BRADFORD,PA,MCKEAN,16701,814-362-4559,-78.644520000000000,41.956831999999999,0
COOKES PHARMACY,COOKES PHARMACY INC,14 ELMIRA STREET, ,TROY,PA,BRADFORD,16947,570-297-2848,-76.787446000000003,41.785917599999998,0
HOMETOWN DRUG,HOMETOWN DRUG LLC,411 MAIN STREET, ,BROCKWAY,PA,JEFFERSON,15824,814-265-0050,-78.799186000000006,41.249462000000001,0
WEIS MARKETS,WEIS MARKETS INC,601 PLEASANT VALLEY BOULEVARD, ,ALTOONA,PA,BLAIR,16602,814-949-6414,-78.380337999999995,40.510815999999998,0
CENTRE PHARMACY SERVICES,FOSTER AND MCINTYRE INC,724 SOUTH ATHERTON STREET,SUITE 100,STATE COLLEGE,PA,CENTRE,16801,814-238-2712,-77.857043000000004,40.785195700000003,0
RITE AID - 10975,THRIFT DRUG INC,201 WEST MAHONING STREET, ,PUNXSUTAWNEY,PA,JEFFERSON,15767,814-938-9161,-78.972674999999995,40.942563100000001,0
RITE AID - 2476,RITE AID OF PENNSYLVANIA INC,101-111 WEST MAIN STREET, ,RIDGWAY,PA,ELK,15853,814-776-1428,-78.733476999999993,41.421067399999998,0
TOPS - 672,PENN TRAFFIC CO.,525 NORTH FRALEY STREET, ,KANE,PA,MCKEAN,16735,814-837-4931,-78.815027000000001,41.670807600000003,0
SAINT MARYS PHARMACY,ST MARYS PHARMACY INC,4 RAILROAD STREET, ,SAINT MARYS,PA,ELK,15857,814-834-3017,-78.560911000000004,41.427562700000003,0
WEIS MARKETS,WEIS MARKETS INC,4521 WILLIAM PENN HIGHWAY, ,MIFFLINTOWN,PA,JUNIATA,17059,717-436-5499,-77.389657000000000,40.562229799999997,0
MIFFLINTOWN PHARMACY,MIFFLINTOWN PHARMACY INC,24082 ROUTE 35 NORTH, ,MIFFLINTOWN,PA,JUNIATA,17059,717-436-8484,-77.376174000000006,40.578573900000002,0
PENN LAUREL PHARMACY,PENN LAUREL PHARMACY,112 SUNSHINE AVENUE, ,CENTRAL CITY,PA,SOMERSET,15926,814-754-5717,-78.806117999999998,40.108302399999999,0
THOMPSON PHARMACY,"THOMPSON ENTERPRISES, INC.",1118 12TH STREET, ,ALTOONA,PA,BLAIR,16601,814-944-5033,-78.401066999999998,40.516314399999999,0
BOSWELL PRESCRIPTION CENTER,BOSWELL PRESCRIPTION CENTER,210 OHIO STREET, ,BOSWELL,PA,SOMERSET,15531,814-629-6624,-79.032201999999998,40.161109500000002,0
BENNETTS VALLEY PHARMACY,BENNETTS VALLEY PHARMACY,18496 BENNETTS VALLEY HIGHWAY, ,WEEDVILLE,PA,ELK,15868,814-787-4400,-78.496358999999998,41.268180000000001,0
BROWNS PHARMACY,COLE AND BROWN INC,470 CANTON STREET, ,TROY,PA,BRADFORD,16947,570-297-5400,-76.792552999999998,41.775836900000002,0
CITY DRUG,GATHAGAN INVESTMENT CO. LP,360 THOMPSON STREET, ,CURWENSVILLE,PA,CLEARFIELD,16833,814-236-1820,-78.527458999999993,40.975673000000000,0
TOWNSHIP PHARMACY,TOWNSHIP PHARMACY,118 NORTH MAIN STREET, ,DAVIDSVILLE,PA,SOMERSET,15928,814-479-2588,-78.936199999999999,40.228041500000003,0
WEIS MARKETS,WEIS MARKETS INC,1440 ALLEGHENY STREET, ,JERSEY SHORE,PA,LYCOMING,17740,570-398-7757,-77.276510999999999,41.201651200000001,0
THE BOALSBURG APOTHECARY,BOALSBURG PHARMACY INC,3901 SOUTH ATHERTON STREET, ,STATE COLLEGE,PA,CENTRE,16801,814-466-7936,-77.801513000000000,40.781959200000003,0
TOTAL LIFE CARE PHARMACY,HEALTH ENTERPRISES INC.,30968 ROUTE 35 NORTH, ,MC ALISTERVILLE,PA,JUNIATA,17049,717-463-3558,-77.251249999999999,40.647982100000000,0
ABL CUSTOM COMPOUNDING,A BLAIR LUNDBERG,34 EAST 4TH STREET, ,EMPORIUM,PA,CAMERON,15834,814-486-2326,-78.236641000000006,41.511830000000003,0
WEST PERRY PHARMACY,WEST PERRY PHARMACY,1102 MONTOUR ROAD,PERRY HEALTH CENTER,LOYSVILLE,PA,PERRY,17047,717-789-3093,-77.340117000000006,40.363463400000001,0
CONEMAUGH HEALTH SYSTEM- MEDICAL ONCOLOGY,ONCOLOGY PHARMACY,1020 FRANKLIN STREET,MEDICAL ARTS BUILDING - GROUND FLOOR,JOHNSTOWN,PA,CAMBRIA,15905,814-534-9132,-78.917545000000004,40.306783500000002,0
HEALTH SERVICES PHARMACY,"SUSQUEHANNA VENTURES, INC.",1201 GRAMPIAN BOULEVARD,DIVINE PROVIDENCE HOSPITAL - HEALTH SERVICES BUILDING,WILLIAMSPORT,PA,LYCOMING,17701,570-326-8109,-76.982021000000003,41.260991500000003,0
BRADFORD REGIONAL MEDICAL CENTER,BRADFORD HOSPITAL,116 INTERSTATE PARKWAY, ,BRADFORD,PA,MCKEAN,16701,814-368-4143,-78.659447000000000,41.961151899999997,0
MOUNTAIN CITY HOME PHARMACY,RX PARTNERS INC,2621 8TH AVENUE, ,ALTOONA,PA,BLAIR,16602,814-949-4272,-78.409137999999999,40.500546000000000,0
MOSHANNON VALLEY PHARMACY,MOSHANNON VALLEY PHARMACY INC,1071 NORTH FRONT STREET,PEEBLES PLAZA,PHILIPSBURG,PA,CLEARFIELD,16866,814-342-3750,-78.233350999999999,40.903342500000001,0
BI-LO,"THORNE FOODS, INC- WARREN",74 MARKET STREET, ,WARREN,PA,WARREN,16365,814-723-4450,-79.143967000000004,41.843000000000004,0
WAL-MART SUPERCENTER - 3429,WAL-MART STORES EAST LP,2901 MARKET STREET, ,WARREN,PA,WARREN,16365,814-723-8250,-79.151026000000002,41.882188599999999,1
RITE AID - 7850,RITE AID OF PENNSYLVANIA INC,620 EAST ALLEGANY AVENUE, ,EMPORIUM,PA,CAMERON,15834,814-486-2007,-78.223678000000007,41.509342699999998,0
SHEFFIELD HEALTH MART PHARMACY,JOHN R. SLAGLE,27 SOUTH MAIN STREET, ,SHEFFIELD,PA,WARREN,16347,814-968-3636,-79.034062000000006,41.702726699999999,0
TOTAL LIFE CARE PHARMACY,HEALTH ENTERPRISES INC.,4752 STATE ROUTE 655,SUITE A,BELLEVILLE,PA,MIFFLIN,17004,717-935-2341,-77.700477000000006,40.615364499999998,0
WAL-MART SUPERCENTER - 5470,WAL-MART STORES EAST LP,6716 TOWNE CENTER BOULEVARD, ,HUNTINGDON,PA,HUNTINGDON,16652,814-644-6922,-78.044257000000002,40.490695000000002,1
THE PENNSYLVANIA STATE UNIVERSITY - THE UNIVERSITY HEALTH SERVICES PHARMACY,THE PENNSYLVANIA STATE UNIVERSITY,202 STUDENT HEALTH CENTER, ,UNIVERSITY PARK,PA,CENTRE,16802,814-865-9321,-77.860018999999994,40.802905299999999,0
WEIS MARKETS,WEIS MARKETS INC,611 15TH STREET, ,HUNTINGDON,PA,HUNTINGDON,16652,814-643-1291,-78.014194000000003,40.497114400000001,0
MILL HALL PHARMACY,MILL HALL PHARMACY INC,260 MAIN STREET, ,MILL HALL,PA,CLINTON,17751,570-726-3213,-77.484587000000005,41.103743500000000,0
CVS - 1608,REA AND DERICK INC P1830,220 MAIN STREET, ,WATSONTOWN,PA,NORTHUMBERLAND,17777,570-538-5184,-76.861932999999993,41.083349200000001,0
WEIS MARKET,WEIS MARKETS INC,313-337 WEST BALD EAGLE STREET, ,LOCK HAVEN,PA,CLINTON,17745,570-748-1790,-77.453179000000006,41.133795200000002,0
KMART,K MART CORP,1 MILLBROOK PLAZA, ,MILL HALL,PA,CLINTON,17751,570-748-6775,-77.477654999999999,41.118132000000003,0
CVS - 5011,CVS BDI INC,9 MAIN STREET, ,WELLSBORO,PA,TIOGA,16901,570-724-4303,-77.297837000000001,41.750343399999998,1
THE MEDICINE SHOPPE PHARMACY,SAVED BY GRACE INC,507 HEPBURN STREET, ,WILLIAMSPORT,PA,LYCOMING,17701,570-323-7733,-77.007120999999998,41.243358700000002,0
WEIS MARKETS,WEIS MARKETS INC,11798 ROUTE 6, ,WELLSBORO,PA,TIOGA,16901,570-724-6453,-77.267516000000001,41.743030900000001,0
RITE AID - 4791,RITE AID OF PENNSYLVANIA INC,2023 LYCOMING CREEK ROAD, ,WILLIAMSPORT,PA,LYCOMING,17701,570-327-9920,-77.044246999999999,41.258997500000000,0
LEYOS GROCERY STORE,LEYOS INC,1564 MAIN STREET, ,COALPORT,PA,CLEARFIELD,16627,814-672-5387,-78.534605999999997,40.755530600000000,0
BUCHANAN BROTHERS PHARMACY,BUCHANAN BROTHERS PHARMACY INC,122 WEST MAIN STREET, ,WESTFIELD,PA,TIOGA,16950,814-367-2327,-77.539547999999996,41.919105000000002,0
RITE AID - 11037,THRIFT DRUG INC,760 BROAD STREET, ,MONTOURSVILLE,PA,LYCOMING,17754,570-368-2629,-76.916122999999999,41.247422700000001,0
BUCHANAN HEALTH MART PHARMACY,BUCHANAN BROTHERS PHARMACY INC,206 WEST MAIN STREET, ,ELKLAND,PA,TIOGA,16920,814-258-7332,-77.313541000000001,41.986262300000000,0
CVS - 1610,REA & DERICK INC,300 LYCOMING MALL CIRCLE,SUITE 107,MUNCY,PA,LYCOMING,17756,570-546-7179,-76.828192999999999,41.241353599999997,0
WAL-MART - 1769,WAL-MART STORES EAST LP,20 INDUSTRIAL DRIVE, ,DU BOIS,PA,CLEARFIELD,15801,814-375-5005,-78.737660000000005,41.126770800000003,1
WATTERS BROS DRUG STORE,WATTERS BROS DRUG STORE,4105 CRAWFORD AVENUE, ,NORTHERN CAMBRIA,PA,CAMBRIA,15714,814-948-6720,-78.781316000000004,40.661337699999997,0
COLES PHARMACY,COLES PHARMACY,2 SOUTH MAIN STREET, ,MANSFIELD,PA,TIOGA,16933,570-662-2351,-77.078283999999996,41.806887000000003,0
WAL-MART SUPERCENTER - 2318,WAL-MART STORES EAST LP,3100 OAKLAND AVENUE, ,INDIANA,PA,INDIANA,15701,724-349-5759,-79.194827000000004,40.603452200000000,1
WAL-MART - 1887,WAL-MART STORES EAST LP,1015 NORTH LOYALSOCK AVENUE, ,MONTOURSVILLE,PA,LYCOMING,17754,570-368-5454,-76.919160000000005,41.262223800000001,1
WEIS MARKETS,WEIS MARKETS INC,1916 LYCOMING CREEK ROAD, ,WILLIAMSPORT,PA,LYCOMING,17701,570-326-5144,-77.042488000000006,41.254674700000002,0
CVS - 1604,REA AND DERICK INC,505 NORTH DERR DRIVE, ,LEWISBURG,PA,UNION,17837,570-523-3261,-76.893486999999993,40.967621700000002,0
SHANKEL'S PHARMACY,BOWSER CORPORATION,241 WEST LONG AVENUE, ,DU BOIS,PA,CLEARFIELD,15801,814-371-9320,-78.765837000000005,41.120916000000001,0
CVS - 1596,REA AND DERICK INC P1779,28 EAST CHESTNUT STREET, ,MIFFLINBURG,PA,UNION,17844,570-966-3332,-77.036349999999999,40.922628600000003,0
RITE AID - 1780,RITE AID OF PENNSYLVANIA INC,1516 JEFFERSON AVENUE,BI-LO PLAZA,WINDBER,PA,SOMERSET,15963,814-467-9168,-78.831310000000002,40.234553400000003,0
CHESTNUT RIDGE PHARMACY,CHESTNUT RIDGE PHARMACY LLC,2262 QUAKER VALLEY ROAD, ,FISHERTOWN,PA,BEDFORD,15539,814-839-9950,-78.582261000000003,40.132890099999997,0
RITE AID - 2474,RITE AID OF PENNSYLVANIA INC,59 NORTH MAIN STREET, ,PORT ALLEGANY,PA,MCKEAN,16743,814-642-5021,-78.281259000000006,41.811840599999996,0
KMART,K MART CORP,331 WEST FREEDOM AVENUE, ,BURNHAM,PA,MIFFLIN,17009,717-242-4478,-77.576575000000005,40.629978299999998,0
CVS - 1581,REA AND DERICK INC P1712,300 MARKET STREET, ,LEWISBURG,PA,UNION,17837,570-524-9417,-76.885301999999996,40.964568600000000,0
CANTON PHARMACY,MJR INC,7 TROY STREET, ,CANTON,PA,BRADFORD,17724,570-673-5153,-76.853039999999993,41.653910500000002,0
GUARDIAN LONG TERM CARE PHARMACY,"GUARDIAN LONG TERM CARE PHARMACY, INC.",123 BRUBAKER ROAD, ,BROCKWAY,PA,CLEARFIELD,15824,814-503-7400,-78.769715000000005,41.196467900000002,0
LEWISTOWN PHARMACY,"LEWISTOWN PHARMACY, INC.",7 NORTH WAYNE STREET, ,LEWISTOWN,PA,MIFFLIN,17044,717-248-0041,-77.576093999999998,40.597074800000001,0
MIFFLINBURG PHARMACY,MIFFLINBURG PHARMACY,2 FOREST HILL ROAD, ,MIFFLINBURG,PA,UNION,17844,570-966-5001,-77.038708000000000,40.921200300000002,0
RITE AID - 1549,RITE AID OF PENNSYLVANIA INC,630 MAIN STREET, ,PORTAGE,PA,CAMBRIA,15946,814-736-4323,-78.673355000000001,40.386887899999998,0
BUCHANAN HEALTH MART PHARMACY,BUCHANAN BROTHERS PHARMACY INC,101 NORTH MAIN STREET, ,COUDERSPORT,PA,POTTER,16915,814-274-8660,-78.021378999999996,41.773835200000001,0
SHAFER DRUG STORE,SHAFER DRUG STORE,1328 GRAHAM AVENUE, ,WINDBER,PA,SOMERSET,15963,814-467-4200,-78.832113000000007,40.235964799999998,0
NORTHERN BEDFORD PHARMACY,"HELIE, LLC",3499 BRUMBAUGH ROAD, ,NEW ENTERPRISE,PA,BEDFORD,16664,814-766-0124,-78.416963999999993,40.169981700000001,0
RITE AID - 803,RITE AID OF PENNSYLVANIA INC,507 MAIN STREET, ,JOHNSTOWN,PA,CAMBRIA,15901,814-536-3544,-78.917480999999995,40.325240899999997,0
GALETON DRUG,"R & S SCHOTT, LLC",20 WEST STREET,GALETON FOODLAND,GALETON,PA,POTTER,16922,814-435-6588,-77.650749000000005,41.734637900000003,0
SAM'S CLUB - 6547,SAM'S EAST INC,611 LYCOMING MALL CIRCLE, ,MUNCY,PA,LYCOMING,17756,570-546-3513,-76.820302999999996,41.239814299999999,0
WEIS MARKETS,WEIS MARKETS INC,620 WEST THIRD STREET, ,WILLIAMSPORT,PA,LYCOMING,17701,570-326-1650,-77.012432000000004,41.238281299999997,0
WEIS MARKETS,WEIS MARKETS INC,801 LOYALSOCK AVENUE, ,MONTOURSVILLE,PA,LYCOMING,17754,570-368-5599,-76.919130999999993,41.260099400000001,0
THE MEDICINE SHOPPE PHARMACY,"BRYNN NICOLE ENTERPRISES, INC",2411 8TH AVENUE, ,ALTOONA,PA,BLAIR,16602,814-944-2095,-78.407307000000003,40.502808999999999,0
RITE AID - 1494,RITE AID OF PENNSYLVANIA INC,1120 PHILADELPHIA AVENUE, ,NORTHERN CAMBRIA,PA,CAMBRIA,15714,814-948-6102,-78.782357000000005,40.663461699999999,0
THE PHARMACY AT UNION SQUARE,JAMES S ZAWACKI,36 DAVIS STREET, ,BRADFORD,PA,MCKEAN,16701,814-362-6200,-78.644808999999995,41.957565199999998,0
SUMMIT HOME INFUSION,SUMMIT HOME INFUSION,3135 NEW GERMANY ROAD,SUITE 38,EBENSBURG,PA,CAMBRIA,15931,814-472-8900,-78.751109999999997,40.464205399999997,0
KMART,K MART CORP,NORTH SUSQUEHANNA TRAIL, ,SHAMOKIN DAM,PA,SNYDER,17876,570-743-2022,-76.813705999999996,40.856683099999998,0
RITE AID - 3364,RITE AID OF PENNSYLVANIA INC,1303 SHOEMAKER STREET, ,NANTY GLO,PA,CAMBRIA,15943,814-749-7872,-78.835740999999999,40.467619800000001,0
RITE AID - 11012,THRIFT DRUG INC,3331 PLEASANT VALLEY BOULEVARD, ,ALTOONA,PA,BLAIR,16602,814-942-1081,-78.400777000000005,40.482167300000000,0
RITE AID - 1633,RITE AID OF PENNSYLVANIA INC,1216 PENNSYLVANIA AVENUE, ,TYRONE,PA,BLAIR,16686,814-684-1230,-78.236928000000006,40.672980500000001,0
SUSQUEHANNA HEALTH PHARMACY,SUSQUEHANNA VENTURES INC,777 RURAL AVENUE,WILLIAMSPORT REGIONAL MEDICAL CENTER,WILLIAMSPORT,PA,LYCOMING,17701,570-321-2818,-77.015091999999996,41.247599700000002,0
RITE AID - 1976,RITE AID OF PENNSYLVANIA INC,207 ROUTE 6 WEST, ,COUDERSPORT,PA,POTTER,16915,814-274-0439,-78.029759999999996,41.766816900000002,0
THOMPSON PHARMACY,HOLLIDAYSBURG PHARMACY LLC,510 BLAIR STREET, ,HOLLIDAYSBURG,PA,BLAIR,16648,814-693-0270,-78.390055000000004,40.427893400000002,0
RITE AID - 11015,THRIFT DRUG INC,821 EAST BISHOP STREET, ,BELLEFONTE,PA,CENTRE,16823,814-355-1548,-77.762908999999993,40.914164000000000,0
JAMES DRUG STORE - PORTAGE,JAMES DRUG STORE-PORTAGE LLC,3692 PORTAGE STREET, ,PORTAGE,PA,CAMBRIA,15946,814-713-8074,-78.669049000000001,40.393697400000001,0
CORNER DRUG STORE,CORNER DRUG STORE INC,150 FAIRFIELD AVENUE, ,JOHNSTOWN,PA,CAMBRIA,15906,814-536-7514,-78.944395000000000,40.344826200000000,0
MEANS LAUF SUPER DRUG,DAVID M. SMITH RPH INC,155 MAIN STREET, ,BROOKVILLE,PA,JEFFERSON,15825,814-849-7504,-79.078590000000005,41.160006400000000,0
WALGREENS - 10386,WALGREEN CO.,508 EAST PLANK ROAD, ,ALTOONA,PA,BLAIR,16602,814-944-3236,-78.403643000000002,40.479517700000002,1
JACKSONS PHARMACY,JACKSONS PHARMACY LLC,2423 BETTS AVENUE,BILO FOODS,NORTHERN CAMBRIA,PA,CAMBRIA,15714,814-948-7400,-78.778142000000003,40.645738600000001,0
PENNS VALLEY PHARMACY,KRAHLING LLC,4576 PENNS VALLEY ROAD, ,SPRING MILLS,PA,CENTRE,16875,814-422-8911,-77.526045999999994,40.877314200000001,0
SAM'S CLUB - 6460,SAMS EAST INC,2500 PLANK ROAD, ,ALTOONA,PA,BLAIR,16601,814-946-9784,-78.407151999999996,40.453571699999998,0
MARTIN'S,GIANT FOOD STORES LLC,22 HOOVER AVENUE, ,DUBOIS,PA,CLEARFIELD,15801,814-371-7226,-78.755853000000002,41.119088900000001,0
FOWLER'S PHARMACY,FOWLER'S PHARMACY,317 BEAVER STREET, ,HASTINGS,PA,CAMBRIA,16646,814-247-9959,-78.711862999999994,40.665419000000000,0
RITE AID - 11014,THRIFT DRUG INC,1536 NORTH ATHERTON STREET, ,STATE COLLEGE,PA,CENTRE,16803,814-237-4133,-77.891611999999995,40.806628000000003,0
WEIS MARKETS,WEIS MARKETS INC,100 PARK HILLS PLAZA, ,ALTOONA,PA,BLAIR,16602,814-941-5442,-78.405337000000003,40.471767900000003,0
CVS - 1606,REA AND DERICK INC P1822,37 MAHONING STREET, ,MILTON,PA,NORTHUMBERLAND,17847,570-742-4825,-76.855380999999994,41.016421700000002,0
THE PRESCRIPTION CENTER,F & V PRESCRIPTION CENTER INC.,223 MAIN STREET, ,RIDGWAY,PA,ELK,15853,814-773-3131,-78.730547999999999,41.421957599999999,0
COMMUNITY PHARMACY,PHARMASSIST,1256 PENNSYLVANIA AVENUE, ,TYRONE,PA,BLAIR,16686,814-684-0230,-78.236553000000001,40.673456299999998,0
CVS - 1592,REA AND DERICK INC P1760,405 NORTH 4TH STREET, ,SUNBURY,PA,NORTHUMBERLAND,17801,570-286-0739,-76.789092999999994,40.866304599999999,0
DICK'S PHARMACY INCORPORATED,DICK'S PHARMACY INC.,13181 DUNNINGS HIGHWAY, ,CLAYSBURG,PA,BLAIR,16625,814-239-5136,-78.455096999999995,40.293828800000000,0
MOSHANNON VALLEY PHARMACY,"MOSHANNON VALLEY PHARMACY, INC",208 MEDICAL CENTER DRIVE, ,PHILIPSBURG,PA,CENTRE,16866,814-342-5200,-78.204791000000000,40.906695900000003,0
JAMES DRUG STORE,JAMES DRUG STORE,601 2ND STREET, ,CRESSON,PA,CAMBRIA,16630,814-886-2266,-78.588210000000004,40.463994100000001,0
THE MEDICINE SHOPPE PHARMACY,WARREN MS LLC,3 PENNSYLVANIA AVENUE EAST, ,WARREN,PA,WARREN,16365,814-726-3741,-79.141651999999993,41.844207500000003,0
WAL-MART SUPERCENTER - 2663,WAL-MART STORES EAST LP,300 WALMART DRIVE, ,EBENSBURG,PA,CAMBRIA,15931,814-471-0579,-78.750299999999996,40.475437599999999,1
RITE AID - 11004,THRIFT DRUG INC,1079 MARKET STREET, ,NORTH WARREN,PA,WARREN,16365,814-723-3248,-79.156413999999998,41.867746199999999,0
MOSHANNON VALLEY PHARMACY,"MOSHANNON VALLEY PHARMACY, INC",402 EAST SYCAMORE ROAD, ,SNOW SHOE,PA,CENTRE,16874,814-387-4014,-77.940944999999999,41.027052400000002,0
OMNICARE,"NEIGHBORCARE PHARMACY SERVICES, INC.",1000 COMMERCE PARK DRIVE,SUITE 420,WILLIAMSPORT,PA,LYCOMING,17701,570-323-9147,-76.985411999999997,41.245823799999997,0
WEIS MARKETS,WEIS MARKETS INC,501 NORTH CENTRE STREET, ,PHILIPSBURG,PA,CENTRE,16866,814-342-1752,-78.225048000000001,40.901007100000001,0
MIDDLEBURG PHARMACY,"WRX ENTERPRISES, INC.",239 EAST MAIN STREET, ,MIDDLEBURG,PA,SNYDER,17842,570-837-6285,-77.042141999999998,40.788291800000003,0
GIANT EAGLE,GIANT EAGLE INC,1233-1245 BROAD STREET, ,JOHNSTOWN,PA,CAMBRIA,15906,814-535-4496,-78.939947000000004,40.345400499999997,1
FOREST HILLS PHARMACY,FOREST HILLS PHARMACY INC,552 LOCUST STREET, ,SAINT MICHAEL,PA,CAMBRIA,15951,814-495-9437,-78.755413000000004,40.333562000000001,0
WEIS MARKETS,WEIS MARKETS INC,1471 MARTIN STREET, ,STATE COLLEGE,PA,CENTRE,16803,814-237-4240,-77.890270000000001,40.805107499999998,0
WAL-MART SUPERCENTER - 1640,WAL-MART STORES EAST LP,1665 NORTH ATHERTON STREET, ,STATE COLLEGE,PA,CENTRE,16803,814-237-8415,-77.897525999999999,40.810051899999998,1
MARTIN'S,GIANT FOOD STORES LLC,200 EAST CHESTNUT AVENUE, ,ALTOONA,PA,BLAIR,16601,814-940-2554,-78.392328000000006,40.527369100000001,0
PARK HILL DRUG STORE,MEREDITH HEALTH CORPORATION,1940 WILLIAM PENN AVENUE,SUITE 3,JOHNSTOWN,PA,CAMBRIA,15909,814-322-1011,-78.871475000000004,40.374032000000000,0
GIANT,GIANT FOOD STORES LLC,2222 EAST COLLEGE AVENUE, ,STATE COLLEGE,PA,CENTRE,16801,814-861-2790,-77.812601999999998,40.821598700000003,1
ROADWAY PHARMACY,"ROADWAY PHARMACY, INC.",6858 ROUTE 711,SUITE 3,SEWARD,PA,WESTMORELAND,15954,814-446-5536,-79.021527000000006,40.405505800000000,0
GIANT EAGLE,GIANT EAGLE INC,1451 SCALP AVENUE,UNIVERSITY PARK CENTER,JOHNSTOWN,PA,CAMBRIA,15904,814-269-3630,-78.854501999999997,40.271338399999998,1
KMART,K MART CORP,528 WEST PLANK ROAD, ,ALTOONA,PA,BLAIR,16602,814-946-3610,-78.408818999999994,40.471534599999998,0
EVANGELICAL COMMUNITY HOSPITAL,"EVANGELICAL COMMUNITY HOSPITAL PHARMACY AND HOMECARE PRODUCTS, INC.",1 HOSPITAL DRIVE, ,LEWISBURG,PA,UNION,17837,570-522-2000,-76.886645999999999,40.979780300000002,0
PLUMBS DRUG STORE,PLUMBS DRUG STORE INC,105 NORTH ALLEGHENY STREET, ,BELLEFONTE,PA,CENTRE,16823,814-355-3225,-77.778238000000002,40.912317500000000,0
WEIS MARKETS,WEIS MARKETS INC,110 ROLLING RIDGE DRIVE, ,STATE COLLEGE,PA,CENTRE,16801,814-231-8399,-77.827188000000007,40.785206000000002,0
SAXON STATION PHARMACY,BDT OF SAXTON LLC,509 MAIN STREET,SUITE 102,SAXTON,PA,BEDFORD,16678,814-635-2221,-78.238671999999994,40.215763600000002,0
WINDBER MEDICAL CENTER,WINDBER MEDICAL CENTER,600 SOMERSET AVENUE, ,WINDBER,PA,SOMERSET,15963,814-467-3000,-78.837569999999999,40.242685899999998,0
WHYSONG'S PHARMACY,WEISSANG INC,4186 CORTLAND DRIVE, ,NEW PARIS,PA,BEDFORD,15554,814-839-9997,-78.638678999999996,40.113056299999997,0
HOME HEALTH RESOURCE,LEXINGTON TWO INC,1216 PLEASANT VALLEY BOULEVARD,SUITE B,ALTOONA,PA,BLAIR,16602,814-941-1619,-78.386376999999996,40.507027200000003,0
KMART,K MART CORP,1666 MARKET STREET EXTENSION, ,WARREN,PA,WARREN,16365,814-723-2008,-79.146773999999994,41.895959599999998,0
CRITICAL CARE SYSTEMS,"CRITICAL CARE SYSTEMS, INC",253 BENNER PIKE,SUITE D,STATE COLLEGE,PA,CENTRE,16801,814-867-4100,-77.806398999999999,40.829298199999997,0
MOUNTAIN VIEW PHARMACY,D&S HAULMAN ENTERPRISES LLC,144 4TH STREET, ,RENOVO,PA,CLINTON,17764,570-923-1922,-77.756062999999997,41.326017200000003,0
GIANT,GIANT FOOD STORES LLC,1969 EAST 3RD STREET, ,WILLIAMSPORT,PA,LYCOMING,17701,570-329-3388,-76.960939999999994,41.249719700000000,1
CARESITE PHARMACY AT SCENERY PARK,CCP RETAIL LLC,200 SCENERY DRIVE, ,STATE COLLEGE,PA,CENTRE,16801,814-231-2052,-77.819920999999994,40.785076699999998,0
BROAD AVENUE PHARMACY,"BROAD AVENUE PHARMACY, LLC",2329 BROAD AVENUE, ,ALTOONA,PA,BLAIR,16601,814-943-1310,-78.409741999999994,40.504861099999999,0
WAL-MART SUPERCENTER - 1945,WAL-MART STORES EAST LP,1169 SOUTH MAIN STREET, ,MANSFIELD,PA,TIOGA,16933,570-662-1120,-77.066653000000002,41.783807699999997,1
CARESITE PHARMACY AT GRAY'S WOODS,CCP RETAIL LLC,132 ABIGAIL LANE, ,PORT MATILDA,PA,CENTRE,16870,814-272-1006,-77.941824999999994,40.814519300000001,0
THOMPSON PHARMACY,"THOMPSON LTC PHARMACY, INC.",600 EAST CHESTNUT AVENUE, ,ALTOONA,PA,BLAIR,16601,814-944-6139,-78.387910000000005,40.531699699999997,0
CVS - 1679,REA & DERICK INC,197 NORTH MAIN STREET, ,MANSFIELD,PA,TIOGA,16933,570-662-2615,-77.081035999999997,41.811653300000003,0
KOPP DRUG,KOPP DRUG INC,121 WEST ALLEGHENY STREET, ,MARTINSBURG,PA,BLAIR,16662,814-793-2171,-78.326898000000000,40.311580100000000,0
KOPP DRUG - HOLLIDAYSBURG,KOPP DRUG INC,1201 BLAIR STREET, ,HOLLIDAYSBURG,PA,BLAIR,16648,814-696-0289,-78.382923000000005,40.430694299999999,0
MEDICINE SHOPPE PHARMACY,SUSAN L GRANCEY,304 NORTH 3RD STREET, ,CLEARFIELD,PA,CLEARFIELD,16830,814-765-5371,-78.436487000000000,41.025733899999999,0
CLEARFIELD HOSPITAL PHARMACY,CLEARFIELD HOSPITAL PHARMACY,809 TURNPIKE AVENUE, ,CLEARFIELD,PA,CLEARFIELD,16830,814-768-2265,-78.449524999999994,41.033281799999997,0
VINCO PHARMACY,VINCO PHARMACY INC,2809 WILLIAM PENN AVENUE, ,JOHNSTOWN,PA,CAMBRIA,15909,814-322-4521,-78.860729000000006,40.413367100000002,0
WAL-MART SUPERCENTER - 1644,WAL-MART STORES EAST LP,120 AJK BOULEVARD, ,LEWISBURG,PA,UNION,17837,570-522-8234,-76.878964999999994,40.991599200000003,1
LEMON'S PHARMACY,LEMONS PHARMACY INC,2 RIVERSIDE PLAZA, ,BLOSSBURG,PA,TIOGA,16912,570-638-2820,-77.065911000000000,41.679776500000003,0
INDIANA REGIONAL MEDICAL CENTER,INDIANA REGIONAL MEDICAL CENTER PHARMACY,835 HOSPITAL ROAD, ,INDIANA,PA,INDIANA,15701,724-357-7085,-79.156501000000006,40.607572400000002,0
TARGET,TARGET CORPORATION AND SUBSIDIARIES,170 SOUTH LYCOMING MALL ROAD, ,MUNCY,PA,LYCOMING,17756,570-940-1001,-76.835791000000000,41.244273900000003,1
SCERBOS PHARMACY,MARY BETH MARCOLINE,530 FRANKLIN STREET, ,CLYMER,PA,INDIANA,15728,724-254-4363,-79.011105000000001,40.669062500000003,0
RITE AID - 11036,THRIFT DRUG INC,1913 EAST THIRD STREET, ,WILLIAMSPORT,PA,LYCOMING,17701,570-323-0402,-76.963680999999994,41.248984800000002,0
WEIS MARKETS,WEIS MARKETS INC,305 RIVER AVENUE, ,WILLIAMSPORT,PA,LYCOMING,17701,570-322-5597,-76.981809999999996,41.249731400000002,0
WEIS MARKETS,WEIS MARKETS INC,6901 WESTBRANCH HIGHWAY, ,LEWISBURG,PA,UNION,17837,570-524-5757,-76.891339000000002,40.975304600000001,0
JAMES E VAN ZANDT VETERANS AFFAIRS MEDICAL CENTER,ALTOONA VAMC,2907 PLEASANT VALLEY BOULEVARD, ,ALTOONA,PA,BLAIR,16602,814-943-8164,-78.395438999999996,40.488675800000003,0
WEIS MARKETS,WEIS MARKETS INC,555 MAHONING STREET, ,MILTON,PA,NORTHUMBERLAND,17847,570-742-8253,-76.844391999999999,41.012272699999997,0
GREENWOOD DRUGS,GREENWOOD DRUGS,1667 BELLEMEADE DRIVE, ,ALTOONA,PA,BLAIR,16602,814-944-9551,-78.354189000000005,40.539778599999998,0
RITE AID - 4676,RITE AID OF PENNSYLVANIA INC,407 CENTRAL AVENUE, ,JOHNSTOWN,PA,CAMBRIA,15902,814-536-7596,-78.911600000000007,40.300449200000003,0
RITE AID - 4960,RITE AID OF PENNSYLVANIA INC,2470 BEDFORD STREET, ,JOHNSTOWN,PA,CAMBRIA,15904,814-266-5150,-78.870014999999995,40.294490600000003,0
CAMERON COUNTY PHARMACY,XAVIER WILLIAMS CORPORATION,318 EAST 4TH STREET, ,EMPORIUM,PA,CAMERON,15834,814-486-1191,-78.230827000000005,41.512111400000002,0
DUNCANSVILLE PHARMACY INCORPORATED,DUNCANSVILLE PHARMACY INC,1328 3RD AVENUE, ,DUNCANSVILLE,PA,BLAIR,16635,814-695-8065,-78.435683999999995,40.423023999999998,0
NORRY PHARMACY,NORRY PHARMACY,125 DUKE STREET, ,NORTHUMBERLAND,PA,NORTHUMBERLAND,17857,570-473-1126,-76.796931999999998,40.887995600000004,0
TIPTON PHARMACY,PECK GROUP INC.,UNITED STATES ROUTE 220 BUSINESS ROUTE, ,TIPTON,PA,BLAIR,16684,814-684-7979,-78.289230000000003,40.631621299999999,0
DICK'S PHARMACY INCORPORATED,DICK'S PHARMACY INC.,1903 4TH STREET, ,ALTOONA,PA,BLAIR,16601,814-944-6425,-78.402040999999997,40.525952900000000,0
RITE AID - 11011,THRIFT DRUG INC,600 CHESTNUT AVENUE, ,ALTOONA,PA,BLAIR,16601,814-943-0545,-78.396486999999993,40.520854300000003,0
WAL-MART SUPERCENTER - 2049,WAL-MART STORES EAST LP,2600 PLANK ROAD, ,ALTOONA,PA,BLAIR,16601,814-949-8985,-78.405529000000001,40.455446999999999,1
RITE AID - 11013,THRIFT DRUG INC,510 WESTERLY PARKWAY, ,STATE COLLEGE,PA,CENTRE,16801,814-238-1862,-77.852627999999996,40.782010800000002,0
PARRISH APOTHECARY SHOP,JAY R MONTGOMERY,114 NORTH ALLEGHENY STREET, ,BELLEFONTE,PA,CENTRE,16823,814-355-2914,-77.777865000000006,40.912700999999998,0
MAINLINE PHARMACY,GERALD M MOSCHGAT,1207 2ND STREET, ,CRESSON,PA,CAMBRIA,16630,814-886-5667,-78.591080000000005,40.459980999999999,0
CVS - 1684,REA AND DERICK INC P1854,127 SOUTH POTTER STREET, ,BELLEFONTE,PA,CENTRE,16823,814-355-7471,-77.782550999999998,40.910640899999997,0
GIANT EAGLE,GIANT EAGLE INC,181 SOPHIRA LANE, ,ALTOONA,PA,BLAIR,16602,814-946-4267,-78.387179000000003,40.483924999999999,1
GIANT EAGLE,GIANT EAGLE INC,510 SOUTH STATE ROUTE 36, ,ROARING SPRING,PA,BLAIR,16673,814-224-4201,-78.392015999999998,40.329528900000000,1
TARGET,TARGET CORPORATION AND SUBSIDIARIES,315 COLONNADE BOULEVARD, ,STATE COLLEGE,PA,CENTRE,16803,814-861-8935,-77.906830999999997,40.813151599999998,1
WAL-MART SUPERCENTER - 1935,WAL-MART STORES EAST LP,150 TOWN CENTRE DRIVE, ,JOHNSTOWN,PA,CAMBRIA,15904,814-266-7009,-78.845894000000001,40.276651299999997,1
WAL-MART SUPERCENTER - 2230,WAL-MART STORES EAST LP,373 BENNER PIKE, ,STATE COLLEGE,PA,CENTRE,16801,814-235-9402,-77.808108000000004,40.832703799999997,1
MARTELLA'S PHARMACY,MARTELLA'S PHARMACY,1079 FRANKLIN STREET, ,JOHNSTOWN,PA,CAMBRIA,15905,814-535-1833,-78.918368000000001,40.305026400000003,0
MARTIN'S,GIANT FOOD STORES LLC,2032 EAST PLEASANT VALLEY BOULEVARD, ,ALTOONA,PA,BLAIR,16602,814-944-9998,-78.340862000000001,40.563239500000002,0
EMPORIUM PHARMACY,"JOEL AND JUNE CALDWELL, INC.",105 EAST 4TH STREET, ,EMPORIUM,PA,CAMERON,15834,814-486-1110,-78.235333999999995,41.511394600000003,0
GIANT,GIANT FOOD STORES LLC,255 NORTHLAND CENTER, ,STATE COLLEGE,PA,CENTRE,16803,814-237-1837,-77.886927999999997,40.802790799999997,1
WEIS MARKETS,WEIS MARKETS INC,65 MEADOW GREEN DRIVE, ,MIFFLINBURG,PA,UNION,17844,570-966-6505,-77.032831999999999,40.923932499999999,0
MCCAHANS PHARMACY,EVERETT PHARMACY INC,813A MAIN STREET, ,SAXTON,PA,BEDFORD,16678,814-635-2911,-78.245435999999998,40.215222799999999,0
WEGMANS,"WEGMANS FOOD MARKETS, INC",345 COLONNADE BOULEVARD, ,STATE COLLEGE,PA,CENTRE,16803,814-278-9045,-77.908214999999998,40.811679200000000,0
CVS - 1677,REA AND DERICK INC P1705,120 EAST MARKET STREET, ,LEWISTOWN,PA,MIFFLIN,17044,717-248-4304,-77.572370000000006,40.598347300000000,0
CARESITE PHARMACY,CCP RETAIL LLC,21 GEISINGER LANE, ,LEWISTOWN,PA,MIFFLIN,17044,717-242-4264,-77.557725000000005,40.601459800000001,0
RITE AID - 223,RITE AID OF PENNSYLVANIA INC,452 SOUTH LEHIGH AVENUE, ,FRACKVILLE,PA,SCHUYLKILL,17931,570-874-1587,-76.228818000000004,40.778084700000001,0
MIDWAY SUPERMARKET,MIDWAY SUPERMARKET PHARMACY,22 FOREST DRIVE, ,HEGINS,PA,SCHUYLKILL,17938,570-682-9860,-76.515432000000004,40.650148799999997,0
THE MEDICINE SHOPPE PHARMACY,LEPRI-RUANE INC,1831 PITTSTON AVENUE, ,SCRANTON,PA,LACKAWANNA,18505,570-347-6575,-75.676773999999995,41.388270599999998,0
THE MEDICINE SHOPPE PHARMACY,CL CRESSLER INC,409 NORTH MAIN AVENUE, ,SCRANTON,PA,LACKAWANNA,18504,570-342-8731,-75.677437999999995,41.415271500000003,0
RITE AID - 1413,RITE AID OF PENNSYLVANIA INC,155 EAST NORTHAMPTON STREET, ,WILKES BARRE,PA,LUZERNE,18701,570-822-2791,-75.882230000000007,41.240707700000002,0
PRICE CHOPPER - 169,PRICE CHOPPER OPERATING CO OF PA INC,1510 SOUTH MAIN AVENUE, ,SCRANTON,PA,LACKAWANNA,18504,570-969-4922,-75.691750999999996,41.394394499999997,0
CVS - 3998,"PENNSYLVANIA CVS PHARMACY, L.L.C.",5122 MILFORD ROAD, ,EAST STROUDSBURG,PA,MONROE,18302,570-223-2563,-75.093322999999998,41.054458500000003,1
CVS - 1309,COURTLAND STREET CVS INC,250 SOUTH COURTLAND STREET, ,EAST STROUDSBURG,PA,MONROE,18301,570-424-0830,-75.182036999999994,40.995306800000002,1
SAM'S CLUB - 6581,SAMS EAST INC,921 VIEWMONT DRIVE, ,SCRANTON,PA,LACKAWANNA,18519,570-558-7696,-75.646542999999994,41.453903699999998,0
WEGMANS,"WEGMANS FOOD MARKETS, INC",220 HIGHLAND PARK BOULEVARD, ,WILKES BARRE,PA,LUZERNE,18702,570-825-7890,-75.861339999999998,41.236734900000002,0
WEGMANS,"WEGMANS FOOD MARKETS, INC",1315 SCRANTON CARBONDALE HIGHWAY, ,SCRANTON,PA,LACKAWANNA,18508,570-383-8730,-75.632976999999997,41.475506099999997,0
CARESITE PHARMACY,CCP RETAIL LLC,1000 EAST MOUNTAIN DRIVE, ,WILKES BARRE,PA,LUZERNE,18711,570-808-7969,-75.809443000000002,41.257068300000000,0
CVS - 1270,OAK LANE CVS INC,ROUTE 390 AND OAK LANE, ,CRESCO,PA,MONROE,18326,570-595-7131,-75.271551000000002,41.169869599999998,1
CVS - 1320,BROADHEADSVILLE CVS INC,ROUTE 209, ,BRODHEADSVILLE,PA,MONROE,18322,570-992-6454,-75.398031000000003,40.924255899999999,1
CVS - 2002,MIDDLE SMITHFIELD TOWNSHIP CVS INC,7 FOX RUN LANE, ,EAST STROUDSBURG,PA,MONROE,18302,570-223-6891,-75.071534000000000,41.062546400000002,1
CVS - 2262,BLAKESLEE CVS INC,ROUTE 940 AND ROUTE 115,BLAKESLEE SHOPPING CENTER,POCONO LAKE,PA,MONROE,18347,570-643-7285,-75.592218000000003,41.093646700000001,1
FAMILY PHARMACY OF OLYPHANT,FAMILY PHARMACY OF OLYPHANT INC,110 DELAWARE AVENUE, ,OLYPHANT,PA,LACKAWANNA,18447,570-487-4447,-75.603461999999993,41.469387300000001,0
GIANT,GIANT FOOD STORES LLC,50 BRIAR CREEK PLAZA, ,BERWICK,PA,COLUMBIA,18603,570-802-0599,-76.275197000000006,41.049300400000000,1
GENERAL COMMUNITY PHARMACY,WILKES BARRE BEHAVIORAL HOSPITAL COMPANY LLC,110 SOUTH PENNSYLVANIA AVENUE, ,WILKES BARRE,PA,LUZERNE,18701,570-823-0070,-75.882970999999998,41.241271099999999,0
CVS - 1584,REA & DERICK INC,555 EAST MAIN STREET, ,NANTICOKE,PA,LUZERNE,18634,570-735-2320,-75.992757999999995,41.205469399999998,0
KMART,K MART CORP,5 LAUREL MALL, ,HAZLETON,PA,LUZERNE,18202,570-455-5401,-76.018344999999997,40.984421300000001,0
HAZLE DRUGS,HAZLE DRUGS INC,1 EAST BROAD STREET, ,HAZLETON,PA,LUZERNE,18201,570-454-2476,-75.973736000000002,40.954142599999997,0
HEIGHTS TERRACE PHARMACY,HEIGHTS TERRACE PHARMACY,475 SOUTH POPLAR STREET, ,HAZLETON,PA,LUZERNE,18201,570-454-8748,-75.972481999999999,40.940284300000002,0
CVS - 2133,KINGSTON MARKET CVS INC,401 MARKET STREET, ,KINGSTON,PA,LUZERNE,18704,570-331-4011,-75.891959999999997,41.256967299999999,1
CVS - 1583,REA & DERICK INC,1 NORTH MAIN STREET, ,SHICKSHINNY,PA,LUZERNE,18655,717-542-4250,-76.149789999999996,41.153188200000002,0
KMART,K MART CORP,18 MARK PLAZA, ,KINGSTON,PA,LUZERNE,18704,570-288-9564,-75.908259000000001,41.256902599999997,0
VALLEY PHARMACY,JOSEPH J BAYZICK JR,647 STATE ROUTE 93, ,SUGARLOAF,PA,LUZERNE,18249,570-788-4444,-76.069423999999998,40.995854399999999,0
THE MEDICINE SHOPPE PHARMACY,MEDICINE SHOPPE,69 NORTH MARKET STREET, ,NANTICOKE,PA,LUZERNE,18634,570-735-5114,-76.004741999999993,41.206160500000003,0
WALGREENS - 7843,WALGREEN CO,201 WYOMING AVENUE, ,KINGSTON,PA,LUZERNE,18704,570-283-8267,-75.896333999999996,41.261861300000000,1
SPOTANSKIS PHARMACY INCORPORATED,SPOTANSKIS PHARMACY INC,243 SOUTH PROSPECT STREET, ,NANTICOKE,PA,LUZERNE,18634,570-735-2300,-76.001660999999999,41.202304099999999,0
RITE AID - 11082,ECKERD CORPORATION,16749 STATE ROUTE 706,1 LAKE MONTROSS MALL SUITE 9,MONTROSE,PA,SUSQUEHANNA,18801,570-278-9602,-75.852277999999998,41.838236500000001,0
WEIS MARKETS,WEIS MARKETS INC,100 WEIS LANE, ,HAZLETON,PA,LUZERNE,18202,570-455-6670,-76.004078000000007,40.966145200000000,0
THE MEDICINE SHOPPE PHARMACY,JOSEPH C LAURICELLA,1101 WEST 15TH STREET, ,HAZLETON,PA,LUZERNE,18201,570-454-9608,-75.992921999999993,40.965798200000002,0
POCONO MEDICAL CENTER,POCONO MEDICAL CENTER,206 EAST BROWN STREET, ,EAST STROUDSBURG,PA,MONROE,18301,570-421-4000,-75.174492000000001,40.992725900000003,0
DANVILLE STATE HOSPITAL,PENNSYLVANIA DEPARTMENT OF PUBLIC WELFARE,200 STATE HOSPITAL DRIVE, ,DANVILLE,PA,MONTOUR,17821,570-271-4500,-76.596035999999998,40.948635199999998,0
THE MEDICINE SHOPPE PHARMACY,THE DICKSON APOTHECARY LLC,105 WHEATFIELD DRIVE,SUITE 2 - PRIME TIME PLAZA,MILFORD,PA,PIKE,18337,570-296-5138,-74.785742999999997,41.330455800000003,0
RITE AID - 3689,RITE AID OF PENNSYLVANIA INC,100 WEST HARFORD STREET, ,MILFORD,PA,PIKE,18337,570-296-6014,-74.804186000000001,41.322158399999999,0
GEISINGER KNAPPER CLINIC,GEISINGER KNAPPER CLINIC PHCY,100 NORTH ACADEMY AVENUE, ,DANVILLE,PA,MONTOUR,17822,570-271-7907,-76.600464000000002,40.968472100000000,0
CARESITE PHARMACY,CCP RETAIL LLC,10 TRIEBLE ROAD, ,TUNKHANNOCK,PA,WYOMING,18657,570-836-2273,-75.968575000000001,41.559607100000001,0
CVS - 1617,REA & DERICK INC,TOWNE PLAZA,SUITE 1,TUNKHANNOCK,PA,WYOMING,18657,570-836-6777,-75.960831999999996,41.543892800000002,0
PRICE CHOPPER - 222,PRICE CHOPPER OPERATING CO OF PA INC,245 WILKES BARRE TOWNSHIP BOULEVARD, ,WILKES BARRE,PA,LUZERNE,18702,570-825-3037,-75.859652999999994,41.240622299999998,0
CVS - 1607,REA AND DERICK INC P1826,2678 WEST 3RD STREET, ,MOUNT CARMEL,PA,NORTHUMBERLAND,17851,570-339-0486,-76.422194000000005,40.794334100000000,0
CVS - 1605,REA AND DERICK INC P1821,352 MAIN STREET, ,CATAWISSA,PA,COLUMBIA,17820,570-356-2274,-76.460408000000001,40.951894099999997,0
WEIS MARKETS,WEIS MARKETS INC,1205 CHESTNUT STREET, ,BERWICK,PA,COLUMBIA,18603,570-759-0896,-76.237544999999997,41.063673000000001,0
THE MEDICINE SHOPPE PHARMACY,"HUSAK HOLDINGS JTL, INC",145 EAST 9TH STREET, ,BERWICK,PA,COLUMBIA,18603,570-759-1239,-76.236497000000000,41.060820200000002,0
CVS - 1590,REA & DERICK INC,823 NEW BERWICK HIGHWAY, ,BLOOMSBURG,PA,COLUMBIA,17815,570-784-8061,-76.441497999999996,41.003795599999997,0
CVS - 1597,REA & DERICK INC,100 SOUTH ABINGTON ROAD, ,CLARKS SUMMIT,PA,LACKAWANNA,18411,570-587-1205,-75.695391999999998,41.497795000000004,0
GIANT,GIANT FOOD STORES LLC,1000 SCOTT TOWN CENTER, ,BLOOMSBURG,PA,COLUMBIA,17815,570-389-9909,-76.434591999999995,41.006825499999998,1
PRICE CHOPPER - 173,PRICE CHOPPER OPERATING CO OF PA INC,1026 WYOMING AVENUE,MIDWAY SHOPPING CENTER,WYOMING,PA,LUZERNE,18644,570-693-4572,-75.851840999999993,41.299821100000003,0
GIANT - 316,GIANT FOOD STORES LLC,1550 NORTH MAIN STREET, ,DICKSON CITY,PA,LACKAWANNA,18447,570-307-1322,-75.609393999999995,41.467692000000000,1
WEIS MARKETS,WEIS MARKETS INC,224 NORTH LOGAN BOULEVARD, ,BURNHAM,PA,MIFFLIN,17009,717-248-1525,-77.571438000000001,40.630831499999999,0
PIERCE RX DRUGS,PIERCE DRUGS INC,435 PIERCE STREET, ,KINGSTON,PA,LUZERNE,18704,570-288-4519,-75.885248000000004,41.259061299999999,0
WAL-MART SUPERCENTER - 1607,WAL-MART STORES EAST LP,10180 UNITED STATES HIGHWAY 522 SOUTH, ,LEWISTOWN,PA,MIFFLIN,17044,717-242-6206,-77.611402999999996,40.581333700000002,1
GRANE PHARMACY,"GRANE SUPPLY, INC.",429 MANOR DRIVE,ANNEX BUILDING - 6TH FLOOR SUITE 620,EBENSBURG,PA,CAMBRIA,15931,814-472-8100,-78.700391999999994,40.488669700000003,0
CLARKS SUMMIT STATE HOSPITAL PHARMACY,PA DEPTMENT OF PUBLIC WELFARE,1451 HILLSIDE DRIVE,NEWTON HALL,CLARKS SUMMIT,PA,LACKAWANNA,18411,570-319-3520,-75.737806000000006,41.480957799999999,0
CVS - 1613,REA AND DERICK INC P1862,518 SOUTHERN AVENUE, ,SOUTH WILLIAMSPORT,PA,LYCOMING,17702,570-323-6242,-77.001261999999997,41.231702200000001,0
FIGLIOMENI HEALTH MART PHARMACY,MMJM INC,24 NORTH CHURCH STREET, ,CARBONDALE,PA,LACKAWANNA,18407,570-282-3033,-75.500376000000003,41.572972200000002,0
JOHNSTOWN PHARMACY,JOHNSTOWN PHARMACY,339 WALNUT STREET,IDEAL MARKET,JOHNSTOWN,PA,CAMBRIA,15901,814-535-3203,-78.922602999999995,40.324528100000002,0
COSTA DRUGS,COSTA DRUGS INC,800 MAIN STREET, ,DICKSON CITY,PA,LACKAWANNA,18519,570-489-5161,-75.623993999999996,41.459710000000001,0
DAL-HERN PHARMACY,MILLERSBURG PHARMACY INC,4372 STATE ROUTE 147, ,HERNDON,PA,NORTHUMBERLAND,17830,570-758-2042,-76.831080999999998,40.687325299999998,0
CVS - 1585,REA & DERICK INC,125 EAST MAIN STREET, ,PLYMOUTH,PA,LUZERNE,18651,570-779-5334,-75.942723999999998,41.241795500000002,0
TOWNE DRUGS,TOWNE DRUGS INC,17 SOUTH CENTRE STREET, ,POTTSVILLE,PA,SCHUYLKILL,17901,570-622-2490,-76.194973000000005,40.684698699999998,0
CONEMAUGH HEALTH SYSTEM MEMORIAL MEDICAL CENTER - MAIN CAMPUS,CONEMAUGH VALLEY MEMORIAL HOSPITAL,1086 FRANKLIN STREET, ,JOHNSTOWN,PA,CAMBRIA,15905,814-534-9566,-78.918858000000000,40.305299800000000,0
PENNSYLVANIA DEPARTMENT OF PUBLIC WELFARE - EBENSBURG CENTER,PENNSYLVANIA DEPARTMENT OF PUBLIC WELFARE,4501 ADMIRAL PEARY HIGHWAY, ,EBENSBURG,PA,CAMBRIA,15931,814-472-0496,-78.752313000000001,40.469922199999999,0
THE MEDICINE SHOPPE PHARMACY,RAIN INC,101 MAIN STREET, ,LUZERNE,PA,LUZERNE,18709,570-283-1331,-75.895066000000000,41.283768700000003,0
WAL-MART - 2543,WAL-MART STORES EAST LP,1201 OAK STREET, ,PITTSTON,PA,LUZERNE,18640,570-883-9700,-75.769913000000003,41.305395699999998,1
TARGET,TARGET CORPORATION AND SUBSIDIARIES,1140 COMMERCE BOULEVARD, ,DICKSON CITY,PA,LACKAWANNA,18519,570-383-7129,-75.638884000000004,41.467657799999998,1
MEDICAP PHARMACY,H & M DRUGS INC,1253 NORTH 4TH STREET, ,SUNBURY,PA,NORTHUMBERLAND,17801,570-286-6644,-76.782956999999996,40.877194099999997,0
WEIS MARKETS,WEIS MARKETS INC,225 SOUTH MOUNTAIN BOULEVARD, ,MOUNTAIN TOP,PA,LUZERNE,18707,570-474-9203,-75.900542000000002,41.146917100000003,0
WEIS MARKETS,WEIS MARKETS INC,1100 NORTH 4TH STREET, ,SUNBURY,PA,NORTHUMBERLAND,17801,570-286-0276,-76.783632999999995,40.872583700000000,0
REZK PHARMACY,"REZK PHARMACY, LLC",204 SOUTH MAIN STREET,LOWER LEVEL,CARROLLTOWN,PA,CAMBRIA,15722,814-344-2200,-78.709389000000002,40.598744699999997,0
RITE AID - 2568,RITE AID OF PENNSYLVANIA INC,2810 MEMORIAL HIGHWAY, ,SHAVERTOWN,PA,LUZERNE,18708,570-675-2383,-75.943427000000000,41.323143100000003,0
KEYSTONE PROFESSIONAL PHARMACY,"VPHARM,INC",485 SOUTH RIVER STREET, ,WILKES BARRE,PA,LUZERNE,18702,570-970-2200,-75.898002000000005,41.240001900000003,0
RITE AID - 1021,RITE AID OF PENNSYLVANIA INC,401-403 SOUTH MAIN STREET, ,OLD FORGE,PA,LACKAWANNA,18518,570-457-0844,-75.737725999999995,41.369311699999997,0
CVS - 1323,CRESSONA MALL CVS INC,1544 ROUTE 61 HIGHWAY SOUTH,CRESSONA MALL SUITE 6145,POTTSVILLE,PA,SCHUYLKILL,17901,570-385-0522,-76.185430999999994,40.640318499999999,1
RITE AID - 11060,ECKERD CORPORATION,205 CENTER STREET, ,TAMAQUA,PA,SCHUYLKILL,18252,570-668-6989,-75.967507999999995,40.795069499999997,0
WAL-MART SUPERCENTER - 1623,WAL-MART STORES EAST LP,2150 WILKES BARRE TOWNSHIP MARKET PLACE, ,WILKESBARRE,PA,LUZERNE,18702,570-821-6190,-75.858665000000002,41.238414800000001,1
GIANT,GIANT FOOD STORES LLC,328 CHURCH STREET, ,DANVILLE,PA,MONTOUR,17821,570-271-2521,-76.612598000000006,40.960643900000001,1
WEIS MARKETS,WEIS MARKETS INC,ROUTE 209 AND EAST WEIR LAKE ROAD, ,BRODHEADSVILLE,PA,MONROE,18322,570-992-5114,-75.420109999999994,40.916316399999999,0
WEIS MARKETS,WEIS MARKETS INC,695 NORTH COURTLAND STREET, ,EAST STROUDSBURG,PA,MONROE,18301,570-424-8065,-75.183768999999998,41.017934599999997,0
GOOD HEALTH PHARMACY,CSB PHARMACY INC,1592 STATE ROUTE 739,SUITE 2,DINGMANS FERRY,PA,PIKE,18328,570-828-7494,-74.920423000000000,41.272931900000003,0
KMART,K MART CORP,300 LINCOLN AVENUE, ,EAST STROUDSBURG,PA,MONROE,18301,570-424-7981,-75.182210999999995,40.992748200000001,0
RITE AID - 11064,ECKERD CORPORATION,791 SCRANTON CARBONDALE HIGHWAY, ,EYNON,PA,LACKAWANNA,18403,570-876-3788,-75.578779999999995,41.507445400000002,0
SULLIVAN COUNTY MEDICAL CENTER PHARMACY,UNIVERSAL MEDICAL SUPPLIERS INC,217 KING STREET,SUITE 2,LAPORTE,PA,SULLIVAN,18626,570-946-4116,-76.494932000000006,41.423577899999998,0
RITE AID - 1800,RITE AID OF PENNSYLVANIA INC,20 VILLAGE CENTER, ,EAST STROUDSBURG,PA,MONROE,18301,570-223-8062,-75.126932999999994,41.041847699999998,0
RED CROSS PHARMACY,RED CROSS PHARMACY,420 MAIN STREET, ,FOREST CITY,PA,SUSQUEHANNA,18421,570-785-5400,-75.466227000000003,41.648445199999998,0
APPLEBY'S DRUG STORE,FRED B APPLEBY INC,2 UNITED STATES ROUTE 522 SOUTH, ,MOUNT UNION,PA,HUNTINGDON,17066,814-542-4412,-77.877105000000000,40.381605700000001,0
SHENANDOAH QUICK SHOPPE,REDNER'S PHARMACY #22,8 GOLD STAR PLAZA, ,SHENANDOAH,PA,SCHUYLKILL,17976,570-462-2050,-76.205462999999995,40.806566300000000,0
RITE AID - 726,RITE AID OF PENNSYLVANIA INC,1080 SOUTH WASHINGTON AVENUE, ,SCRANTON,PA,LACKAWANNA,18505,570-346-5924,-75.675360999999995,41.398972700000002,0
FAMILY PHARMACY OF JESSUP,FAMILY PHARMACY OF JESSUP INC,140 CONSTITUTION AVENUE, ,JESSUP,PA,LACKAWANNA,18434,570-383-7311,-75.573374000000001,41.476699500000002,0
GIANT,"GIANT FOOD STORES, LLC",7673 LAKE RAYSTOWN SHOPPING CENTER, ,HUNTINGDON,PA,HUNTINGDON,16652,814-643-1021,-78.009703000000002,40.478944200000001,1
MONROE-NOXEN HEALTH CENTER,RURAL HEALTH CORP PHARMACY,STATE ROUTE 29, ,NOXEN,PA,WYOMING,18636,570-298-2121,-76.024628000000007,41.426500799999999,0
CVS - 558,SCRANTON MAIN CVS INC,1008 SOUTH MAIN AVENUE, ,SCRANTON,PA,LACKAWANNA,18504,570-347-7339,-75.687372999999994,41.401637000000001,1
WAL-MART SUPERCENTER - 2528,WAL-MART STORES EAST LP,167 HOGAN BOULEVARD, ,MILL HALL,PA,CLINTON,17751,570-893-8184,-77.480565999999996,41.116744799999999,1
RITE AID - 224,RITE AID OF PENNSYLVANIA INC,STATE ROUTE 29,VILLAGE SHOPPING CENTER SUITE 13,TUNKHANNOCK,PA,WYOMING,18657,570-836-5515,-75.947084000000004,41.529240000000001,0
CONCEPT MEDICAL,"CONCEPT MEDICAL, INC.",639 CHESTNUT STREET, ,ASHLAND,PA,SCHUYLKILL,17921,570-875-3611,-76.341043999999997,40.783187800000000,0
SCOTS LO COST,WEIS MARKETS INC,6 MILLBROOK PLAZA, ,MILL HALL,PA,CLINTON,17751,570-748-1130,-77.479077000000004,41.117258399999997,0
KONICKI PHARMACY,WISHBONE ENTERPRISES LLC,278 MAIN STREET, ,DUPONT,PA,LUZERNE,18641,570-655-8610,-75.748514000000000,41.321726900000002,0
SCHUYLKILL MEDICAL CENTER EAST NORWEGIAN STREET,SCHUYLKILL MEDICAL CENTER - EAST NORWEGIAN STREET PHARMACY,700 EAST NORWEGIAN STREET, ,POTTSVILLE,PA,SCHUYLKILL,17901,570-621-4000,-76.188151000000005,40.690927500000001,0
WAL-MART SUPERCENTER - 2129,WAL-MART STORES EAST LP,100 SUPERCENTER DRIVE, ,CLEARFIELD,PA,CLEARFIELD,16830,814-765-8587,-78.400818999999998,41.032007100000001,1
RITE AID - 10976,THRIFT DRUG INC,431 COMMONS DRIVE, ,DUBOIS,PA,CLEARFIELD,15801,814-371-4491,-78.733035000000001,41.123753100000002,0
KMART,K MART CORP,ROAD 3 AND STATE ROUTE 255 NORTH, ,DUBOIS,PA,CLEARFIELD,15801,814-375-6963,-78.726972000000004,41.124980100000002,0
RITE AID - 696,RITE AID OF PENNSYLVANIA INC,15 WEST CENTRE STREET, ,MAHANOY CITY,PA,SCHUYLKILL,17948,570-773-1455,-76.142571000000004,40.812823100000003,0
FAMILY PRESCRIPTION COUNTER,FAMILY PRESCRIPTION COUNTER,335 MAIN STREET, ,DURYEA,PA,LUZERNE,18642,570-457-6789,-75.762727999999996,41.351351800000003,0
RITE AID - 2693,RITE AID OF PENNSYLVANIA INC,44 KINGS VILLAGE,KINGS VILLAGE SHOPPING CENTER,MINERSVILLE,PA,SCHUYLKILL,17954,570-544-8290,-76.254091000000003,40.681313899999999,0
RITE AID - 740,RITE AID OF PENNSYLVANIA INC,8878 CLEARFIELD CURWENSVILLE HIGHWAY, ,CLEARFIELD,PA,CLEARFIELD,16830,814-765-2753,-78.474658000000005,40.988056899999997,0
THE MEDICAP PHARMACY,SUPERIOR CARE PHARMACY INC,514 BURKE BYPASS, ,OLYPHANT,PA,LACKAWANNA,18447,570-383-6700,-75.597429000000005,41.470531500000000,0
SHOPRITE,KINSLEYS MARKET OF TANNERSVILLE INC,760 STATE ROUTE 209 SOUTH, ,BRODHEADSVILLE,PA,MONROE,18322,570-992-1658,-75.419352000000003,40.918256000000000,0
SOLDIERS AND SAILORS MEMORIAL HOSPITAL,SOLDIERS AND SAILORS MEM HSP,32-36 CENTRAL AVENUE, ,WELLSBORO,PA,TIOGA,16901,570-723-7764,-77.300437000000002,41.745093199999999,0
STROUD COMPOUNDING AND WELLNESS,STROUD COMPOUNDING AND WELLNESS,7400 STATE ROUTE 611,SUITE 3,STROUDSBURG,PA,MONROE,18360,570-476-6936,-75.251374999999996,40.994441899999998,0
CLEARFIELD PHARMACY,"JOSEPH F. DELLANTONIO, INC.",307 EAST MARKET STREET, ,CLEARFIELD,PA,CLEARFIELD,16830,814-765-7841,-78.435984000000005,41.021896099999999,0
SAM'S CLUB - 8191,SAMS EAST INC,441 WILKES BARRE TOWNSHIP BOULEVARD, ,WILKES BARRE,PA,LUZERNE,18702,570-824-6712,-75.862632000000005,41.233606399999999,0
DIAMOND DRUG STORE,"GILBERT ZILNER, INC.",841 HOSPITAL ROAD,OUTPATIENT SERVICES BUILDING,INDIANA,PA,INDIANA,15701,724-463-3440,-79.157444999999996,40.607355900000002,0
ORBY PHARMACY,ORBY PHARMACY INC,626 WATER STREET,SUITE 3,ORBISONIA,PA,HUNTINGDON,17243,814-447-3934,-77.892193000000006,40.240211799999997,0
KMART,K MART CORP,910 WILKES BARRE TOWNSHIP BOULEVARD, ,WILKES BARRE,PA,LUZERNE,18702,570-823-3363,-75.880196999999995,41.225433500000001,0
DIAMOND DRUG STORE,"DIAMOND DRUGS, INC.",670 PHILADELPHIA STREET, ,INDIANA,PA,INDIANA,15701,724-465-4200,-79.152702000000005,40.622742899999999,0
OMNICARE OF SCRANTON,"NEIGHBORCARE PHARMACY SERVICES, INC.",2400 STAFFORD AVENUE,SUITE 800,SCRANTON,PA,LACKAWANNA,18505,570-961-9168,-75.676282999999998,41.377450699999997,0
SPROUT'S HEALTH MART PHARMACY,SPROUTS DRUG STORE,122 EAST ACADEMY STREET, ,SHINGLEHOUSE,PA,POTTER,16748,814-697-6331,-78.191053999999994,41.963894799999998,0
GIANT EAGLE,PENN TRAFFIC CO,40 SOUTH WHITE STREET, ,BROOKVILLE,PA,JEFFERSON,15825,814-849-7548,-79.083040999999994,41.159513500000003,1
BEDWICK'S PHARMACY,"BEDWICK'S PHARMACY, INC.",452 HAZLE STREET, ,WILKES BARRE,PA,LUZERNE,18702,570-823-3818,-75.891983999999994,41.228654100000000,0
MCCABE DRUG,MCCABE DRUG INC.,419 EAST MAIN STREET, ,REYNOLDSVILLE,PA,JEFFERSON,15851,814-653-8295,-78.888914000000000,41.096500499999998,0
IV SOLUTIONS INCORPORATED,"I.V. SOLUTIONS, INC.",162 NORTH MAIN STREET, ,OLD FORGE,PA,LACKAWANNA,18518,570-457-9201,-75.732950000000002,41.371949499999999,0
THE MEDICINE SHOPPE PHARMACY,"RBJ ENTERPRISES, INC.",132 WEST MAHONING STREET, ,PUNXSUTAWNEY,PA,JEFFERSON,15767,814-938-3077,-78.972364999999996,40.943626999999999,0
MCCABE DRUG,INTERDEPENDANT HOLDINGS INC,229 MAIN STREET, ,BROOKVILLE,PA,JEFFERSON,15825,814-849-7300,-79.080488000000003,41.160301699999998,0
CARESITE PHARMACY,CCP RETAIL LLC,21 COMMERCE COURT, ,MOUNT POCONO,PA,MONROE,18344,570-895-5055,-75.374216000000004,41.126629800000003,0
WAL-MART - 2185,WAL-MART STORES EAST LP,980 NORTH SUSQUEHANNA TRAIL, ,SELINSGROVE,PA,SNYDER,17870,570-374-0299,-76.845043000000004,40.822915500000001,1
TUZZE'S PHARMACY,TUZZE'S PHARMACY,509 POPLAR STREET, ,MAYFIELD,PA,LACKAWANNA,18433,570-876-0740,-75.540701999999996,41.537789699999998,0
RITE AID - 7853,RITE AID OF PENNSYLVANIA INC,901 SOUTH SAINT MARYS STREET, ,SAINT MARYS,PA,ELK,15857,814-834-4515,-78.559815999999998,41.408037700000001,0
PORT ALLEGANY PHARMACY,PORT ALLEGANY PHARMACY INC,56 NORTH MAIN STREET, ,PORT ALLEGANY,PA,MCKEAN,16743,814-642-2871,-78.280996000000002,41.812354700000000,0
CVS - 4241,WHITE CROSS STORES INC NO 14,1532 WEST FRONT STREET, ,BERWICK,PA,COLUMBIA,18603,570-752-2706,-76.259495000000001,41.047795600000001,0
SAINT MARYS PHARMACY,ST. MARYS PHARMACY,190 NORTH FRALEY STREET, ,KANE,PA,MCKEAN,16735,814-837-8500,-78.811227000000002,41.659807200000003,0
TOTAL LIFE CARE PHARMACY,HEALTH ENTERPRISES INC.,4 INDUSTRIAL PARK ROAD,MOUNTAIN VIEW MEDICAL CENTER SUITE A,MIFFLINTOWN,PA,JUNIATA,17059,717-436-8278,-77.368724999999998,40.583431800000000,0
BUCHANAN HEALTH MART PHARMACY,BUCHANAN BROTHERS PHARMACY INC,170 MAIN STREET, ,ELDRED,PA,MCKEAN,16731,814-225-4723,-78.385344000000003,41.957457599999998,0
WEIS MARKETS,WEIS MARKETS INC,725 COLUMBIA BOULEVARD, ,BLOOMSBURG,PA,COLUMBIA,17815,570-387-6264,-76.444298000000003,41.003265800000001,0
BUCHANAN HEALTH MART PHARMACY,BUCHANAN BROTHERS PHARMACY INC,313 MAIN STREET, ,SMETHPORT,PA,MCKEAN,16749,814-887-5375,-78.444714000000005,41.809308399999999,0
BLOOMFIELD PHARMACY,BLOOMFIELD PHARMACY INC,1 WEST MAIN STREET, ,NEW BLOOMFIELD,PA,PERRY,17068,717-582-2313,-77.187185999999997,40.419466999999997,0
CONTINUING CARE RX,CONTINUING CARE RX INC,28 SOUTH 2ND STREET, ,NEWPORT,PA,PERRY,17074,717-567-2147,-77.130399999999995,40.477009899999999,0
TARGET,TARGET CORPORATION AND SUBSIDIARIES,501 MARKETPLACE BOULEVARD, ,SELINSGROVE,PA,SNYDER,17870,570-743-4931,-76.838699000000005,40.842283600000002,1
WEIS MARKETS,WEIS MARKETS INC,111 ROOSEVELT AVENUE, ,SELINSGROVE,PA,SNYDER,17870,570-374-7433,-76.846265000000002,40.827367299999999,0
LEONARDS PHARMACY,JM MARCHESE DRUGS INC,107 WEST MARKET STREET, ,SCRANTON,PA,LACKAWANNA,18508,570-342-6345,-75.657426999999998,41.437958199999997,0
GAUGHN'S DRUG STORE,GAUGHN'S DRUG STORE INC.,348 PENNSYLVANIA AVENUE WEST, ,WARREN,PA,WARREN,16365,814-723-2840,-79.149169999999998,41.845131600000002,0
ROANS PRESCRIPTION DRUG STORE,ROANS PERSCRIPTION DRUG STORE,159 EAST MAIN STREET, ,PLYMOUTH,PA,LUZERNE,18651,570-779-9503,-75.941779999999994,41.242073200000000,0
CVS - 1916,HIGHLAND CENTER CVS INC,265 NORTHLAND CENTER, ,STATE COLLEGE,PA,CENTRE,16803,814-234-4760,-77.887484000000001,40.803136500000001,1
RITE AID - 1371,RITE AID OF PENNSYLVANIA INC,102 NORTH MAIN STREET, ,PITTSTON,PA,LUZERNE,18640,570-655-4030,-75.789737000000002,41.324714800000002,0
MARTIN'S,"GIANT FOOD STORES, LLC",1000 LOGAN BOULEVARD,SUITE 108,ALTOONA,PA,BLAIR,16602,814-949-3735,-78.402158000000000,40.474817899999998,0
RITE AID - 11081,ECKERD CORPORATION,556 UNION STREET, ,LUZERNE,PA,LUZERNE,18709,570-287-1700,-75.897927999999993,41.282003899999999,0
WAL-MART - 2024,WAL-MART STORES EAST LP,809 STATE ROUTE 29 SOUTH, ,TUNKHANNOCK,PA,WYOMING,18657,570-836-8071,-75.952089999999998,41.525189900000001,1
COOK'S PHARMACY,COOK'S PHARMACY OF KINGSTON INC,777 WYOMING AVENUE, ,KINGSTON,PA,LUZERNE,18704,570-288-3633,-75.883556999999996,41.273525900000003,0
REDNER'S WAREHOUSE MARKET,REDNER'S MARKET INC,191 MANHEIM ROAD, ,SCHUYLKILL HAVEN,PA,SCHUYLKILL,17972,570-385-8227,-76.160978000000000,40.642907999999998,0
CARESITE SPECIALTY RX,CARESITE SPEC RX LLC,175 SOUTH WILKES BARRE BOULEVARD, ,WILKES BARRE,PA,LUZERNE,18702,570-208-4721,-75.883512999999994,41.240193800000000,0
TRIANGLE PHARMACY,TRIANGLE PHARMACY,89 SOUTH MAIN STREET, ,MOUNTAIN TOP,PA,LUZERNE,18707,570-474-6520,-75.890472000000003,41.157508600000000,0
CAREMARK,ADVANCERX COM L.L.C.,1 GREAT VALLEY BOULEVARD, ,WILKES BARRE,PA,LUZERNE,18706,570-820-2741,-75.943342999999999,41.208683000000001,0
WEATHERLY AREA COMMUNITY PHARMACY,FRANK S SEFCHICK,202 CARBON STREET,WEATHERLY PLAZA,WEATHERLY,PA,CARBON,18255,570-427-4887,-75.827876000000003,40.938998599999998,0
REDDONS DRUGS,REDDON DRUG CO. INC.,177 ERIE BOULEVARD, ,SUSQUEHANNA,PA,SUSQUEHANNA,18847,570-853-3150,-75.604977000000005,41.946314299999997,0
WAL-MART SUPERCENTER - 2481,WAL-MART STORES EAST LP,9300 STATE ROUTE 61, ,COAL TOWNSHIP,PA,NORTHUMBERLAND,17866,570-648-7776,-76.505054999999999,40.787902099999997,1
TRI-VALLEY PHARMACY,"TRI-VALLEY PHARMACY, INC.",301 WEST MAIN STREET, ,VALLEY VIEW,PA,SCHUYLKILL,17983,570-682-3145,-76.523627000000005,40.646970500000002,0
RITE AID - 11039,THRIFT DRUG INC,602 CONTINENTAL BOULEVARD,WEIS SHOPPING CENTER,DANVILLE,PA,MONTOUR,17821,570-275-3524,-76.615323000000004,40.966804199999999,0
MEDFAST / LECHS PHARMACY,MJRRX INC.,1 KIM AVENUE,SUITE 1,TUNKHANNOCK,PA,WYOMING,18657,570-836-6333,-75.971496000000002,41.579604500000002,0
LORDS VALLEY VILLAGE PHARMACY,LORDS VALLEY VILLAGE PHCY INC,658 STATE ROUTE 739,SUITE 5,HAWLEY,PA,PIKE,18428,570-775-9555,-75.048410000000004,41.349747100000002,0
GEISINGER MEDICAL CENTER,GEISINGER MED CTR O/P PHCY,100 NORTH ACADEMY AVENUE, ,DANVILLE,PA,MONTOUR,17822,570-271-6451,-76.606409999999997,40.967724099999998,0
RITE AID - 11076,THRIFT DRUG INC,ROUTE 6,TIOGA PLAZA,TUNKHANNOCK,PA,WYOMING,18657,570-836-2812,-75.962581999999998,41.542750200000000,0
KMART,K MART CORP,UNITED STATES HIGHWAY 6,BRADFORD TOWN CENTER,TOWANDA,PA,BRADFORD,18848,570-265-8263,-76.419263999999998,41.766834899999999,0
WAL-MART SUPERCENTER - 3634,WALMART STORES EAST LP,35 PLAZA DRIVE, ,TAMAQUA,PA,SCHUYLKILL,18252,570-668-2481,-75.988106000000002,40.836816100000000,0
WEIS MARKET,WEIS MARKETS INC,500 POTTSVILLE PARK PLAZA, ,POTTSVILLE,PA,SCHUYLKILL,17901,570-622-8150,-76.185407999999995,40.698521999999997,0
GIANT,GIANT FOOD STORES LLC,1600-1606 NAY AUG AVENUE, ,SCRANTON,PA,LACKAWANNA,18509,570-343-7940,-75.657410999999996,41.434372099999997,1
WINOLA PHARMACY,WISHBONE ENTERPRISES LLC,ROUTE 307,LAKE WINOLA PLAZA,LAKE WINOLA,PA,WYOMING,18625,570-378-2885,-75.845349999999996,41.508671499999998,0
SCOTS LO COST PHARMACY,WEIS MARKETS INC,12 ANTHRA PLAZA CENTER, ,RANSHAW,PA,NORTHUMBERLAND,17866,570-644-3990,-76.519870999999995,40.789383000000001,0
MAUCH CHUNK PHARMACY,BROWN & GOBIN INCORPORATED,1204 NORTH STREET,MCT PLAZA,JIM THORPE,PA,CARBON,18229,570-325-5020,-75.725789000000006,40.881850000000000,0
RITE AID - 2422,RITE AID OF PENNSYLVANIA INC,480 WEST BERTSCH STREET, ,LANSFORD,PA,CARBON,18232,570-645-3179,-75.894273999999996,40.826781099999998,0
GRECO APOTHECARY HEALTH MART PHARMACY,GRECO ENTERPRISES,704 MAIN STREET, ,FREELAND,PA,LUZERNE,18224,570-636-1400,-75.896621999999994,41.017274100000002,0
YOCUMS PHARMACY,YOCUMS PHARMACY,1749 EAST BROAD STREET, ,HAZLETON,PA,LUZERNE,18201,570-454-1135,-75.949312000000006,40.941244099999999,0
FAMILY PHARMACY OF ARCHBALD,FAMILY PHARMACY OF ARCHBALD,4 KELLY STREET,KENNEDY PLAZA,ARCHBALD,PA,LACKAWANNA,18403,570-876-3312,-75.554613000000003,41.490769499999999,0
WILKES BARRE VETERANS AFFAIRS MEDICAL CENTER,WILKES BARRE VAMC,1111 EAST END BOULEVARD, ,WILKES BARRE,PA,LUZERNE,18711,570-824-3521,-75.835891000000004,41.248227300000003,0
RITE AID - 11058,ECKERD CORPORATION,241 NORTH FIRST STREET, ,LEHIGHTON,PA,CARBON,18235,610-377-4262,-75.708132000000006,40.836382100000002,0
RITE AID - 2427,RITE AID OF PENNSYLVANIA INC,156 AMBER LANE,CITY HEIGHTS SHOPPING CENTER,WILKES BARRE,PA,LUZERNE,18702,570-829-7818,-75.873856000000004,41.237517400000002,0
STANDARD DRUG COMPANY,DEBALKO'S PHARMACY INC,322 SOUTH HANCOCK STREET, ,MCADOO,PA,SCHUYLKILL,18237,570-929-1130,-75.996531000000004,40.898344199999997,0
THE MEDICINE SHOPPE PHARMACY,WILLIAM C KENNEDY,28 WEST RIDGE STREET, ,LANSFORD,PA,CARBON,18232,570-645-3588,-75.885512000000006,40.831513100000002,0
CROSSROADS PHARMACY AND GIFTS,CROSSROADS PHARMACY & GIFT INC,135 OXFORD STREET, ,HANOVER TOWNSHIP,PA,LUZERNE,18706,570-825-4566,-75.919938999999999,41.232701400000003,0
CLINIC PHARMACY,ROBERT PARKER HOSPITAL,1 GUTHRIE SQUARE,SUITE EC101,SAYRE,PA,BRADFORD,18840,570-882-2800,-76.521094000000005,41.980217799999998,0
CVS - 1324,FAIRLANE VILLAGE MALL CVS INC,389 POTTSVILLE SAINT CLAIR HIGHWAY,FAIRLANE VILLAGE MALL,POTTSVILLE,PA,SCHUYLKILL,17901,717-429-2705,-76.190213000000000,40.705691299999998,1
CVS - 2729,PITTSTON CVS INC,351 KENNEDY BOULEVARD, ,PITTSTON,PA,LUZERNE,18640,570-883-7846,-75.792638999999994,41.321019800000002,1
ENDLESS MOUNTAINS PHARMACY,ENDLESS MOUNTAINS PHARMACY INC,1866 STATE ROUTE 106,SUITE 11,CLIFFORD,PA,SUSQUEHANNA,18413,570-222-7500,-75.601214999999996,41.652517400000001,0
ALLIED SERVICES PHARMACY,ALLIED HEALTHCARE SERVICES,201 SMALLACOMBE DRIVE,SUITE 1,SCRANTON,PA,LACKAWANNA,18508,570-702-8700,-75.676636999999999,41.447225299999999,0
SHIPMAN'S PHARMACY,SHIPMANS PHARMACY INC,326 DELAWARE AVENUE, ,PALMERTON,PA,CARBON,18071,610-826-5555,-75.609340000000003,40.801768199999998,0
NORTHEAST PHARMACY SERVICES INCORPORATED,"NORTHEAST PHARMACY SERVICES, INC.",590 COAL STREET, ,LEHIGHTON,PA,CARBON,18235,610-377-9730,-75.717151000000001,40.836902700000003,0
CVS - 1594,REA & DERICK INC,5 CHURCH STREET, ,DALLAS,PA,LUZERNE,18612,570-675-1076,-75.962748000000005,41.337380400000001,0
SHOPRITE,"BRACEY'S MT POCONO, INC.",89 STATE ROUTE 940, ,MOUNT POCONO,PA,MONROE,18344,570-839-5340,-75.356459999999998,41.124730000000000,0
TOTAL HOME HEALTH CARE,"TOTAL HOME HEALTH CARE, INC",437 MAIN STREET, ,STROUDSBURG,PA,MONROE,18360,570-421-1110,-75.190138000000005,40.986301599999997,0
POP'S DRUGSTORE,POP'S DRUGSTORE,1547 STATE ROUTE 507, ,GREENTOWN,PA,PIKE,18426,570-676-0012,-75.306839999999994,41.324767199999997,0
SALERNOS PHARMACY,CHEMRX SALERNOS LLC,UNITED STATES ROUTE 209 BUSINESS ROUTE AND BOSSARDSVILLE ROAD, ,SCIOTA,PA,MONROE,18354,570-992-6300,-75.315832000000000,40.928444900000002,0
RITE AID - 2702,RITE AID OF PENNSYLVANIA INC,667 STATE ROUTE 739, ,HAWLEY,PA,PIKE,18428,570-775-0405,-75.045946999999998,41.346995200000002,0
RITE AID - 11068,ECKERD CORPORATION,609 LUZERNE STREET, ,SCRANTON,PA,LACKAWANNA,18504,570-344-4404,-75.678820999999999,41.404616099999998,0
RITE AID - 1450,RITE AID OF PENNSYLVANIA INC,601 DELAWARE AVENUE, ,PALMERTON,PA,CARBON,18071,610-826-2600,-75.601606000000004,40.805489999999999,0
STINES PHARMACY,STINES PHARMACY INC,1 EAST MAIN STREET, ,SCHUYLKILL HAVEN,PA,SCHUYLKILL,17972,570-385-3570,-76.172938000000002,40.629436599999998,0
MILLERS PHARMACY,MILLERS PHARMACY INC,UNITED STATES ROUTE 6,FARM AND HOME PLAZA,WYALUSING,PA,BRADFORD,18853,570-746-1004,-76.268349999999998,41.670122700000000,0
RITE AID - 11061,ECKERD CORPORATION,300 WEST HARFORD STREET, ,MILFORD,PA,PIKE,18337,570-296-8866,-74.806948000000006,41.324285500000002,0
WAL-MART - 2169,WAL-MART STORES EAST LP,1204 BLAKESLEE BOULEVARD DRIVE EAST, ,LEHIGHTON,PA,CARBON,18235,570-386-3146,-75.733339000000001,40.817251200000001,1
RITE AID - 415,RITE AID OF PENNSYLVANIA INC,33 PUBLIC SQUARE, ,WILKES BARRE,PA,LUZERNE,18701,570-829-3568,-75.882752999999994,41.245801600000000,0
NOCKLEY FAMILY PHARMACY,"NOCKLEY FAMILY PHARMACY, INC.",1198 SOUTH MAIN STREET, ,HANOVER TOWNSHIP,PA,LUZERNE,18706,570-208-5500,-75.914339999999996,41.228537299999999,0
CARESITE PHARMACY AT LAKE SCRANTON,CCP RETAIL LLC,125 SCRANTON POCONO HIGHWAY, ,SCRANTON,PA,LACKAWANNA,18505,570-969-2305,-75.628482000000005,41.397741500000002,0
BUTASH PHARMACY,BUTASH PHARMACY,319 GEORGE STREET, ,THROOP,PA,LACKAWANNA,18512,570-489-2331,-75.618443999999997,41.446038999999999,0
WAL-MART - 2208,WAL-MART STORES EAST LP,1887 ELMIRA STREET, ,SAYRE,PA,BRADFORD,18840,570-888-3729,-76.542751999999993,41.976083500000001,1
LLEWELLYN’S PHARMACY,LLEWELLYNS INC,703 MAIN STREET, ,AVOCA,PA,LUZERNE,18641,570-457-2341,-75.742063999999999,41.337935999999999,0
NOCCHI'S PHARMACY,NOCCHIS PHARMACY LLC,500 CENTRE STREET, ,FREELAND,PA,LUZERNE,18224,570-636-2520,-75.897740999999996,41.016645199999999,0
CVS - 1616,REA & DERICK INC,960 WYOMING AVENUE, ,EXETER,PA,LUZERNE,18643,570-654-7422,-75.809939000000000,41.325653299999999,0
CVS - 1091,SAYRE CVS INC,116 SOUTH ELMER AVENUE, ,SAYRE,PA,BRADFORD,18840,570-888-7763,-76.517099000000002,41.981657200000001,1
RITE AID - 4840,RITE AID OF PENNSYLVANIA INC,1000 NORTH CHURCH STREET, ,HAZLETON,PA,LUZERNE,18201,570-450-7272,-75.978519000000006,40.972986200000001,0
GERRITY'S SUPERMARKET,GERRITYS PHARMACY HANOVER,2280 SANS SOUCI PARKWAY, ,HANOVER TOWNSHIP,PA,LUZERNE,18706,570-735-1316,-75.971950000000007,41.208589099999998,0
CVS - 1894,SHAMOKIN CVS INC,12 WEST INDEPENDENCE STREET, ,SHAMOKIN,PA,NORTHUMBERLAND,17872,570-648-8329,-76.557089000000005,40.790904599999998,1
THE MEDICINE SHOPPE PHARMACY,TABLETT INC,605 NORTH SHAMOKIN STREET, ,SHAMOKIN,PA,NORTHUMBERLAND,17872,570-648-5242,-76.550955999999999,40.792105900000003,0
RITE AID - 1830,RITE AID OF PENNSYLVANIA INC,387 YORK AVENUE, ,TOWANDA,PA,BRADFORD,18848,570-265-7882,-76.451113000000007,41.782414600000003,0
RITE AID - 11084,ECKERD CORPORATION,UNITED STATES HIGHWAY 6,BRADFORD TOWN SHOPPING CENTER,TOWANDA,PA,BRADFORD,18848,570-265-4769,-76.422816999999995,41.766993800000002,0
WEIS MARKETS,WEIS MARKETS INC,339 WEST WALNUT STREET, ,SHAMOKIN,PA,NORTHUMBERLAND,17872,570-648-7669,-76.561481999999998,40.790238199999997,0
FIRST NATIONAL PHARMACY,RAUSCHER AND MOYER INC,143 NORTH 1ST STREET, ,LEHIGHTON,PA,CARBON,18235,610-377-0450,-75.708618999999999,40.835286300000000,0
RITE AID - 11059,THRIFT DRUG INC,1241 BLAKESLEE BOULEVARD DRIVE EAST,SUITE 2,LEHIGHTON,PA,CARBON,18235,570-386-5838,-75.732326000000000,40.814567900000000,0
KMART,K MART CORP,650 OLD WILLOW AVENUE, ,HONESDALE,PA,WAYNE,18431,570-253-3756,-75.229810999999998,41.550606600000002,0
HOWELL'S MEDICINE CENTER,ROBERT E HOWELL,600 MAPLE AVENUE, ,HONESDALE,PA,WAYNE,18431,570-253-3784,-75.268635000000003,41.575014799999998,0
RITE AID - 2248,RITE AID OF PENNSYLVANIA INC,639 HAMLIN HIGHWAY, ,LAKE ARIEL,PA,WAYNE,18436,570-689-4660,-75.398987000000005,41.404097700000001,0
CVS - 2565,TOWANDA CVS INC,6 HOSPITAL DRIVE, ,TOWANDA,PA,BRADFORD,18848,570-268-0269,-76.450021000000007,41.783537400000000,1
WEIS MARKETS,WEIS MARKETS INC,589 HAMLIN HIGHWAY, ,HAMLIN,PA,WAYNE,18427,570-689-5231,-75.403909999999996,41.404500499999997,0
RITE AID - 561,RITE AID OF PENNSYLVANIA INC,2968 ELMIRA STREET, ,SAYRE,PA,BRADFORD,18840,570-888-7516,-76.545517000000004,41.990259899999998,0
CVS - 1587,REA & DERICK INC,801 MAIN STREET, ,HONESDALE,PA,WAYNE,18431,570-253-1730,-75.255403999999999,41.572301600000003,0
CVS - 748,HAMLIN CVS INC,657 HAMLIN HIGHWAY, ,HAMLIN,PA,WAYNE,18427,570-689-5011,-75.397236000000007,41.404255599999999,1
RITE AID - 11083,ECKERD CORPORATION,1593 ELMIRA STREET, ,SAYRE,PA,BRADFORD,18840,570-888-2369,-76.539833000000002,41.971430099999999,0
CVS - 1572,REA AND DERICK INC P1758,1081 NORTH CHURCH STREET, ,HAZLETON,PA,LUZERNE,18202,570-459-6393,-75.976995000000002,40.976784400000000,0
WAL-MART SUPERCENTER - 2255,WAL-MART STORES EAST LP,761 AIRPORT ROAD, ,HAZLE TOWNSHIP,PA,LUZERNE,18202,570-454-8771,-76.012435999999994,40.986515300000001,1
CVS - 1600,REA & DERICK INC,95 BROOKLYN STREET, ,CARBONDALE,PA,LACKAWANNA,18407,570-282-1650,-75.508751000000004,41.570931000000002,0
THE MEDICINE SHOPPE PHARMACY,VIERCINSKI 'S PHARMACY INC.,100 EAST GROVE STREET, ,CLARKS SUMMIT,PA,LACKAWANNA,18411,570-586-1961,-75.699072999999999,41.493265299999997,0
BELSKI COMMUNITY PHARMACY,BELSKI COMMUNITY PHARMACY,49 SOUTH OAK STREET, ,MOUNT CARMEL,PA,NORTHUMBERLAND,17851,570-339-1460,-76.412700000000001,40.796014399999997,0
RITE AID - 205,RITE AID OF PENNSYLVANIA INC,26 WEST INDEPENDENCE STREET, ,SHAMOKIN,PA,NORTHUMBERLAND,17872,570-648-1021,-76.557310999999999,40.790658800000003,0
CVS - 1588,REA & DERICK INC,1096 WYOMING AVENUE, ,WYOMING,PA,LUZERNE,18644,570-693-0280,-75.850200000000001,41.301599799999998,0
STEPHENS PHARMACY,MEDICAL SHOPPE LTD,1101 MAIN STREET, ,HONESDALE,PA,WAYNE,18431,570-253-7770,-75.257047000000000,41.575770100000000,0
BEN FRANKLIN - TOWNVILLE PHARMACY,"TOWNVILLE, INC",2195 STATE ROUTE 442,LOWES PLAZA,MUNCY,PA,LYCOMING,17756,570-546-8272,-76.724085000000002,41.198709999999998,0
CVS - 1614,REA & DERICK INC,651 CAREY AVENUE, ,HANOVER TOWNSHIP,PA,LUZERNE,18706,570-825-9811,-75.918346000000000,41.235019899999998,0
COSTA DRUGS,COSTA DRUGS INC,100 OLD LACKAWANNA TRAIL, ,CLARKS SUMMIT,PA,LACKAWANNA,18411,570-587-4717,-75.708173000000002,41.495471899999998,0
RITE AID - 2768,RITE AID OF PENNSYLVANIA INC,54 NORTH MAIN STREET, ,CARBONDALE,PA,LACKAWANNA,18407,570-282-3431,-75.501142000000002,41.573706799999997,0
THE MEDICINE SHOPPE PHARMACY,"EVERLONG PHARMACY, L.L.P.",99 NORTH CHURCH STREET, ,CARBONDALE,PA,LACKAWANNA,18407,570-281-6141,-75.497854000000004,41.575623000000000,0
THE MEDICINE SHOPPE PHARMACY,MADJAK INC,730 SOUTH MAIN STREET, ,OLD FORGE,PA,LACKAWANNA,18518,570-457-3372,-75.741767999999993,41.363356199999998,0
CARRIGAN'S COUNTRY PHARMACY,CARRIGANS COUNTRY PHARMACY INC,2588 STATE ROUTE 903, ,ALBRIGHTSVILLE,PA,CARBON,18210,570-722-8861,-75.598693999999995,41.008844400000001,0
RITE AID - 1180,RITE AID OF PENNSYLVANIA INC,217 SOUTH BLAKELY STREET, ,DUNMORE,PA,LACKAWANNA,18512,570-343-5525,-75.631855000000002,41.419739999999997,0
CVS - 1612,REA AND DERICK INC P1846,347 SOUTH BLAKELY STREET, ,DUNMORE,PA,LACKAWANNA,18512,570-342-9138,-75.633882000000000,41.418075500000000,0
WAL-MART SUPERCENTER - 1884,WAL-MART STORES EAST LP,900 COMMERCE BOULEVARD, ,DICKSON CITY,PA,LACKAWANNA,18519,570-383-4533,-75.642303999999996,41.465593400000003,1
STEPHENS PHARMACY,MEDICAL SHOPPE LTD,24 MAIN AVENUE,HAWLEY MARKET IGA,HAWLEY,PA,WAYNE,18428,570-226-3900,-75.183734999999999,41.481027699999999,0
SHOPRITE,BRACEYS SUPERMARKET INC.,STATE ROUTE 502 AND STATE ROUTE 435, ,MOSCOW,PA,LACKAWANNA,18444,570-842-7848,-75.517668999999998,41.308419899999997,0
CVS - 1188,"PENNSYLVANIA CVS PHARMACY, L.L.C.",101 SOUTH MAIN STREET, ,OLD FORGE,PA,LACKAWANNA,18518,570-457-2182,-75.735643999999994,41.371109199999999,1
LEHIGHTON PHARMACY,JT BAD INC,281 NORTH 12TH STREET,SUITE C,LEHIGHTON,PA,CARBON,18235,610-377-9070,-75.726703000000001,40.834045199999998,0
PRICE CHOPPER - 135,PRICE CHOPPER OPERATING CO OF PA INC,1228 ONEILL HIGHWAY, ,DUNMORE,PA,LACKAWANNA,18512,570-346-4593,-75.617329999999995,41.435308900000003,0
CAPITANO'S PHARMACY,CAPITANO PHARMACEUTICAL SERVICES INC,821 SOUTH MAIN STREET,SUITE 1,OLD FORGE,PA,LACKAWANNA,18518,570-457-5450,-75.742898999999994,41.362529600000002,0
RITE AID - 1685,RITE AID OF PENNSYLVANIA INC,801 WYOMING AVENUE,SUITE 9,WEST PITTSTON,PA,LUZERNE,18643,570-654-6689,-75.806471999999999,41.324744600000002,0
CVS - 1325,ANGELINI AVE CVS INC,20 EAST LOCUST STREET, ,NESQUEHONING,PA,CARBON,18240,570-669-6520,-75.812245000000004,40.867965599999998,1
RITE AID - 1632,RITE AID OF PENNSYLVANIA INC,20 SOUTH RIVER STREET, ,PLAINS,PA,LUZERNE,18705,570-824-7242,-75.858035000000001,41.277669400000001,0
TARGET,TARGET CORPORATION AND SUBSIDIARIES,3400 WILKES BARRE TOWNSHIP COMMONS, ,WILKES BARRE TOWNSHIP,PA,LUZERNE,18702,570-829-4983,-75.845287999999996,41.237442000000001,1
RITE AID - 170,RITE AID OF PENNSYLVANIA INC,128 NORTH COURTLAND STREET, ,EAST STROUDSBURG,PA,MONROE,18301,570-421-8665,-75.182494000000005,41.002344999999998,0
WEIS MARKETS,WEIS MARKETS INC,495 MEMORIAL HIGHWAY, ,DALLAS,PA,LUZERNE,18612,570-674-1120,-75.956834999999998,41.333746400000003,0
RITE AID - 2426,RITE AID OF PENNSYLVANIA INC,22 WEST SIDE MALL, ,EDWARDSVILLE,PA,LUZERNE,18704,570-287-7350,-75.902434999999997,41.259772800000000,0
CARESITE PHARMACY,CCP RETAIL LLC,529 TERRY REILEY WAY, ,POTTSVILLE,PA,SCHUYLKILL,17901,570-624-4120,-76.196844999999996,40.690583300000000,0
CVS - 53,HAWLEY CVS INC,58 WELWOOD AVENUE, ,HAWLEY,PA,WAYNE,18428,570-226-6550,-75.180374000000000,41.464156099999997,1
MONTGOMERYS PHARMACY,LYCOMING COUNTY MONTGOMERYS PHARMACY INC,49 NORTH RAILROAD STREET, ,HUGHESVILLE,PA,LYCOMING,17737,570-584-2005,-76.724869999999996,41.243066399999996,0
WAL-MART SUPERCENTER - 2535,WAL-MART STORES EAST LP,500 TERRY RICH BOULEVARD, ,SAINT CLAIR,PA,SCHUYLKILL,17970,570-429-2004,-76.189958000000004,40.727467900000001,1
WEIS MARKETS,WEIS MARKETS INC,STATE ROUTE 611,TANNERSVILLE PLAZA,TANNERSVILLE,PA,MONROE,18372,570-619-5300,-75.308532999999997,41.039886000000003,0
BURCH DRUG STORE,BURCH DRUG STORE,2 WEST VALLEY AVENUE, ,ELYSBURG,PA,NORTHUMBERLAND,17824,570-672-2711,-76.549807999999999,40.861378700000003,0
BRACEY PHARMACY,"BRACEY PHARMACY, INC",626 CENTER STREET, ,ASHLAND,PA,SCHUYLKILL,17921,570-875-1300,-76.340766000000002,40.782467400000002,0
RITE AID - 4292,RITE AID OF PENNSYLVANIA INC,48-50 SOUTH OAK STREET, ,MOUNT CARMEL,PA,NORTHUMBERLAND,17851,570-339-3721,-76.413166000000004,40.795949899999997,0
WAL-MART SUPERCENTER - 2368,WAL-MART STORES EAST LP,355 LINCOLN AVENUE, ,EAST STROUDSBURG,PA,MONROE,18301,570-424-8612,-75.182863999999995,40.989906200000000,1
RITE AID - 1955,RITE AID OF PENNSYLVANIA INC,12 CARRIAGE SQUARE, ,TOBYHANNA,PA,MONROE,18466,570-894-0571,-75.357803000000004,41.170852900000000,0
CVS - 1615,REA AND DERICK INC P1867,1600 MAIN STREET, ,DICKSON CITY,PA,LACKAWANNA,18519,570-383-3211,-75.608772999999999,41.469440300000002,0
STAPLETON PHARMACY,WILLIAM R SEITZINGER,299 WYOMING AVENUE, ,WYOMING,PA,LUZERNE,18644,570-693-3480,-75.836910000000003,41.312380800000000,0
WAL-MART SUPERCENTER - 2365,WAL-MART STORES EAST LP,500 STATE ROUTE 940, ,MOUNT POCONO,PA,MONROE,18344,570-895-4781,-75.372425000000007,41.125512100000002,1
WEIS MARKETS,WEIS MARKETS INC,1070 NORTH 9TH STREET, ,STROUDSBURG,PA,MONROE,18360,570-421-8810,-75.219021999999995,40.990281099999997,0
WALGREENS - 9228,WALGREEN CO,3182 MEMORIAL HIGHWAY, ,DALLAS,PA,LUZERNE,18612,570-675-4807,-75.956003999999993,41.332039299999998,1
RITE AID - 216,RITE AID OF PENNSYLVANIA INC,STATE ROUTE 435 AND STATE ROUTE 502, ,MOSCOW,PA,LACKAWANNA,18444,570-842-6766,-75.513220000000004,41.307330499999999,0
BURKE'S PHARMACY,"V & F DRUGS, INC.",701 EAST MARKET STREET, ,SCRANTON,PA,LACKAWANNA,18509,570-344-4635,-75.647713999999993,41.433230199999997,0
RITE AID - 208,RITE AID OF PENNSYLVANIA INC,15 SOUTH MAIN STREET, ,SHENANDOAH,PA,SCHUYLKILL,17976,570-462-1924,-76.200663000000006,40.819920900000000,0
LECH'S PHARMACY,LECHS PHARMACY,104 MAIN STREET, ,LACEYVILLE,PA,WYOMING,18623,570-869-8700,-76.159903999999997,41.645448799999997,0
RITE AID - 11069,THRIFT DRUG INC,1777 NORTH KEYSER AVENUE, ,SCRANTON,PA,LACKAWANNA,18508,570-346-2087,-75.669092000000006,41.445490700000001,0
CVS - 6790,SCRANTON DAVIS CVS INC,509 DAVIS STREET, ,SCRANTON,PA,LACKAWANNA,18505,570-341-3794,-75.693231999999995,41.378309199999997,1
WAL-MART SUPERCENTER - 2480,WAL-MART STORES EAST LP,777 OLD WILLOW AVENUE, ,HONESDALE,PA,WAYNE,18431,570-251-9637,-75.226521000000005,41.557330299999997,1
BRUNDAGE'S WAYMART PHARMACY,"BRUNDAGES WAYMART PHARMACY, INC",238 BELMONT STREET, ,WAYMART,PA,WAYNE,18472,570-488-7979,-75.407881000000003,41.582340500000001,0
CVS - 1593,REA AND DERICK INC P1764,110 GREEN RIDGE STREET, ,SCRANTON,PA,LACKAWANNA,18509,570-344-7400,-75.658815000000004,41.431909400000002,0
FRANK'S DRUG STORE,"FRANK'S DRUG STORE, INC.",978 MAIN STREET, ,NEWFOUNDLAND,PA,WAYNE,18445,570-676-3332,-75.319539000000006,41.307839100000002,0
RITE AID - 2478,RITE AID OF PENNSYLVANIA INC,129 EAST CENTRE STREET, ,ASHLAND,PA,SCHUYLKILL,17921,570-875-2475,-76.331678999999994,40.784152400000004,0
THE MEDICINE SHOPPE PHARMACY,DEPIETRO ENTERPRISES LLC,208 SOUTH MAIN STREET, ,MOSCOW,PA,LACKAWANNA,18444,570-842-7630,-75.518473000000000,41.335596400000000,0
RITE AID - 229,RITE AID OF PENNSYLVANIA INC,1184 TEXAS PALMYRA HIGHWAY, ,HONESDALE,PA,WAYNE,18431,570-253-0762,-75.225112999999993,41.554040399999998,0
MORRIS DRUGS,K P FLYNN INC,15 EAST CENTER STREET, ,MAHANOY CITY,PA,SCHUYLKILL,17948,570-773-3860,-76.141362999999998,40.813066100000000,0
CVS - 1312,CVS OF STROUDSBURG INC,1111 NORTH 9TH STREET, ,STROUDSBURG,PA,MONROE,18360,570-424-5476,-75.218356000000000,40.988577700000000,1
RITE AID - 7878,RITE AID OF PENNSYLVANIA INC,1050 NORTHERN BOULEVARD, ,CLARKS SUMMIT,PA,LACKAWANNA,18411,570-587-4508,-75.692682000000005,41.485189900000002,0
RITE AID - 507,RITE AID OF PENNSYLVANIA INC,10 SOUTH CENTRE STREET, ,POTTSVILLE,PA,SCHUYLKILL,17901,570-628-2537,-76.194550000000007,40.684997400000000,0
RITE AID - 873,RITE AID OF PENNSYLVANIA INC,500 NORTH CLAUDE A LORD BOULEVARD, ,POTTSVILLE,PA,SCHUYLKILL,17901,570-622-2224,-76.187617000000003,40.697091299999997,0
WEIS MARKETS,WEIS MARKETS INC,1020 NORTHERN BOULEVARD, ,CLARKS SUMMIT,PA,LACKAWANNA,18411,570-587-2781,-75.690652000000000,41.485073600000000,0
WEIS MARKETS,WEIS MARKETS INC,70 PHOENIX STREET, ,DURYEA,PA,LUZERNE,18642,570-451-6390,-75.769109999999998,41.347931199999998,0
TARGET,TARGET CORPORATION AND SUBSIDIARIES,350 POCONO COMMONS, ,STROUDSBURG,PA,MONROE,18360,570-426-1044,-75.245062000000004,40.997015699999999,1
BLAKESLEE PHARMACY,BLAKESLEE PHARMACY,STATE ROUTE 940, ,POCONO LAKE,PA,MONROE,18347,570-646-8040,-75.585258999999994,41.097378300000003,0
ANDREW BROWNS DRUG STORE,"ANDREW BROWNS DRUG STORE, INC",1502 PITTSTON AVENUE, ,SCRANTON,PA,LACKAWANNA,18505,570-346-7319,-75.673831000000007,41.391650599999998,0
RITE AID - 3470,RITE AID OF PENNSYLVANIA INC,580 CARBONDALE ROAD, ,SCOTT TOWNSHIP,PA,LACKAWANNA,18447,570-586-2749,-75.648989999999998,41.530602999999999,0
KMART,K MART CORP,3382 BIRNEY PLAZA, ,MOOSIC,PA,LACKAWANNA,18507,570-341-0915,-75.703320000000005,41.375604099999997,0
CVS - 1942,TANNERSVILLE CVS INC,ROUTE 611 AND OLD MILL ROAD, ,TANNERSVILLE,PA,MONROE,18372,570-629-8554,-75.306668999999999,41.039957600000001,1
RITE AID - 11073,ECKERD CORPORATION,400 WEST SECOND STREET, ,BERWICK,PA,COLUMBIA,18603,570-752-5200,-76.239613000000006,41.052228499999998,0
RITE AID - 11038,ECKERD CORPORATION,2411 COLUMBIA BOULEVARD, ,BLOOMSBURG,PA,COLUMBIA,17815,570-387-1900,-76.413677000000007,41.011751599999997,0
RITE AID - 11063,ECKERD CORPORATION,51 NORTH 3RD STREET, ,STROUDSBURG,PA,MONROE,18360,570-424-9096,-75.190747000000002,40.991299499999997,0
SHEEHANS PHARMACY,SHEEHANS PHARMACY INC,79 EAST CAREY STREET, ,PLAINS,PA,LUZERNE,18705,570-823-3151,-75.847786999999997,41.274181800000001,0
RITE AID - 1314,RITE AID OF PENNSYLVANIA INC,501 MAIN STREET,SUITE 2,WHITE HAVEN,PA,LUZERNE,18661,570-443-9519,-75.772136000000003,41.059485400000000,0
WEIS MARKETS,WEIS MARKETS INC,601 STATE ROUTE 940,MOUNT POCONO PLAZA,MOUNT POCONO,PA,MONROE,18344,570-839-6240,-75.373693000000003,41.120622599999997,0
RITE AID - 1355,RITE AID OF PENNSYLVANIA INC,STATE ROUTE 209 AND STATE ROUTE 115, ,BRODHEADSVILLE,PA,MONROE,18322,570-992-2373,-75.399439999999998,40.923169999999999,0
AMERICAN INFUSION SERVICES,AMERICAN INFUSION SERVICES INC,4113 BIRNEY AVENUE,SUITE 4,MOOSIC,PA,LACKAWANNA,18507,570-343-7883,-75.713592000000006,41.368123199999999,0
RITE AID - 3775,RITE AID OF PENNSYLVANIA INC,500 NORTH MAIN AVENUE, ,SCRANTON,PA,LACKAWANNA,18504,570-342-6411,-75.675642999999994,41.416299199999997,0
RITE AID - 501,RITE AID OF PENNSYLVANIA INC,201 NORTH WASHINGTON AVENUE, ,SCRANTON,PA,LACKAWANNA,18503,570-343-7301,-75.663841000000005,41.408272500000002,0
RITE AID - 1426,RITE AID OF PENNSYLVANIA INC,1650 MAIN STREET, ,OLYPHANT,PA,LACKAWANNA,18447,570-489-8834,-75.607498000000007,41.470820699999997,0
CVS - 1611,REA & DERICK INC,1101 MOOSIC STREET, ,SCRANTON,PA,LACKAWANNA,18505,570-347-6991,-75.648797999999999,41.396987299999999,0
KMART,K MART CORP,601 STATE ROUTE 940, ,MOUNT POCONO,PA,MONROE,18344,570-839-9131,-75.371302999999997,41.121740699999997,0
SHAFERS PHARMACY,SHAFERS PHARMACY LLC,11 CENTER STREET, ,TAMAQUA,PA,SCHUYLKILL,18252,570-668-0290,-75.969037999999998,40.797032700000003,0
STERLING PHARMACY,"STERLING PHARMACY,INC.",547 WASHINGTON AVENUE, ,JERMYN,PA,LACKAWANNA,18433,570-876-4412,-75.545827000000003,41.530044300000000,0
KMART,K MART CORP,1011 SCRANTON CARBONDALE HIGHWAY, ,SCRANTON,PA,LACKAWANNA,18508,570-489-4274,-75.645026000000001,41.469022500000001,0
WALGREENS - 9878,WALGREEN CO.,1009 NORTH 9TH STREET, ,STROUDSBURG,PA,MONROE,18360,570-421-5025,-75.216457000000005,40.988940499999998,1
CVS - 1883,EAGLE VALLEY CVS INC,751 MILFORD ROAD,EAGLES GLEN SHOPPING PLAZA,EAST STROUDSBURG,PA,MONROE,18301,570-421-8365,-75.179845999999998,41.021805999999998,1
CARE FIRST PHARMACY SERVICES,CARE FIRST PHARMACY SERVICES LLC,1015 NORTH VINE STREET, ,BERWICK,PA,COLUMBIA,18603,570-802-0160,-76.244336000000004,41.059172799999999,0
RITE AID - 11077,THRIFT DRUG INC,920 WILKES BARRE TOWNSHIP BOULEVARD, ,WILKES BARRE,PA,LUZERNE,18702,570-823-8730,-75.881243999999995,41.224780000000003,0
CVS - 1591,REA & DERICK INC,351 SOUTH MAIN STREET, ,WILKES BARRE,PA,LUZERNE,18701,570-825-3215,-75.892607999999996,41.240419600000003,0
RITE AID - 11062,ECKERD CORPORATION,103 STATE ROUTE 940, ,MOUNT POCONO,PA,MONROE,18344,570-839-3797,-75.360851999999994,41.125923000000000,0
WALGREENS - 7739,WALGREEN CO,330 SOUTH MAIN AVENUE, ,SCRANTON,PA,LACKAWANNA,18504,570-341-1429,-75.684111999999999,41.408946100000001,1
WAL-MART SUPERCENTER - 1794,WAL-MART STORES EAST LP,100 LUNGER DRIVE, ,BLOOMSBURG,PA,COLUMBIA,17815,570-389-5755,-76.485231999999996,41.008848100000002,1
ALLENS PHARMACY INCORPORATED,ALLENS PHARMACY INC,402 PRESCOTT AVENUE, ,SCRANTON,PA,LACKAWANNA,18510,570-342-8219,-75.649355999999997,41.403161900000001,0
HARROLD'S PHARMACY,HARROLD'S PHARMACY INC,179 OLD RIVER ROAD, ,WILKES BARRE,PA,LUZERNE,18702,570-822-5794,-75.906557000000006,41.243028099999997,0
GIANT,GIANT FOOD STORES LLC,3560 STATE ROUTE 611,SUITE 105,BARTONSVILLE,PA,MONROE,18321,570-421-2896,-75.271224000000004,41.000940800000002,1
MEDICINE SHOPPE,"JD FERRO, INC.",1000 SOUTH MARKET STREET, ,BLOOMSBURG,PA,COLUMBIA,17815,570-784-9582,-76.452933000000002,40.993909000000002,0
CVS - 1599,REA & DERICK INC,326 MARKET STREET, ,BERWICK,PA,COLUMBIA,18603,570-752-7462,-76.234673999999998,41.057275799999999,0
OLEXY PHARMACY,BTBKMK.LLC,143 NORTH MAIN STREET, ,TAYLOR,PA,LACKAWANNA,18517,570-562-2626,-75.708941999999993,41.385014400000003,0
COSTA DRUGS,COSTA DRUGS INC,609 PROSPECT AVENUE, ,SCRANTON,PA,LACKAWANNA,18505,570-961-1168,-75.663500999999997,41.397705400000000,0
THE PRESCRIPTION CENTER / PRIME CARE PHARMACY,THE PRESCRIPTION CENTER,310 ADAMS AVENUE, ,SCRANTON,PA,LACKAWANNA,18503,570-343-2448,-75.660415000000000,41.408405000000002,0
CRESTWOOD PHARMACY,CRESTWOOD PHARMACY,10 SOUTH MOUNTAIN BOULEVARD, ,MOUNTAIN TOP,PA,LUZERNE,18707,570-474-5859,-75.885856000000004,41.161361800000002,0
TOBYHANNA ARMY DEPOT - UNITED STATES ARMY HEALTH CLINIC-DOD,KELLER ARMY COMMUNITY HOSPITAL,MIDWAY ROAD, ,TOBYHANNA,PA,MONROE,18466,570-615-7122,-75.429283999999996,41.185722200000001,0
RITE AID - 218,RITE AID OF PENNSYLVANIA INC,5 EAST MAIN STREET, ,NANTICOKE,PA,LUZERNE,18634,570-735-4324,-76.004289999999997,41.204879699999999,0
NEWLIFE HOME CARE INCORPORATED,NEW LIFE HOME CARE INC,48 SOUTH MAIN STREET,SUITE 401,PITTSTON,PA,LUZERNE,18640,570-602-3093,-75.791183000000004,41.321103999999998,0
GENERAL COMMUNITY PHARMACY,WILKES-BARRE BEHAVIORAL HOSPITAL COMPANY LLC,562 WYOMING AVENUE,NESBITT MEMORIAL MEDICAL CENTER,KINGSTON,PA,LUZERNE,18704,570-552-7500,-75.889218999999997,41.269709900000002,0
RITE AID - 11075,ECKERD CORPORATION,120 LAUREL PLAZA, ,PITTSTON,PA,LUZERNE,18640,570-655-9920,-75.771905000000004,41.320692000000001,0
GIANT - 81,GIANT FOOD STORES LLC,70 SOUTH LOCUST STREET, ,HAZLETON,PA,LUZERNE,18201,570-459-5759,-75.982624999999999,40.953931200000000,1
WILLIAMS VALLEY PHARMACY,WILLIAMS VALLEY PHARMACY,226 EAST GRAND AVENUE, ,TOWER CITY,PA,SCHUYLKILL,17980,717-647-9523,-76.556341000000003,40.588407699999998,0
RITE AID - 4990,RITE AID OF PENNSYLVANIA INC,2 KIRBY AVENUE, ,MOUNTAIN TOP,PA,LUZERNE,18707,570-403-1132,-75.885086000000001,41.162254699999998,0
TRI-VALLEY PHARMACY,"TRI-VALLEY PHARMACY, INC.",101 SOUTH TULPEHOCKEN STREET, ,PINE GROVE,PA,SCHUYLKILL,17963,570-345-4966,-76.384687000000000,40.550427800000001,0
WEIS MARKETS,WEIS MARKETS INC,1 WEIS PLAZA, ,NANTICOKE,PA,LUZERNE,18634,570-735-3979,-76.003315999999998,41.206780600000002,0
CONTINUING CARE RX,APS PHARMACY SERVICES,225 OVERLOOK DRIVE, ,PITTSTON,PA,LUZERNE,18640,570-655-1911,-75.805144999999996,41.314849600000002,0
FAIRWAY PHARMACY,MPA PHARMACEUTICAL SERVICES,16750 STATE ROUTE 706,SUITE 5,MONTROSE,PA,SUSQUEHANNA,18801,570-278-8790,-75.852328000000000,41.836657600000002,0
MONTROSE MEDICAL ARTS PHARMACY INCORPORATED,MONTROSE MEDICAL ARTS PHARMACY,47 MAPLE STREET, ,MONTROSE,PA,SUSQUEHANNA,18801,570-278-2951,-75.873002000000000,41.832157899999999,0
LENOX PHARMACY,LENOX PHARMACY,5879 STATE ROUTE 92,SUITE 3 LENOX PLAZA,KINGSLEY,PA,SUSQUEHANNA,18826,570-222-5005,-75.674458999999999,41.711201000000003,0
ASEPSIS INFUSION INCORPORATED,ASEPSIS INFUSION INC,200 OVERLOOK DRIVE,SUITE 319,PITTSTON,PA,LUZERNE,18640,570-655-6222,-75.805144999999996,41.314843300000000,0
THERAPOINT,"THERAPOINT, LLC",1000 MEADE STREET, ,DUNMORE,PA,LACKAWANNA,18512,570-961-5100,-75.616369000000006,41.415077799999999,0
MEDICINE SHOPPE,CLARENCE C FREEMAN,100 HAZLE STREET, ,WILKES BARRE,PA,LUZERNE,18702,570-823-0511,-75.890969999999996,41.238756100000003,0
WALGREENS - 11561,WALGREEN CO.,400 WILKES BARRE TOWNSHIP BOULEVARD, ,WILKES BARRE,PA,LUZERNE,18702,570-235-2001,-75.864890000000003,41.235280299999999,1
PRICE CHOPPER - 202,PRICE CHOPPER OPERATING CO OF PA INC,1025 PENNSYLVANIA AVENUE, ,MATAMORAS,PA,PIKE,18336,570-491-5702,-74.709828000000002,41.362499200000002,0
DANVILLE PHARMACY,DANVILLE PHARMACY LLC,229 MILL STREET, ,DANVILLE,PA,MONTOUR,17821,570-284-4669,-76.618026000000000,40.961844200000002,0
CVS - 1582,REA AND DERICK INC P1713,115 NORTHUMBERLAND STREET, ,DANVILLE,PA,MONTOUR,17821,570-275-1811,-76.618116000000001,40.965773300000002,0
KMART,K MART CORP,111 HULST DRIVE,SUITE 7,MATAMORAS,PA,PIKE,18336,570-491-5019,-74.720684000000006,41.351490400000003,0
REDDONS DRUGS,"REDDON DRUG COMPANY, INC",25059 STATE ROUTE 11, ,HALLSTEAD,PA,SUSQUEHANNA,18822,570-879-2125,-75.742059999999995,41.965712600000003,0
DUSHORE PHARMACY,MJR LTD,218 SOUTH GERMAN STREET, ,DUSHORE,PA,SULLIVAN,18614,570-928-8010,-76.402040000000000,41.522985499999997,0
WAL-MART SUPERCENTER - 2064,WAL-MART STORES EAST LP,220 ROUTE 6 AND ROUTE 209, ,MILFORD,PA,PIKE,18337,570-491-4536,-74.733784000000000,41.349872900000001,1
WAYNE MEMORIAL HOSPITAL PHARMACY,WAYNE MEMORIAL HOSPITAL PHARMACY,601 PARK STREET, ,HONESDALE,PA,WAYNE,18431,570-253-8100,-75.260334999999998,41.576664399999999,0
LECH'S PHARMACY,PJL INC,56 MAIN STREET, ,NICHOLSON,PA,WYOMING,18446,570-942-4207,-75.780872000000002,41.626309700000000,0
JOHNSON'S PHARMACY,JOHNSONS PHARMACY OF HAZLETON,901 WEST 15TH STREET, ,HAZLETON,PA,LUZERNE,18201,570-455-5884,-75.988681000000000,40.966422100000003,0
PHARMERICA,PHARMERICA DRUG SYSTEMS INC,153 STEWART ROAD, ,WILKES BARRE,PA,LUZERNE,18706,570-821-0842,-75.922158999999994,41.213277200000000,0
CVS - 1891,HAZELTON PLAZA CVS INC,70 SOUTH LOCUST STREET,GRAND CENTRAL PLAZA,HAZLETON,PA,LUZERNE,18201,570-454-5521,-75.982270999999997,40.953927499999999,1
VALLEY PHARMACY,HEALTHY OUTCOMES INC,STATE ROUTE 309,RITTENHOUSE PLAZA,DRUMS,PA,LUZERNE,18222,570-788-4000,-75.964724000000004,41.011235800000001,0
THE MEDICINE SHOPPE PHARMACY,KARWASKI PHARMACY INC,26 DALLAS VILLAGE SHOPPING CENTER, ,DALLAS,PA,LUZERNE,18612,570-674-5577,-75.952755999999994,41.332114599999997,0
CONFIDENTIAL PHARMACY,"CONFIDENTIAL PHARMACEUTICAL SERVICES, LLC.",17 PINEDALE INDUSTRIAL ROAD,SUITE 2,ORWIGSBURG,PA,SCHUYLKILL,17961, ,-76.065352000000004,40.638618999999998,0
